event_id,user_id,stream_id,event_type,event_timestamp
1,94,1,view,2025-04-09 14:28:13
2,13,1,view,2025-04-09 14:39:35
3,5,1,view,2025-04-09 14:29:47
4,258,1,view,2025-04-09 15:45:09
5,87,1,view,2025-04-09 15:42:21
6,47,1,like,2025-04-09 14:55:29
7,204,1,view,2025-04-09 15:40:47
8,300,1,follow,2025-04-09 14:22:52
9,8,1,like,2025-04-09 14:11:26
10,119,1,like,2025-04-09 16:06:41
11,54,1,view,2025-04-09 14:14:34
12,163,1,view,2025-04-09 14:12:53
13,250,1,view,2025-04-09 14:45:00
14,2,1,like,2025-04-09 14:24:25
15,277,1,like,2025-04-09 14:46:22
16,58,1,follow,2025-04-09 15:45:40
17,255,1,view,2025-04-09 14:30:14
18,111,1,like,2025-04-09 15:10:17
19,38,1,view,2025-04-09 14:33:19
20,136,1,view,2025-04-09 14:18:32
21,101,1,view,2025-04-09 14:15:40
22,285,1,view,2025-04-09 14:45:36
23,167,1,like,2025-04-09 14:20:26
24,233,1,like,2025-04-09 15:26:10
25,170,1,follow,2025-04-09 16:01:11
26,138,1,view,2025-04-09 15:06:44
27,277,1,view,2025-04-09 15:01:25
28,199,1,view,2025-04-09 15:54:22
29,3,2,like,2025-05-03 14:30:24
30,131,2,like,2025-05-03 16:35:44
31,194,2,view,2025-05-03 14:45:16
32,60,2,follow,2025-05-03 14:10:06
33,18,2,view,2025-05-03 17:04:32
34,208,2,view,2025-05-03 16:21:25
35,227,2,view,2025-05-03 15:15:06
36,296,2,like,2025-05-03 13:52:57
37,241,2,like,2025-05-03 14:35:39
38,195,3,like,2025-08-29 18:07:43
39,194,3,view,2025-08-29 17:20:09
40,270,3,view,2025-08-29 17:55:22
41,279,3,like,2025-08-29 18:12:21
42,136,3,follow,2025-08-29 18:16:01
43,179,3,like,2025-08-29 19:21:32
44,114,3,follow,2025-08-29 17:15:53
45,271,3,view,2025-08-29 18:22:56
46,271,3,view,2025-08-29 17:36:22
47,89,3,view,2025-08-29 17:42:49
48,23,3,view,2025-08-29 18:03:27
49,220,3,view,2025-08-29 17:39:23
50,129,3,view,2025-08-29 17:25:26
51,183,3,like,2025-08-29 19:34:06
52,155,3,view,2025-08-29 18:41:49
53,141,3,view,2025-08-29 17:51:03
54,58,3,view,2025-08-29 18:38:02
55,90,3,view,2025-08-29 19:32:40
56,4,3,view,2025-08-29 17:47:02
57,251,3,like,2025-08-29 18:16:17
58,190,3,follow,2025-08-29 18:44:16
59,196,3,like,2025-08-29 17:13:49
60,103,3,view,2025-08-29 17:16:16
61,30,3,view,2025-08-29 18:00:07
62,279,3,view,2025-08-29 17:55:38
63,124,3,view,2025-08-29 18:11:12
64,269,3,follow,2025-08-29 19:26:07
65,46,3,view,2025-08-29 17:20:09
66,149,3,view,2025-08-29 18:52:52
67,227,3,view,2025-08-29 18:01:31
68,152,3,like,2025-08-29 18:10:14
69,132,3,view,2025-08-29 17:43:58
70,297,3,follow,2025-08-29 17:24:28
71,298,3,like,2025-08-29 17:20:03
72,169,4,view,2025-01-04 01:17:14
73,229,4,like,2025-01-04 01:51:36
74,213,4,like,2025-01-04 03:05:40
75,14,4,like,2025-01-04 01:18:09
76,237,4,follow,2025-01-04 02:33:37
77,224,4,view,2025-01-04 02:02:34
78,34,4,view,2025-01-04 01:52:12
79,70,4,follow,2025-01-04 02:40:41
80,5,4,like,2025-01-04 02:01:22
81,103,4,view,2025-01-04 02:11:52
82,151,4,follow,2025-01-04 02:28:04
83,199,4,view,2025-01-04 03:03:29
84,47,4,view,2025-01-04 01:55:47
85,8,5,view,2025-04-30 21:02:52
86,111,5,view,2025-04-30 22:49:57
87,103,5,view,2025-04-30 22:17:33
88,29,5,follow,2025-04-30 22:40:02
89,299,5,follow,2025-04-30 21:13:41
90,26,5,view,2025-04-30 23:36:59
91,165,5,like,2025-04-30 21:11:53
92,4,5,view,2025-04-30 21:22:42
93,267,5,view,2025-04-30 20:57:44
94,197,5,like,2025-04-30 21:26:42
95,203,5,view,2025-04-30 22:46:51
96,27,5,view,2025-04-30 21:27:29
97,195,5,follow,2025-04-30 22:45:00
98,277,5,view,2025-04-30 21:27:33
99,68,5,like,2025-04-30 20:52:59
100,192,5,view,2025-04-30 22:15:31
101,299,5,follow,2025-04-30 21:10:53
102,175,5,like,2025-04-30 21:17:04
103,285,5,like,2025-04-30 20:59:53
104,161,5,view,2025-04-30 20:50:27
105,210,5,view,2025-04-30 22:14:16
106,141,5,view,2025-04-30 21:40:15
107,150,5,view,2025-04-30 21:34:25
108,233,5,view,2025-04-30 22:25:17
109,105,5,view,2025-04-30 21:41:24
110,93,5,view,2025-04-30 22:13:11
111,26,5,follow,2025-04-30 20:50:49
112,255,5,like,2025-04-30 20:46:53
113,288,5,view,2025-04-30 21:30:44
114,114,5,follow,2025-04-30 22:06:26
115,109,5,view,2025-04-30 21:29:19
116,106,5,view,2025-04-30 21:13:27
117,49,5,view,2025-04-30 21:39:27
118,26,5,like,2025-04-30 21:16:28
119,132,5,like,2025-04-30 22:46:43
120,218,5,like,2025-04-30 20:49:47
121,22,6,view,2025-04-19 14:45:50
122,120,6,follow,2025-04-19 16:54:18
123,164,6,like,2025-04-19 16:48:26
124,79,6,view,2025-04-19 14:50:35
125,281,6,view,2025-04-19 15:13:57
126,119,6,view,2025-04-19 14:19:51
127,195,6,view,2025-04-19 14:59:06
128,115,6,like,2025-04-19 16:44:23
129,102,7,like,2025-03-29 05:36:11
130,95,7,like,2025-03-29 06:01:21
131,206,7,follow,2025-03-29 05:17:11
132,181,7,like,2025-03-29 05:30:14
133,269,7,view,2025-03-29 05:35:46
134,179,8,view,2025-02-27 04:01:30
135,103,8,follow,2025-02-27 04:31:15
136,156,8,follow,2025-02-27 06:20:41
137,46,8,view,2025-02-27 04:02:34
138,139,8,like,2025-02-27 04:55:04
139,154,8,like,2025-02-27 04:02:56
140,52,8,view,2025-02-27 03:55:58
141,78,8,view,2025-02-27 05:14:57
142,89,8,view,2025-02-27 04:40:51
143,247,8,like,2025-02-27 04:15:31
144,187,8,follow,2025-02-27 04:00:31
145,153,8,like,2025-02-27 04:11:59
146,287,8,like,2025-02-27 04:06:05
147,283,8,view,2025-02-27 04:19:55
148,202,8,view,2025-02-27 03:57:56
149,21,8,view,2025-02-27 05:12:07
150,212,8,view,2025-02-27 04:29:04
151,296,8,view,2025-02-27 05:29:23
152,192,8,like,2025-02-27 06:54:06
153,84,8,like,2025-02-27 04:16:12
154,47,8,follow,2025-02-27 03:53:42
155,246,8,view,2025-02-27 04:13:22
156,49,8,view,2025-02-27 04:23:02
157,60,8,view,2025-02-27 04:26:54
158,275,8,view,2025-02-27 04:25:08
159,240,8,like,2025-02-27 04:04:13
160,275,8,view,2025-02-27 04:01:40
161,188,8,view,2025-02-27 04:12:23
162,285,8,view,2025-02-27 04:01:42
163,274,8,view,2025-02-27 04:25:45
164,8,8,view,2025-02-27 03:54:51
165,108,9,view,2025-03-14 02:05:22
166,88,9,view,2025-03-14 01:20:48
167,218,9,like,2025-03-14 02:27:59
168,57,9,view,2025-03-14 02:20:33
169,44,9,view,2025-03-14 03:40:44
170,120,9,follow,2025-03-14 01:43:24
171,263,9,follow,2025-03-14 01:19:44
172,126,9,view,2025-03-14 01:23:13
173,51,9,like,2025-03-14 01:06:26
174,90,9,view,2025-03-14 02:25:40
175,44,9,view,2025-03-14 04:30:03
176,94,9,view,2025-03-14 01:05:28
177,209,9,follow,2025-03-14 01:04:16
178,126,9,like,2025-03-14 01:37:40
179,86,9,follow,2025-03-14 01:26:16
180,72,9,view,2025-03-14 01:16:17
181,170,9,view,2025-03-14 01:21:01
182,246,9,like,2025-03-14 01:11:15
183,169,9,follow,2025-03-14 01:21:37
184,33,9,view,2025-03-14 01:45:26
185,188,9,view,2025-03-14 02:55:05
186,179,9,follow,2025-03-14 01:47:03
187,253,9,view,2025-03-14 03:18:16
188,133,9,view,2025-03-14 04:12:11
189,28,9,follow,2025-03-14 03:10:03
190,85,9,follow,2025-03-14 01:55:26
191,263,9,like,2025-03-14 02:15:21
192,60,9,follow,2025-03-14 01:11:22
193,119,9,like,2025-03-14 01:16:17
194,235,9,view,2025-03-14 02:07:23
195,295,9,like,2025-03-14 04:09:54
196,26,9,follow,2025-03-14 02:33:22
197,203,9,like,2025-03-14 03:53:54
198,176,9,view,2025-03-14 02:46:15
199,45,9,like,2025-03-14 01:47:18
200,174,9,follow,2025-03-14 03:45:12
201,157,10,view,2025-03-12 23:28:23
202,9,10,follow,2025-03-12 23:55:48
203,244,10,like,2025-03-13 00:21:55
204,154,10,view,2025-03-12 23:45:44
205,280,10,view,2025-03-12 23:31:30
206,202,10,like,2025-03-13 01:33:03
207,17,10,view,2025-03-13 00:11:41
208,139,10,view,2025-03-13 00:13:42
209,209,10,follow,2025-03-13 01:52:47
210,124,10,like,2025-03-12 23:40:36
211,22,10,view,2025-03-12 23:50:58
212,139,10,view,2025-03-12 23:46:26
213,86,10,follow,2025-03-12 23:49:49
214,202,10,view,2025-03-13 00:34:03
215,260,10,view,2025-03-13 02:11:28
216,84,10,view,2025-03-13 00:37:48
217,1,10,view,2025-03-13 00:13:42
218,126,10,follow,2025-03-13 00:43:00
219,129,10,like,2025-03-13 01:02:02
220,52,10,like,2025-03-13 01:46:09
221,193,10,like,2025-03-12 23:43:07
222,214,10,like,2025-03-12 23:43:23
223,170,10,view,2025-03-13 00:02:11
224,186,10,like,2025-03-13 00:17:09
225,31,10,view,2025-03-13 02:24:34
226,253,10,view,2025-03-13 01:00:15
227,30,10,like,2025-03-13 03:13:47
228,286,11,view,2025-02-04 02:43:06
229,263,11,like,2025-02-04 02:23:34
230,235,11,view,2025-02-04 01:47:32
231,71,11,view,2025-02-04 01:44:17
232,97,11,view,2025-02-04 04:00:41
233,201,11,like,2025-02-04 02:22:13
234,144,11,view,2025-02-04 02:47:59
235,14,12,view,2025-07-06 08:30:14
236,44,12,like,2025-07-06 10:20:07
237,195,12,view,2025-07-06 08:52:17
238,143,12,follow,2025-07-06 07:37:30
239,295,12,view,2025-07-06 09:08:09
240,273,12,view,2025-07-06 07:34:29
241,265,12,view,2025-07-06 07:32:14
242,158,12,view,2025-07-06 09:37:32
243,160,12,like,2025-07-06 07:30:00
244,153,12,like,2025-07-06 08:04:34
245,96,12,view,2025-07-06 07:57:38
246,102,12,view,2025-07-06 08:43:01
247,207,12,view,2025-07-06 07:38:39
248,186,12,view,2025-07-06 07:59:02
249,242,12,view,2025-07-06 07:30:45
250,231,12,view,2025-07-06 09:09:41
251,82,12,view,2025-07-06 08:41:20
252,78,12,view,2025-07-06 08:28:32
253,287,12,view,2025-07-06 10:18:31
254,40,12,view,2025-07-06 08:08:52
255,203,12,follow,2025-07-06 08:34:08
256,63,12,follow,2025-07-06 08:16:47
257,7,12,follow,2025-07-06 07:24:28
258,291,12,like,2025-07-06 08:03:41
259,185,12,view,2025-07-06 07:48:37
260,281,12,like,2025-07-06 07:41:07
261,212,12,view,2025-07-06 10:29:45
262,158,12,view,2025-07-06 07:59:24
263,61,12,view,2025-07-06 09:05:40
264,175,12,view,2025-07-06 08:08:59
265,173,12,like,2025-07-06 07:40:45
266,74,12,like,2025-07-06 09:08:21
267,148,12,view,2025-07-06 07:29:56
268,34,12,like,2025-07-06 07:24:31
269,121,14,view,2025-04-16 09:21:54
270,110,14,follow,2025-04-16 08:38:34
271,68,14,like,2025-04-16 07:38:58
272,123,14,view,2025-04-16 07:40:51
273,18,14,view,2025-04-16 10:20:58
274,148,14,like,2025-04-16 07:50:02
275,141,14,follow,2025-04-16 07:42:10
276,261,14,view,2025-04-16 07:52:53
277,159,14,like,2025-04-16 07:36:04
278,292,14,view,2025-04-16 11:02:49
279,185,14,view,2025-04-16 07:32:37
280,63,14,view,2025-04-16 08:52:35
281,2,14,follow,2025-04-16 08:49:42
282,72,14,like,2025-04-16 08:01:21
283,31,14,like,2025-04-16 08:44:23
284,17,14,follow,2025-04-16 07:32:58
285,240,14,view,2025-04-16 07:40:18
286,151,14,view,2025-04-16 08:56:40
287,272,14,view,2025-04-16 08:26:41
288,285,14,view,2025-04-16 08:20:51
289,296,14,view,2025-04-16 07:32:07
290,89,14,view,2025-04-16 07:32:24
291,218,14,like,2025-04-16 07:32:24
292,141,14,like,2025-04-16 07:48:14
293,58,14,like,2025-04-16 08:17:05
294,210,14,follow,2025-04-16 08:09:18
295,29,14,like,2025-04-16 09:05:12
296,169,14,view,2025-04-16 08:32:32
297,245,14,view,2025-04-16 08:00:19
298,233,14,view,2025-04-16 10:12:28
299,98,14,view,2025-04-16 08:47:51
300,58,14,view,2025-04-16 07:46:24
301,100,14,view,2025-04-16 07:41:25
302,225,14,follow,2025-04-16 08:17:47
303,101,14,view,2025-04-16 08:36:19
304,287,14,follow,2025-04-16 10:35:16
305,12,15,like,2025-02-15 02:21:29
306,9,15,view,2025-02-14 23:11:40
307,214,15,follow,2025-02-14 23:06:43
308,276,15,like,2025-02-14 23:48:07
309,84,15,view,2025-02-15 00:25:48
310,157,15,like,2025-02-14 23:01:06
311,90,15,view,2025-02-15 00:36:36
312,16,15,view,2025-02-15 02:14:20
313,53,15,follow,2025-02-14 23:14:10
314,79,15,view,2025-02-15 00:03:56
315,43,15,follow,2025-02-15 00:31:47
316,164,15,follow,2025-02-15 01:02:06
317,66,15,like,2025-02-14 23:29:19
318,289,15,view,2025-02-14 23:52:41
319,182,15,view,2025-02-14 23:02:29
320,143,15,view,2025-02-15 01:21:19
321,197,15,view,2025-02-14 23:29:24
322,71,15,view,2025-02-14 23:00:32
323,273,16,view,2025-02-21 04:53:33
324,45,16,view,2025-02-21 06:36:19
325,105,16,like,2025-02-21 07:26:12
326,37,16,view,2025-02-21 06:18:05
327,287,16,view,2025-02-21 06:55:52
328,106,16,view,2025-02-21 04:51:51
329,182,16,view,2025-02-21 05:03:59
330,65,16,view,2025-02-21 05:19:49
331,293,16,follow,2025-02-21 06:49:49
332,35,16,follow,2025-02-21 05:04:27
333,241,16,like,2025-02-21 05:17:06
334,123,16,view,2025-02-21 07:47:09
335,242,16,view,2025-02-21 05:28:29
336,255,16,view,2025-02-21 06:34:00
337,123,16,view,2025-02-21 05:52:14
338,201,16,like,2025-02-21 05:50:59
339,20,16,view,2025-02-21 04:56:11
340,1,16,view,2025-02-21 04:57:44
341,206,16,view,2025-02-21 05:54:02
342,23,16,view,2025-02-21 06:42:45
343,22,16,view,2025-02-21 05:21:43
344,246,16,follow,2025-02-21 05:18:07
345,50,16,follow,2025-02-21 04:59:33
346,271,16,like,2025-02-21 05:31:49
347,166,16,follow,2025-02-21 05:07:11
348,196,16,view,2025-02-21 04:50:24
349,16,16,like,2025-02-21 05:13:09
350,288,16,follow,2025-02-21 07:32:08
351,276,16,like,2025-02-21 04:51:38
352,280,16,view,2025-02-21 06:09:14
353,204,16,like,2025-02-21 04:51:52
354,107,16,follow,2025-02-21 04:52:58
355,260,16,view,2025-02-21 06:54:50
356,63,16,like,2025-02-21 07:47:17
357,107,16,view,2025-02-21 06:46:56
358,45,16,view,2025-02-21 07:11:41
359,49,16,view,2025-02-21 05:14:42
360,46,17,view,2025-04-15 11:20:39
361,159,17,view,2025-04-15 12:04:00
362,253,17,view,2025-04-15 13:20:36
363,99,17,view,2025-04-15 10:43:55
364,23,17,like,2025-04-15 11:06:33
365,110,17,view,2025-04-15 12:28:28
366,295,18,follow,2025-08-05 10:28:04
367,41,18,follow,2025-08-05 09:36:23
368,31,18,like,2025-08-05 09:38:51
369,70,18,follow,2025-08-05 11:28:07
370,29,18,view,2025-08-05 10:12:44
371,227,18,view,2025-08-05 09:48:48
372,154,18,view,2025-08-05 11:05:39
373,167,18,view,2025-08-05 09:43:25
374,227,18,like,2025-08-05 10:15:08
375,243,18,follow,2025-08-05 12:20:38
376,167,18,view,2025-08-05 10:04:35
377,212,18,view,2025-08-05 09:36:12
378,119,18,follow,2025-08-05 11:07:55
379,169,18,view,2025-08-05 09:32:32
380,41,18,view,2025-08-05 10:14:32
381,19,18,view,2025-08-05 10:56:09
382,173,18,like,2025-08-05 09:39:16
383,63,18,view,2025-08-05 09:52:29
384,272,18,view,2025-08-05 09:38:51
385,266,18,view,2025-08-05 12:22:56
386,109,18,follow,2025-08-05 09:50:07
387,7,18,view,2025-08-05 10:41:32
388,61,18,view,2025-08-05 10:12:11
389,86,18,follow,2025-08-05 10:48:08
390,201,18,view,2025-08-05 09:53:49
391,15,18,follow,2025-08-05 09:54:05
392,133,19,view,2025-05-12 12:58:45
393,36,19,like,2025-05-12 10:35:52
394,201,19,view,2025-05-12 10:27:58
395,35,19,view,2025-05-12 10:21:18
396,186,19,like,2025-05-12 10:22:11
397,58,19,like,2025-05-12 12:32:08
398,262,19,follow,2025-05-12 11:32:00
399,231,19,view,2025-05-12 10:24:09
400,156,19,like,2025-05-12 11:13:10
401,89,19,view,2025-05-12 11:56:46
402,236,19,follow,2025-05-12 11:01:23
403,106,19,follow,2025-05-12 10:23:57
404,116,19,view,2025-05-12 10:46:31
405,172,20,follow,2025-07-08 11:42:11
406,98,20,view,2025-07-08 11:43:54
407,160,20,view,2025-07-08 12:52:40
408,24,20,view,2025-07-08 12:13:42
409,30,20,like,2025-07-08 12:15:31
410,46,20,view,2025-07-08 12:41:48
411,34,20,view,2025-07-08 11:42:52
412,67,20,like,2025-07-08 12:30:29
413,91,20,follow,2025-07-08 12:06:03
414,129,20,view,2025-07-08 12:30:51
415,268,20,follow,2025-07-08 12:11:17
416,128,20,view,2025-07-08 15:18:12
417,147,20,follow,2025-07-08 13:24:49
418,16,20,view,2025-07-08 12:25:07
419,113,20,follow,2025-07-08 13:25:45
420,188,20,view,2025-07-08 12:24:38
421,135,20,view,2025-07-08 11:42:54
422,51,20,follow,2025-07-08 13:23:54
423,190,20,view,2025-07-08 12:00:05
424,242,20,view,2025-07-08 12:47:24
425,57,20,like,2025-07-08 12:56:40
426,252,20,view,2025-07-08 11:54:39
427,246,21,view,2025-09-15 17:35:46
428,226,21,view,2025-09-15 17:24:03
429,35,21,view,2025-09-15 18:09:19
430,241,21,view,2025-09-15 18:23:57
431,285,21,like,2025-09-15 17:22:27
432,114,21,view,2025-09-15 19:01:37
433,289,21,view,2025-09-15 19:02:44
434,31,21,view,2025-09-15 18:31:40
435,123,21,like,2025-09-15 18:06:36
436,162,21,view,2025-09-15 17:26:56
437,245,21,view,2025-09-15 18:23:58
438,68,21,like,2025-09-15 17:35:28
439,163,21,view,2025-09-15 17:27:01
440,185,21,like,2025-09-15 17:24:06
441,244,21,view,2025-09-15 17:55:08
442,261,21,like,2025-09-15 17:25:22
443,264,21,like,2025-09-15 17:26:41
444,241,21,like,2025-09-15 17:28:48
445,120,21,like,2025-09-15 19:36:16
446,72,21,view,2025-09-15 18:59:32
447,199,21,like,2025-09-15 18:47:56
448,22,21,like,2025-09-15 19:00:25
449,94,21,view,2025-09-15 18:21:58
450,235,21,view,2025-09-15 20:37:39
451,231,21,view,2025-09-15 18:18:02
452,147,21,follow,2025-09-15 17:39:11
453,99,21,like,2025-09-15 18:02:53
454,103,21,view,2025-09-15 17:33:44
455,85,21,view,2025-09-15 17:23:05
456,120,21,view,2025-09-15 17:36:18
457,262,21,view,2025-09-15 20:42:44
458,111,22,view,2025-01-16 15:34:08
459,159,22,view,2025-01-16 17:06:42
460,116,22,view,2025-01-16 16:29:54
461,209,22,view,2025-01-16 15:25:27
462,12,22,follow,2025-01-16 16:44:08
463,83,22,follow,2025-01-16 15:58:33
464,1,22,follow,2025-01-16 15:43:30
465,133,22,view,2025-01-16 17:06:02
466,288,22,view,2025-01-16 16:47:35
467,134,22,view,2025-01-16 15:40:24
468,141,22,view,2025-01-16 15:22:23
469,268,22,follow,2025-01-16 15:23:57
470,30,22,view,2025-01-16 15:18:01
471,42,23,follow,2025-09-23 05:38:16
472,210,23,follow,2025-09-23 04:05:10
473,78,23,like,2025-09-23 04:48:10
474,209,23,view,2025-09-23 03:36:29
475,54,23,view,2025-09-23 03:39:40
476,148,23,follow,2025-09-23 04:22:34
477,71,23,like,2025-09-23 03:44:44
478,193,23,follow,2025-09-23 04:56:43
479,263,23,view,2025-09-23 04:06:34
480,125,23,like,2025-09-23 05:04:35
481,190,24,like,2025-01-25 21:57:31
482,99,24,like,2025-01-25 19:45:23
483,130,24,view,2025-01-25 21:19:19
484,131,24,view,2025-01-25 20:39:36
485,188,24,like,2025-01-25 20:45:18
486,38,24,like,2025-01-25 19:50:36
487,242,24,view,2025-01-25 20:20:53
488,5,24,view,2025-01-25 20:39:55
489,93,24,follow,2025-01-25 20:19:17
490,120,24,view,2025-01-25 19:47:09
491,278,24,view,2025-01-25 20:29:46
492,120,24,view,2025-01-25 21:11:42
493,195,24,follow,2025-01-25 21:50:00
494,187,24,like,2025-01-25 19:50:12
495,111,24,view,2025-01-25 20:47:39
496,19,24,view,2025-01-25 19:53:35
497,216,24,view,2025-01-25 19:56:15
498,299,24,like,2025-01-25 20:20:21
499,278,24,like,2025-01-25 20:22:08
500,224,24,follow,2025-01-25 19:58:58
501,247,24,like,2025-01-25 19:39:49
502,83,24,view,2025-01-25 20:25:29
503,150,24,like,2025-01-25 22:05:16
504,105,24,like,2025-01-25 20:42:53
505,101,24,like,2025-01-25 20:16:05
506,131,24,like,2025-01-25 19:39:26
507,233,24,follow,2025-01-25 22:36:50
508,24,24,like,2025-01-25 19:36:02
509,274,24,like,2025-01-25 21:14:05
510,140,24,follow,2025-01-25 19:36:12
511,3,24,view,2025-01-25 20:22:18
512,128,24,view,2025-01-25 19:36:29
513,90,24,view,2025-01-25 20:07:17
514,13,24,view,2025-01-25 19:37:49
515,102,24,view,2025-01-25 20:07:05
516,38,24,view,2025-01-25 21:10:17
517,150,24,view,2025-01-25 21:17:04
518,171,25,view,2025-02-16 20:57:57
519,84,25,view,2025-02-16 21:07:34
520,27,25,view,2025-02-16 22:06:54
521,169,25,view,2025-02-16 22:03:36
522,73,25,like,2025-02-16 21:36:24
523,27,25,follow,2025-02-16 21:37:07
524,217,25,like,2025-02-16 21:35:23
525,9,25,follow,2025-02-16 21:16:21
526,37,25,view,2025-02-16 23:04:06
527,34,25,view,2025-02-16 21:36:40
528,232,25,follow,2025-02-16 23:03:00
529,119,25,follow,2025-02-16 21:20:34
530,242,25,view,2025-02-16 22:54:00
531,7,25,view,2025-02-16 21:34:51
532,56,25,view,2025-02-16 23:48:12
533,124,25,like,2025-02-16 22:05:41
534,268,26,like,2025-03-29 17:23:10
535,30,26,like,2025-03-29 15:56:28
536,13,26,view,2025-03-29 16:27:34
537,109,26,like,2025-03-29 17:56:36
538,99,26,view,2025-03-29 16:42:47
539,160,26,view,2025-03-29 17:03:46
540,81,26,view,2025-03-29 16:00:17
541,174,26,like,2025-03-29 19:04:49
542,159,26,like,2025-03-29 16:35:38
543,157,26,view,2025-03-29 16:03:20
544,151,26,like,2025-03-29 15:58:06
545,122,26,like,2025-03-29 16:04:31
546,126,26,view,2025-03-29 15:56:41
547,165,26,like,2025-03-29 16:27:09
548,267,26,like,2025-03-29 17:31:38
549,244,26,follow,2025-03-29 17:17:25
550,39,26,view,2025-03-29 16:15:03
551,199,26,view,2025-03-29 16:58:35
552,130,26,like,2025-03-29 18:55:07
553,114,26,follow,2025-03-29 16:36:01
554,245,26,follow,2025-03-29 17:46:49
555,191,26,follow,2025-03-29 17:54:35
556,162,26,view,2025-03-29 16:06:30
557,234,26,view,2025-03-29 16:14:18
558,69,26,view,2025-03-29 16:02:04
559,33,26,like,2025-03-29 17:25:57
560,18,26,follow,2025-03-29 16:01:55
561,224,27,view,2025-04-14 10:53:16
562,202,27,like,2025-04-14 10:55:32
563,27,27,follow,2025-04-14 10:34:46
564,70,27,like,2025-04-14 10:58:57
565,37,27,follow,2025-04-14 10:52:15
566,273,27,view,2025-04-14 12:20:49
567,123,27,follow,2025-04-14 10:56:16
568,219,27,view,2025-04-14 12:02:10
569,64,27,view,2025-04-14 11:36:10
570,283,27,view,2025-04-14 10:32:59
571,198,27,view,2025-04-14 11:00:47
572,148,27,view,2025-04-14 12:36:54
573,104,27,like,2025-04-14 11:05:15
574,100,27,view,2025-04-14 12:43:57
575,263,27,view,2025-04-14 11:03:42
576,131,27,follow,2025-04-14 11:33:55
577,77,27,view,2025-04-14 13:17:54
578,161,27,like,2025-04-14 10:53:11
579,97,27,view,2025-04-14 12:24:07
580,1,27,like,2025-04-14 11:33:08
581,177,27,follow,2025-04-14 10:36:35
582,21,28,view,2025-01-28 00:19:45
583,117,28,follow,2025-01-28 01:36:17
584,137,28,view,2025-01-28 00:50:41
585,181,28,view,2025-01-28 01:01:09
586,57,28,like,2025-01-28 00:10:22
587,211,28,follow,2025-01-28 03:03:08
588,291,28,follow,2025-01-28 01:16:14
589,27,28,view,2025-01-28 03:28:19
590,78,28,view,2025-01-28 01:33:17
591,259,28,view,2025-01-28 01:38:30
592,224,28,view,2025-01-28 01:33:22
593,123,28,like,2025-01-28 01:41:22
594,29,28,follow,2025-01-28 00:33:05
595,164,28,view,2025-01-28 03:40:58
596,278,28,follow,2025-01-28 00:22:37
597,281,28,view,2025-01-28 00:55:50
598,110,29,view,2025-02-18 19:26:36
599,128,29,view,2025-02-18 17:57:04
600,168,29,follow,2025-02-18 18:00:44
601,14,29,view,2025-02-18 18:18:54
602,35,29,view,2025-02-18 19:34:50
603,102,29,like,2025-02-18 19:59:49
604,206,29,view,2025-02-18 18:58:43
605,159,29,view,2025-02-18 20:31:07
606,164,29,like,2025-02-18 19:27:50
607,160,29,like,2025-02-18 19:29:50
608,55,29,view,2025-02-18 20:15:14
609,248,29,view,2025-02-18 18:50:30
610,117,29,view,2025-02-18 18:07:52
611,278,29,like,2025-02-18 19:23:35
612,64,29,view,2025-02-18 20:28:51
613,237,29,view,2025-02-18 20:29:05
614,13,29,view,2025-02-18 18:29:25
615,48,29,view,2025-02-18 18:29:23
616,264,29,view,2025-02-18 21:17:05
617,52,29,like,2025-02-18 18:47:50
618,30,29,like,2025-02-18 18:18:41
619,222,29,like,2025-02-18 18:19:37
620,40,29,view,2025-02-18 18:21:11
621,155,29,like,2025-02-18 19:04:02
622,96,29,follow,2025-02-18 19:08:18
623,257,29,follow,2025-02-18 17:59:21
624,74,29,follow,2025-02-18 19:36:52
625,288,29,view,2025-02-18 21:30:47
626,94,29,follow,2025-02-18 17:55:34
627,186,30,view,2025-04-05 18:02:18
628,259,30,follow,2025-04-05 18:08:59
629,111,30,view,2025-04-05 19:03:33
630,287,30,view,2025-04-05 18:10:13
631,225,30,view,2025-04-05 18:08:43
632,70,30,like,2025-04-05 19:11:10
633,142,30,view,2025-04-05 18:29:06
634,263,30,view,2025-04-05 20:08:17
635,48,30,follow,2025-04-05 18:01:57
636,175,30,view,2025-04-05 21:16:10
637,122,30,view,2025-04-05 19:10:13
638,265,30,view,2025-04-05 18:48:19
639,90,30,like,2025-04-05 18:55:34
640,57,30,like,2025-04-05 20:06:40
641,111,30,like,2025-04-05 18:58:21
642,27,30,view,2025-04-05 20:09:19
643,227,30,follow,2025-04-05 18:23:59
644,36,30,like,2025-04-05 21:38:00
645,213,30,view,2025-04-05 18:22:15
646,88,30,like,2025-04-05 18:59:31
647,173,30,like,2025-04-05 19:45:04
648,126,30,view,2025-04-05 18:15:57
649,210,30,view,2025-04-05 19:24:49
650,156,30,like,2025-04-05 18:22:31
651,112,30,view,2025-04-05 18:12:01
652,99,30,view,2025-04-05 19:26:38
653,259,30,view,2025-04-05 18:25:29
654,246,30,follow,2025-04-05 20:00:31
655,249,30,view,2025-04-05 18:38:14
656,266,30,like,2025-04-05 18:32:37
657,261,30,view,2025-04-05 18:34:33
658,120,30,like,2025-04-05 18:12:25
659,197,30,view,2025-04-05 18:14:11
660,182,30,view,2025-04-05 19:56:30
661,181,30,like,2025-04-05 19:47:26
662,78,30,follow,2025-04-05 19:58:25
663,281,31,follow,2025-09-21 09:29:35
664,245,31,like,2025-09-21 10:38:42
665,206,31,view,2025-09-21 10:53:51
666,81,31,like,2025-09-21 09:30:18
667,75,31,like,2025-09-21 11:09:08
668,205,31,like,2025-09-21 10:58:25
669,293,31,view,2025-09-21 10:29:13
670,81,31,like,2025-09-21 11:19:08
671,94,31,view,2025-09-21 09:44:59
672,14,31,follow,2025-09-21 10:57:29
673,246,31,view,2025-09-21 10:36:54
674,187,31,view,2025-09-21 09:34:38
675,282,31,like,2025-09-21 10:58:00
676,245,31,view,2025-09-21 09:40:35
677,199,31,follow,2025-09-21 12:03:35
678,134,31,follow,2025-09-21 09:35:33
679,199,31,follow,2025-09-21 09:41:37
680,276,31,view,2025-09-21 09:31:35
681,148,31,view,2025-09-21 11:44:24
682,194,31,view,2025-09-21 09:30:31
683,108,31,view,2025-09-21 09:34:01
684,160,31,view,2025-09-21 09:44:12
685,224,31,like,2025-09-21 09:45:53
686,55,31,like,2025-09-21 10:06:50
687,46,31,view,2025-09-21 10:09:48
688,99,31,view,2025-09-21 09:42:00
689,198,31,like,2025-09-21 09:41:57
690,92,31,view,2025-09-21 10:03:43
691,20,31,view,2025-09-21 09:31:08
692,64,31,view,2025-09-21 09:29:36
693,87,31,view,2025-09-21 09:45:02
694,55,31,like,2025-09-21 09:42:42
695,184,31,view,2025-09-21 10:23:18
696,62,31,view,2025-09-21 11:27:52
697,201,31,view,2025-09-21 10:03:49
698,120,31,like,2025-09-21 09:32:34
699,85,32,follow,2025-05-26 07:59:26
700,180,32,view,2025-05-26 08:05:08
701,272,32,follow,2025-05-26 07:58:12
702,226,32,view,2025-05-26 07:52:49
703,225,32,like,2025-05-26 07:55:20
704,173,32,like,2025-05-26 09:37:09
705,76,32,follow,2025-05-26 08:02:11
706,288,32,view,2025-05-26 08:27:57
707,90,32,view,2025-05-26 09:33:43
708,3,32,follow,2025-05-26 09:38:33
709,264,32,view,2025-05-26 07:52:08
710,292,33,like,2025-09-13 07:41:36
711,210,33,like,2025-09-13 07:07:38
712,83,33,view,2025-09-13 06:53:35
713,138,33,follow,2025-09-13 06:59:46
714,3,33,view,2025-09-13 07:31:16
715,287,33,view,2025-09-13 06:48:09
716,294,33,view,2025-09-13 08:31:16
717,141,33,view,2025-09-13 06:24:49
718,24,33,follow,2025-09-13 06:31:23
719,43,33,view,2025-09-13 07:55:18
720,260,33,view,2025-09-13 07:38:25
721,45,33,view,2025-09-13 06:38:38
722,142,34,like,2025-02-11 18:22:05
723,223,34,follow,2025-02-11 19:30:13
724,132,34,view,2025-02-11 18:15:58
725,189,34,view,2025-02-11 17:52:16
726,154,34,like,2025-02-11 17:55:29
727,133,34,view,2025-02-11 18:41:38
728,261,34,view,2025-02-11 19:03:00
729,293,34,follow,2025-02-11 20:47:51
730,143,34,follow,2025-02-11 19:18:51
731,163,34,like,2025-02-11 19:24:21
732,243,34,like,2025-02-11 17:54:12
733,75,34,view,2025-02-11 20:56:36
734,28,34,like,2025-02-11 20:18:45
735,68,34,follow,2025-02-11 19:18:00
736,193,34,view,2025-02-11 18:59:04
737,260,34,view,2025-02-11 17:58:38
738,14,34,follow,2025-02-11 17:53:50
739,18,34,like,2025-02-11 18:22:45
740,241,34,view,2025-02-11 21:07:18
741,149,34,view,2025-02-11 19:14:09
742,70,34,like,2025-02-11 18:23:50
743,96,34,view,2025-02-11 20:07:37
744,173,34,view,2025-02-11 18:02:13
745,243,34,view,2025-02-11 21:25:38
746,133,35,view,2025-02-23 23:08:22
747,83,35,view,2025-02-24 01:39:05
748,33,35,like,2025-02-24 00:36:21
749,228,35,view,2025-02-23 22:58:26
750,241,35,like,2025-02-24 00:17:08
751,31,35,view,2025-02-24 00:36:27
752,238,35,like,2025-02-24 00:44:05
753,101,35,like,2025-02-23 23:13:38
754,62,35,view,2025-02-24 00:18:38
755,86,35,view,2025-02-23 23:29:10
756,241,35,view,2025-02-24 00:59:08
757,289,35,like,2025-02-23 23:05:14
758,255,35,view,2025-02-24 01:32:40
759,84,35,view,2025-02-23 23:04:45
760,195,35,view,2025-02-23 22:56:31
761,299,35,view,2025-02-23 23:36:49
762,281,36,follow,2025-07-25 14:43:25
763,15,36,view,2025-07-25 14:49:55
764,64,36,like,2025-07-25 15:24:09
765,190,36,view,2025-07-25 16:00:56
766,102,36,view,2025-07-25 15:09:45
767,97,36,view,2025-07-25 15:13:59
768,151,36,like,2025-07-25 15:28:41
769,33,36,view,2025-07-25 14:23:20
770,284,36,like,2025-07-25 14:29:01
771,260,36,follow,2025-07-25 14:54:15
772,122,36,like,2025-07-25 14:52:08
773,147,36,like,2025-07-25 14:28:35
774,298,36,view,2025-07-25 17:24:17
775,137,36,view,2025-07-25 14:38:38
776,45,36,like,2025-07-25 15:04:44
777,5,36,view,2025-07-25 15:18:45
778,273,36,view,2025-07-25 15:11:21
779,294,36,follow,2025-07-25 14:34:14
780,115,36,view,2025-07-25 14:29:11
781,137,36,view,2025-07-25 16:42:46
782,197,36,view,2025-07-25 15:57:13
783,35,36,view,2025-07-25 16:17:54
784,139,36,view,2025-07-25 14:42:11
785,187,36,view,2025-07-25 17:22:43
786,14,36,like,2025-07-25 14:36:35
787,273,36,view,2025-07-25 16:07:11
788,191,36,like,2025-07-25 16:01:47
789,69,36,view,2025-07-25 15:12:31
790,279,36,view,2025-07-25 14:33:05
791,78,36,like,2025-07-25 14:29:32
792,64,36,like,2025-07-25 14:43:06
793,291,36,like,2025-07-25 14:48:13
794,255,36,like,2025-07-25 15:25:15
795,8,36,view,2025-07-25 14:37:51
796,217,36,follow,2025-07-25 14:38:09
797,3,36,follow,2025-07-25 15:23:07
798,124,37,follow,2025-02-14 15:47:25
799,245,37,view,2025-02-14 17:07:58
800,172,37,view,2025-02-14 17:06:36
801,114,37,view,2025-02-14 15:35:30
802,258,37,view,2025-02-14 16:25:12
803,93,37,view,2025-02-14 15:26:53
804,43,37,follow,2025-02-14 16:52:42
805,46,37,view,2025-02-14 16:50:44
806,217,37,view,2025-02-14 16:46:23
807,263,37,view,2025-02-14 17:24:11
808,80,37,view,2025-02-14 15:42:59
809,167,37,like,2025-02-14 15:51:08
810,263,37,like,2025-02-14 15:44:48
811,24,37,follow,2025-02-14 15:38:51
812,81,37,follow,2025-02-14 18:12:52
813,30,37,view,2025-02-14 16:31:21
814,172,37,like,2025-02-14 15:23:53
815,98,37,view,2025-02-14 16:17:22
816,118,37,view,2025-02-14 16:19:21
817,133,37,view,2025-02-14 17:26:05
818,123,37,view,2025-02-14 17:29:41
819,115,37,view,2025-02-14 17:10:55
820,209,38,like,2025-07-10 07:48:34
821,148,38,view,2025-07-10 08:16:00
822,137,38,view,2025-07-10 09:00:25
823,20,38,like,2025-07-10 08:27:08
824,221,38,view,2025-07-10 07:35:34
825,37,38,view,2025-07-10 07:48:48
826,135,38,view,2025-07-10 10:21:52
827,196,38,view,2025-07-10 09:03:10
828,130,38,like,2025-07-10 07:37:02
829,254,38,view,2025-07-10 09:32:34
830,33,38,view,2025-07-10 09:39:34
831,73,38,view,2025-07-10 07:46:46
832,13,39,like,2025-09-14 07:04:15
833,24,39,follow,2025-09-14 09:29:06
834,39,39,view,2025-09-14 06:41:09
835,123,39,like,2025-09-14 06:21:19
836,138,39,like,2025-09-14 06:37:04
837,188,39,follow,2025-09-14 07:51:01
838,142,39,view,2025-09-14 06:43:40
839,92,39,view,2025-09-14 06:14:54
840,221,40,like,2025-04-30 17:51:05
841,80,40,like,2025-04-30 17:58:02
842,60,40,view,2025-04-30 17:14:26
843,48,40,view,2025-04-30 17:47:12
844,79,40,view,2025-04-30 17:01:47
845,44,40,like,2025-04-30 18:10:26
846,163,40,follow,2025-04-30 20:11:22
847,287,40,view,2025-04-30 19:27:29
848,290,40,view,2025-04-30 17:40:32
849,266,40,like,2025-04-30 17:19:50
850,173,40,view,2025-04-30 17:12:22
851,262,40,like,2025-04-30 17:47:38
852,143,40,view,2025-04-30 19:04:11
853,258,40,view,2025-04-30 16:54:00
854,95,40,view,2025-04-30 16:55:56
855,142,40,follow,2025-04-30 17:17:18
856,192,40,view,2025-04-30 18:56:56
857,262,40,like,2025-04-30 18:29:18
858,149,40,follow,2025-04-30 17:41:45
859,17,40,view,2025-04-30 17:56:59
860,165,40,view,2025-04-30 19:53:00
861,232,40,like,2025-04-30 18:24:36
862,157,40,view,2025-04-30 17:35:56
863,185,40,view,2025-04-30 19:45:29
864,120,40,like,2025-04-30 18:44:52
865,131,40,like,2025-04-30 18:26:55
866,9,40,view,2025-04-30 16:55:10
867,185,40,view,2025-04-30 16:51:17
868,269,40,follow,2025-04-30 19:49:52
869,157,40,view,2025-04-30 17:49:28
870,173,40,like,2025-04-30 17:01:41
871,96,40,view,2025-04-30 17:00:48
872,101,40,view,2025-04-30 17:53:23
873,68,40,follow,2025-04-30 18:19:24
874,225,41,view,2025-01-18 13:38:46
875,161,41,view,2025-01-18 13:25:03
876,81,41,view,2025-01-18 13:19:37
877,126,41,follow,2025-01-18 12:46:16
878,89,41,view,2025-01-18 12:55:59
879,218,41,follow,2025-01-18 12:51:39
880,192,41,view,2025-01-18 12:57:33
881,140,41,view,2025-01-18 13:50:58
882,131,41,view,2025-01-18 12:47:57
883,96,41,like,2025-01-18 12:42:46
884,191,41,view,2025-01-18 13:07:15
885,171,41,like,2025-01-18 12:43:39
886,97,41,like,2025-01-18 12:42:39
887,294,41,view,2025-01-18 13:44:32
888,51,41,follow,2025-01-18 13:29:36
889,124,41,like,2025-01-18 13:13:26
890,295,41,view,2025-01-18 14:09:11
891,19,41,like,2025-01-18 14:10:06
892,47,41,view,2025-01-18 13:44:06
893,122,41,view,2025-01-18 13:11:20
894,214,41,view,2025-01-18 14:20:26
895,117,41,view,2025-01-18 12:52:35
896,124,41,view,2025-01-18 14:36:36
897,171,41,view,2025-01-18 13:46:57
898,20,41,view,2025-01-18 14:04:12
899,241,41,view,2025-01-18 15:56:14
900,7,42,view,2025-09-25 05:52:16
901,117,42,follow,2025-09-25 06:27:08
902,241,42,view,2025-09-25 07:25:02
903,54,42,view,2025-09-25 06:39:25
904,160,42,view,2025-09-25 07:38:14
905,2,42,view,2025-09-25 05:42:29
906,95,42,view,2025-09-25 05:39:57
907,211,42,view,2025-09-25 06:41:29
908,179,42,like,2025-09-25 07:19:54
909,87,42,like,2025-09-25 05:56:43
910,253,42,view,2025-09-25 05:51:59
911,278,42,view,2025-09-25 05:54:21
912,184,42,like,2025-09-25 07:10:54
913,287,42,view,2025-09-25 06:54:06
914,44,42,follow,2025-09-25 07:20:09
915,59,42,like,2025-09-25 07:08:56
916,168,42,like,2025-09-25 06:01:43
917,59,42,view,2025-09-25 06:01:20
918,12,42,view,2025-09-25 07:17:50
919,206,42,like,2025-09-25 05:40:40
920,102,42,view,2025-09-25 08:04:26
921,185,42,view,2025-09-25 06:14:34
922,89,42,view,2025-09-25 08:51:40
923,85,42,follow,2025-09-25 07:21:41
924,30,42,view,2025-09-25 05:45:43
925,165,42,like,2025-09-25 07:28:55
926,22,42,view,2025-09-25 06:53:49
927,102,42,view,2025-09-25 06:26:32
928,90,42,view,2025-09-25 06:30:09
929,70,43,follow,2025-08-19 22:57:03
930,88,43,follow,2025-08-19 22:28:47
931,161,43,like,2025-08-19 21:24:49
932,69,43,like,2025-08-19 22:21:38
933,57,43,view,2025-08-19 20:28:20
934,155,43,like,2025-08-19 21:04:34
935,293,43,like,2025-08-19 21:10:19
936,227,43,like,2025-08-19 21:36:57
937,65,43,view,2025-08-19 21:49:03
938,230,43,follow,2025-08-19 20:54:28
939,31,43,view,2025-08-19 20:38:43
940,17,43,like,2025-08-19 22:29:30
941,76,43,view,2025-08-19 20:19:14
942,267,43,like,2025-08-19 20:09:55
943,118,43,follow,2025-08-19 20:21:31
944,233,43,follow,2025-08-19 21:14:49
945,94,43,like,2025-08-19 20:31:05
946,174,43,view,2025-08-19 20:16:45
947,173,43,view,2025-08-19 20:18:40
948,12,43,view,2025-08-19 20:42:38
949,82,43,like,2025-08-19 21:29:32
950,143,43,follow,2025-08-19 20:21:34
951,105,43,follow,2025-08-19 21:31:58
952,144,43,follow,2025-08-19 20:11:09
953,31,43,view,2025-08-19 21:27:49
954,158,43,like,2025-08-19 20:32:13
955,248,43,view,2025-08-19 20:48:50
956,278,43,follow,2025-08-19 21:01:04
957,234,43,view,2025-08-19 21:03:21
958,144,43,view,2025-08-19 21:19:20
959,69,43,view,2025-08-19 21:33:06
960,24,43,view,2025-08-19 20:16:08
961,189,44,view,2025-03-28 18:01:22
962,257,44,like,2025-03-28 16:55:23
963,183,44,view,2025-03-28 17:20:24
964,178,44,like,2025-03-28 18:31:44
965,208,44,follow,2025-03-28 17:27:34
966,79,44,view,2025-03-28 17:16:57
967,260,44,view,2025-03-28 17:45:29
968,128,44,follow,2025-03-28 18:09:44
969,49,44,view,2025-03-28 17:29:26
970,63,44,view,2025-03-28 17:30:15
971,297,44,view,2025-03-28 17:51:13
972,224,44,follow,2025-03-28 16:52:17
973,155,44,like,2025-03-28 17:10:35
974,283,44,like,2025-03-28 19:25:35
975,65,44,view,2025-03-28 17:38:10
976,49,44,view,2025-03-28 19:56:56
977,240,44,like,2025-03-28 18:45:41
978,224,44,view,2025-03-28 16:58:38
979,211,44,view,2025-03-28 17:26:33
980,163,44,follow,2025-03-28 17:35:45
981,223,44,view,2025-03-28 17:29:39
982,52,44,like,2025-03-28 17:41:02
983,98,44,like,2025-03-28 17:24:11
984,276,44,like,2025-03-28 17:21:46
985,258,44,view,2025-03-28 18:46:01
986,9,44,view,2025-03-28 17:46:10
987,20,44,like,2025-03-28 20:21:21
988,292,44,view,2025-03-28 17:10:07
989,157,45,view,2025-05-12 23:47:32
990,294,45,view,2025-05-12 21:49:27
991,191,45,follow,2025-05-12 21:21:34
992,34,45,like,2025-05-12 21:48:14
993,158,45,like,2025-05-12 21:22:26
994,52,45,follow,2025-05-12 21:24:44
995,26,45,view,2025-05-12 21:22:09
996,44,45,follow,2025-05-12 21:39:41
997,45,45,view,2025-05-12 22:12:00
998,129,45,view,2025-05-12 21:07:45
999,115,45,follow,2025-05-12 21:38:19
1000,212,45,view,2025-05-12 21:30:56
1001,5,45,like,2025-05-12 21:16:26
1002,232,46,follow,2025-08-26 01:37:53
1003,12,46,view,2025-08-25 23:38:16
1004,19,46,view,2025-08-26 00:17:00
1005,274,46,view,2025-08-25 23:54:33
1006,214,46,follow,2025-08-25 23:45:07
1007,263,46,like,2025-08-26 01:24:20
1008,300,47,follow,2025-05-02 20:54:02
1009,244,47,follow,2025-05-02 18:53:24
1010,209,47,view,2025-05-02 22:13:13
1011,109,47,like,2025-05-02 18:42:29
1012,111,47,view,2025-05-02 19:47:33
1013,286,47,view,2025-05-02 20:27:08
1014,41,47,view,2025-05-02 20:09:49
1015,5,47,like,2025-05-02 18:31:17
1016,250,47,follow,2025-05-02 19:12:10
1017,99,47,view,2025-05-02 20:20:44
1018,154,47,like,2025-05-02 20:06:23
1019,105,47,like,2025-05-02 18:55:55
1020,2,47,view,2025-05-02 19:49:59
1021,196,47,view,2025-05-02 20:07:24
1022,267,47,view,2025-05-02 19:32:17
1023,35,47,like,2025-05-02 18:32:23
1024,41,47,follow,2025-05-02 18:34:57
1025,152,47,like,2025-05-02 19:43:36
1026,84,47,like,2025-05-02 18:32:12
1027,35,47,follow,2025-05-02 18:32:31
1028,189,47,like,2025-05-02 19:18:08
1029,203,47,like,2025-05-02 20:45:58
1030,213,47,view,2025-05-02 19:02:29
1031,268,47,view,2025-05-02 19:10:03
1032,228,47,view,2025-05-02 18:43:39
1033,117,47,view,2025-05-02 18:56:22
1034,246,47,view,2025-05-02 20:12:29
1035,285,48,like,2025-06-04 22:43:31
1036,22,48,view,2025-06-05 00:31:09
1037,104,48,view,2025-06-04 22:58:38
1038,142,48,like,2025-06-04 22:49:24
1039,266,48,view,2025-06-04 22:57:36
1040,140,48,view,2025-06-05 02:17:23
1041,63,48,view,2025-06-04 22:33:06
1042,42,48,view,2025-06-04 22:39:02
1043,156,48,view,2025-06-05 01:08:37
1044,33,48,view,2025-06-04 22:55:52
1045,208,48,like,2025-06-04 23:37:40
1046,10,48,view,2025-06-05 00:11:05
1047,65,48,view,2025-06-05 00:37:49
1048,9,48,like,2025-06-04 22:31:08
1049,114,48,follow,2025-06-04 22:50:49
1050,47,48,like,2025-06-04 23:21:40
1051,266,48,view,2025-06-04 22:33:14
1052,214,48,like,2025-06-04 23:02:57
1053,124,48,like,2025-06-04 22:34:58
1054,50,48,view,2025-06-05 00:20:02
1055,30,48,view,2025-06-04 22:59:06
1056,220,48,like,2025-06-04 22:48:05
1057,111,48,like,2025-06-04 23:44:25
1058,255,48,like,2025-06-04 22:54:03
1059,224,48,view,2025-06-04 22:33:22
1060,300,48,like,2025-06-04 23:09:24
1061,141,48,view,2025-06-05 00:47:35
1062,49,48,view,2025-06-05 00:49:34
1063,175,48,view,2025-06-04 22:53:44
1064,163,48,like,2025-06-05 00:22:13
1065,150,48,view,2025-06-04 23:52:41
1066,127,48,view,2025-06-04 23:38:37
1067,124,48,view,2025-06-04 23:32:04
1068,105,49,like,2025-03-21 09:38:13
1069,66,49,view,2025-03-21 11:33:12
1070,41,49,view,2025-03-21 09:24:47
1071,133,49,view,2025-03-21 11:49:05
1072,205,49,like,2025-03-21 09:24:35
1073,50,49,view,2025-03-21 09:15:05
1074,244,49,like,2025-03-21 11:25:11
1075,215,49,view,2025-03-21 09:16:07
1076,201,49,view,2025-03-21 10:34:22
1077,101,49,like,2025-03-21 10:31:50
1078,288,49,view,2025-03-21 11:58:23
1079,207,49,view,2025-03-21 11:36:21
1080,264,49,view,2025-03-21 09:26:29
1081,73,49,view,2025-03-21 10:46:58
1082,285,49,follow,2025-03-21 09:05:50
1083,42,49,like,2025-03-21 09:47:27
1084,39,49,view,2025-03-21 11:33:19
1085,185,49,view,2025-03-21 12:34:14
1086,236,49,view,2025-03-21 09:46:13
1087,189,49,follow,2025-03-21 09:51:03
1088,280,49,view,2025-03-21 09:49:06
1089,46,49,like,2025-03-21 09:39:36
1090,109,49,follow,2025-03-21 09:46:47
1091,53,49,view,2025-03-21 09:43:05
1092,283,49,follow,2025-03-21 09:58:43
1093,169,49,view,2025-03-21 10:19:38
1094,43,49,view,2025-03-21 09:28:57
1095,7,49,view,2025-03-21 09:30:51
1096,239,49,follow,2025-03-21 09:04:35
1097,193,49,view,2025-03-21 09:00:56
1098,117,49,view,2025-03-21 09:35:22
1099,13,49,view,2025-03-21 09:28:00
1100,215,49,view,2025-03-21 11:18:28
1101,127,49,view,2025-03-21 09:39:58
1102,30,49,view,2025-03-21 10:19:11
1103,64,49,view,2025-03-21 11:42:10
1104,249,49,follow,2025-03-21 09:40:49
1105,205,49,view,2025-03-21 09:37:40
1106,137,49,view,2025-03-21 09:55:19
1107,47,50,follow,2025-09-25 15:18:04
1108,172,50,view,2025-09-25 14:40:00
1109,149,50,view,2025-09-25 14:10:38
1110,257,50,view,2025-09-25 13:50:47
1111,20,50,like,2025-09-25 13:16:17
1112,134,50,view,2025-09-25 13:56:25
1113,269,50,view,2025-09-25 13:42:57
1114,240,50,view,2025-09-25 15:16:18
1115,57,50,view,2025-09-25 15:30:47
1116,59,50,like,2025-09-25 13:32:17
1117,66,50,view,2025-09-25 12:50:50
1118,253,50,view,2025-09-25 14:12:52
1119,229,51,view,2025-06-17 08:41:45
1120,89,51,view,2025-06-17 07:09:16
1121,229,51,view,2025-06-17 06:55:45
1122,16,51,like,2025-06-17 07:01:40
1123,211,51,view,2025-06-17 09:03:45
1124,212,51,view,2025-06-17 07:51:28
1125,26,51,view,2025-06-17 08:45:39
1126,174,51,view,2025-06-17 08:00:34
1127,203,51,view,2025-06-17 07:10:42
1128,166,51,follow,2025-06-17 07:03:49
1129,221,51,view,2025-06-17 07:08:35
1130,7,51,follow,2025-06-17 06:55:04
1131,29,51,follow,2025-06-17 08:48:56
1132,251,51,view,2025-06-17 09:08:06
1133,51,51,like,2025-06-17 08:36:49
1134,162,51,like,2025-06-17 06:56:44
1135,134,51,view,2025-06-17 08:18:12
1136,256,51,view,2025-06-17 08:36:01
1137,252,51,like,2025-06-17 07:07:16
1138,53,51,view,2025-06-17 08:33:20
1139,259,51,view,2025-06-17 07:00:15
1140,241,52,follow,2025-03-27 03:26:35
1141,156,52,view,2025-03-27 00:07:32
1142,142,52,follow,2025-03-26 23:57:57
1143,243,52,view,2025-03-27 01:04:47
1144,296,52,view,2025-03-27 00:48:55
1145,152,52,like,2025-03-27 02:41:57
1146,27,52,like,2025-03-27 00:39:06
1147,121,52,view,2025-03-27 02:31:57
1148,290,52,view,2025-03-27 02:57:23
1149,221,52,like,2025-03-27 01:57:43
1150,298,52,view,2025-03-27 00:29:49
1151,274,52,view,2025-03-27 00:09:13
1152,8,52,like,2025-03-27 00:19:04
1153,31,52,view,2025-03-27 01:03:55
1154,85,52,view,2025-03-27 01:08:53
1155,196,52,like,2025-03-27 00:59:01
1156,271,52,like,2025-03-27 01:26:04
1157,73,52,view,2025-03-27 00:24:46
1158,225,52,view,2025-03-27 01:42:31
1159,79,52,view,2025-03-27 01:59:37
1160,286,52,view,2025-03-27 01:16:05
1161,10,52,follow,2025-03-27 01:11:07
1162,253,52,view,2025-03-27 00:01:22
1163,1,52,like,2025-03-27 01:11:59
1164,33,52,view,2025-03-27 00:42:11
1165,80,52,view,2025-03-27 00:15:28
1166,278,52,like,2025-03-27 00:08:14
1167,63,52,view,2025-03-27 03:36:03
1168,260,52,view,2025-03-27 00:36:17
1169,62,52,follow,2025-03-27 00:07:42
1170,158,52,view,2025-03-27 00:58:48
1171,28,52,view,2025-03-27 03:42:46
1172,50,52,view,2025-03-27 03:26:29
1173,225,52,follow,2025-03-27 02:19:38
1174,168,52,view,2025-03-27 00:32:31
1175,161,52,like,2025-03-27 01:44:24
1176,75,52,like,2025-03-27 03:01:55
1177,230,52,like,2025-03-27 00:31:33
1178,94,53,view,2025-07-16 05:55:09
1179,125,53,like,2025-07-16 05:35:19
1180,63,53,view,2025-07-16 06:22:54
1181,4,53,view,2025-07-16 06:13:52
1182,145,53,like,2025-07-16 09:00:28
1183,239,53,view,2025-07-16 07:57:19
1184,227,53,view,2025-07-16 05:32:56
1185,206,53,view,2025-07-16 06:18:52
1186,107,53,view,2025-07-16 05:29:59
1187,206,53,view,2025-07-16 05:34:03
1188,233,53,follow,2025-07-16 05:44:09
1189,210,53,view,2025-07-16 07:32:32
1190,16,53,view,2025-07-16 06:16:16
1191,124,53,like,2025-07-16 07:28:43
1192,178,53,like,2025-07-16 07:33:41
1193,186,53,view,2025-07-16 06:04:30
1194,35,53,view,2025-07-16 06:26:55
1195,150,53,view,2025-07-16 06:01:47
1196,224,53,view,2025-07-16 06:30:26
1197,97,53,follow,2025-07-16 08:24:06
1198,247,53,like,2025-07-16 06:21:37
1199,46,53,view,2025-07-16 06:00:27
1200,291,53,view,2025-07-16 07:27:31
1201,132,53,view,2025-07-16 06:05:04
1202,53,53,like,2025-07-16 06:04:02
1203,81,53,view,2025-07-16 06:28:48
1204,4,53,view,2025-07-16 07:29:56
1205,176,53,view,2025-07-16 06:57:19
1206,286,53,view,2025-07-16 05:52:46
1207,80,53,like,2025-07-16 06:25:46
1208,66,53,view,2025-07-16 06:14:04
1209,240,53,like,2025-07-16 06:35:01
1210,72,53,like,2025-07-16 05:47:06
1211,257,53,view,2025-07-16 05:34:05
1212,141,54,follow,2025-06-02 18:16:31
1213,192,55,follow,2025-02-26 02:59:58
1214,110,55,view,2025-02-26 00:56:25
1215,240,55,view,2025-02-26 00:53:08
1216,48,55,view,2025-02-25 23:35:25
1217,159,55,view,2025-02-25 23:41:22
1218,191,55,like,2025-02-26 01:17:45
1219,222,55,view,2025-02-26 00:06:48
1220,116,55,like,2025-02-25 23:24:12
1221,59,55,follow,2025-02-26 01:15:48
1222,212,55,like,2025-02-26 00:49:31
1223,215,55,view,2025-02-26 00:00:35
1224,260,55,view,2025-02-26 01:09:57
1225,129,55,view,2025-02-25 23:56:44
1226,229,55,like,2025-02-25 23:22:12
1227,262,55,view,2025-02-25 23:58:50
1228,82,55,view,2025-02-25 23:25:29
1229,41,55,view,2025-02-26 00:12:31
1230,256,55,view,2025-02-26 00:35:14
1231,276,55,view,2025-02-26 00:26:26
1232,22,55,view,2025-02-25 23:31:45
1233,107,55,view,2025-02-25 23:38:54
1234,79,55,follow,2025-02-26 01:37:45
1235,155,55,view,2025-02-25 23:22:49
1236,284,55,view,2025-02-26 00:12:07
1237,64,55,view,2025-02-25 23:15:01
1238,167,55,view,2025-02-25 23:26:15
1239,143,55,view,2025-02-26 00:14:32
1240,137,55,view,2025-02-25 23:45:36
1241,82,55,view,2025-02-26 02:41:55
1242,178,55,like,2025-02-25 23:50:19
1243,202,55,view,2025-02-26 01:47:05
1244,156,56,view,2025-05-24 09:02:45
1245,273,56,follow,2025-05-24 08:14:35
1246,52,56,view,2025-05-24 09:02:18
1247,119,56,view,2025-05-24 08:58:04
1248,5,56,follow,2025-05-24 09:05:16
1249,221,56,like,2025-05-24 10:23:41
1250,191,56,view,2025-05-24 08:39:08
1251,294,56,view,2025-05-24 08:31:10
1252,107,56,view,2025-05-24 10:23:59
1253,288,56,like,2025-05-24 09:41:25
1254,183,56,view,2025-05-24 10:41:14
1255,43,56,like,2025-05-24 07:33:42
1256,280,57,like,2025-08-26 03:00:08
1257,255,58,follow,2025-08-12 08:35:39
1258,282,58,view,2025-08-12 09:03:07
1259,19,58,view,2025-08-12 09:51:14
1260,168,58,view,2025-08-12 09:52:05
1261,133,58,like,2025-08-12 08:24:38
1262,227,58,like,2025-08-12 11:26:02
1263,106,58,view,2025-08-12 09:19:00
1264,95,58,view,2025-08-12 08:59:56
1265,204,58,view,2025-08-12 08:09:00
1266,152,58,like,2025-08-12 08:32:19
1267,76,58,like,2025-08-12 08:34:12
1268,147,58,follow,2025-08-12 08:18:41
1269,76,58,view,2025-08-12 08:16:18
1270,264,58,like,2025-08-12 08:42:49
1271,233,58,follow,2025-08-12 09:23:19
1272,288,58,like,2025-08-12 08:40:45
1273,7,58,view,2025-08-12 08:28:29
1274,165,58,follow,2025-08-12 09:00:08
1275,221,58,view,2025-08-12 08:52:40
1276,159,58,like,2025-08-12 08:07:48
1277,71,59,view,2025-08-26 01:13:14
1278,189,59,like,2025-08-26 01:04:37
1279,93,59,view,2025-08-26 01:22:26
1280,297,59,view,2025-08-26 01:56:24
1281,188,59,view,2025-08-26 00:59:54
1282,216,59,follow,2025-08-26 03:38:25
1283,135,59,view,2025-08-26 01:37:53
1284,256,59,view,2025-08-26 01:06:36
1285,133,59,view,2025-08-26 01:15:13
1286,127,59,view,2025-08-26 01:55:43
1287,101,59,view,2025-08-26 03:11:14
1288,67,59,view,2025-08-26 03:03:14
1289,256,59,view,2025-08-26 02:19:07
1290,99,59,view,2025-08-26 03:39:22
1291,218,59,view,2025-08-26 02:58:19
1292,24,59,view,2025-08-26 02:22:08
1293,44,59,view,2025-08-26 01:35:59
1294,77,60,view,2025-07-27 01:24:10
1295,50,60,follow,2025-07-27 00:52:37
1296,193,60,view,2025-07-27 00:32:45
1297,299,60,view,2025-07-27 01:43:21
1298,41,60,follow,2025-07-27 00:58:11
1299,204,60,view,2025-07-27 01:04:50
1300,11,60,view,2025-07-27 02:13:42
1301,103,60,like,2025-07-27 00:49:18
1302,61,60,follow,2025-07-27 02:17:46
1303,115,60,view,2025-07-27 00:39:21
1304,77,60,follow,2025-07-27 00:18:33
1305,287,60,view,2025-07-27 03:07:26
1306,186,60,view,2025-07-27 00:33:23
1307,54,60,view,2025-07-27 02:39:43
1308,153,60,follow,2025-07-27 01:57:01
1309,237,60,follow,2025-07-27 00:48:56
1310,176,60,follow,2025-07-27 01:26:28
1311,13,60,view,2025-07-27 00:45:27
1312,41,60,like,2025-07-27 00:35:33
1313,298,60,like,2025-07-27 00:37:44
1314,33,60,like,2025-07-27 00:34:33
1315,23,60,view,2025-07-27 00:46:34
1316,270,60,like,2025-07-27 01:11:55
1317,130,60,view,2025-07-27 00:16:02
1318,290,60,view,2025-07-27 01:24:10
1319,139,60,view,2025-07-27 00:43:32
1320,108,60,view,2025-07-27 00:22:03
1321,299,60,view,2025-07-27 00:29:57
1322,212,60,view,2025-07-27 00:12:29
1323,215,60,like,2025-07-27 00:27:37
1324,54,60,like,2025-07-27 02:22:15
1325,208,61,view,2025-08-09 21:31:00
1326,252,61,follow,2025-08-09 21:03:46
1327,207,62,like,2025-08-04 08:55:11
1328,216,62,view,2025-08-04 08:55:38
1329,123,62,like,2025-08-04 08:34:59
1330,187,62,follow,2025-08-04 08:46:02
1331,262,62,view,2025-08-04 10:39:16
1332,266,62,view,2025-08-04 08:28:41
1333,48,62,view,2025-08-04 08:50:53
1334,117,62,view,2025-08-04 08:22:30
1335,93,62,view,2025-08-04 08:20:52
1336,248,62,like,2025-08-04 11:18:31
1337,109,62,view,2025-08-04 10:10:42
1338,106,62,like,2025-08-04 08:57:10
1339,238,62,view,2025-08-04 10:27:42
1340,22,62,follow,2025-08-04 09:35:09
1341,107,62,view,2025-08-04 09:50:32
1342,108,62,view,2025-08-04 08:33:51
1343,172,62,follow,2025-08-04 10:41:19
1344,265,62,like,2025-08-04 08:59:48
1345,25,62,like,2025-08-04 09:32:44
1346,4,62,follow,2025-08-04 09:38:09
1347,216,62,view,2025-08-04 08:33:56
1348,169,62,view,2025-08-04 09:45:04
1349,35,62,like,2025-08-04 08:52:05
1350,266,62,view,2025-08-04 09:29:55
1351,76,62,view,2025-08-04 08:54:58
1352,153,62,view,2025-08-04 08:43:58
1353,9,62,view,2025-08-04 08:34:52
1354,254,62,like,2025-08-04 08:43:11
1355,62,62,view,2025-08-04 08:24:20
1356,290,62,follow,2025-08-04 08:20:35
1357,27,62,follow,2025-08-04 09:37:22
1358,239,62,view,2025-08-04 09:47:43
1359,124,63,follow,2025-04-28 07:11:17
1360,241,63,view,2025-04-28 07:29:24
1361,120,63,view,2025-04-28 07:01:26
1362,179,63,view,2025-04-28 08:41:54
1363,31,63,view,2025-04-28 08:16:25
1364,36,63,like,2025-04-28 08:38:02
1365,297,63,follow,2025-04-28 08:24:06
1366,67,63,like,2025-04-28 07:00:15
1367,5,63,view,2025-04-28 07:32:19
1368,258,63,like,2025-04-28 07:09:44
1369,118,63,view,2025-04-28 07:23:16
1370,294,63,view,2025-04-28 08:05:10
1371,226,63,like,2025-04-28 07:26:08
1372,266,63,view,2025-04-28 06:45:24
1373,10,63,view,2025-04-28 06:45:02
1374,90,64,view,2025-08-10 13:40:22
1375,18,64,view,2025-08-10 11:40:44
1376,287,64,follow,2025-08-10 11:35:27
1377,157,64,like,2025-08-10 12:04:25
1378,137,64,view,2025-08-10 12:01:25
1379,80,64,like,2025-08-10 11:59:33
1380,225,64,view,2025-08-10 12:05:17
1381,99,64,view,2025-08-10 11:41:45
1382,171,64,follow,2025-08-10 11:50:45
1383,157,64,view,2025-08-10 12:28:38
1384,80,64,view,2025-08-10 13:03:28
1385,218,64,view,2025-08-10 14:19:48
1386,91,64,view,2025-08-10 13:47:14
1387,106,64,follow,2025-08-10 12:00:51
1388,70,64,like,2025-08-10 11:48:19
1389,236,64,like,2025-08-10 12:35:41
1390,106,64,like,2025-08-10 11:35:52
1391,173,64,view,2025-08-10 13:52:09
1392,2,64,view,2025-08-10 13:22:03
1393,36,64,view,2025-08-10 11:36:15
1394,56,64,like,2025-08-10 12:44:50
1395,256,64,view,2025-08-10 12:45:27
1396,150,64,follow,2025-08-10 12:40:16
1397,178,64,like,2025-08-10 11:38:38
1398,290,64,like,2025-08-10 11:54:46
1399,23,64,like,2025-08-10 11:26:35
1400,133,64,view,2025-08-10 13:48:02
1401,300,64,view,2025-08-10 13:21:07
1402,124,64,follow,2025-08-10 12:38:05
1403,175,64,follow,2025-08-10 11:30:03
1404,157,64,view,2025-08-10 11:39:47
1405,183,64,view,2025-08-10 13:54:47
1406,52,64,follow,2025-08-10 12:18:05
1407,166,64,view,2025-08-10 12:01:12
1408,45,64,view,2025-08-10 12:16:57
1409,44,64,view,2025-08-10 13:08:03
1410,295,64,view,2025-08-10 12:08:26
1411,174,64,like,2025-08-10 11:57:36
1412,85,64,like,2025-08-10 14:15:39
1413,262,65,like,2025-02-20 15:41:06
1414,57,65,view,2025-02-20 16:04:07
1415,124,65,like,2025-02-20 16:26:44
1416,244,65,like,2025-02-20 15:54:22
1417,215,65,view,2025-02-20 17:55:01
1418,85,65,follow,2025-02-20 15:22:56
1419,45,65,follow,2025-02-20 15:22:00
1420,74,65,view,2025-02-20 15:26:51
1421,95,65,view,2025-02-20 15:37:21
1422,56,65,view,2025-02-20 16:50:18
1423,210,65,like,2025-02-20 15:58:59
1424,152,65,view,2025-02-20 15:40:34
1425,230,65,view,2025-02-20 15:46:59
1426,93,65,view,2025-02-20 15:37:16
1427,70,65,like,2025-02-20 16:45:04
1428,123,65,follow,2025-02-20 16:07:04
1429,45,65,like,2025-02-20 16:46:38
1430,234,65,view,2025-02-20 18:40:30
1431,275,65,like,2025-02-20 15:48:41
1432,131,65,view,2025-02-20 15:43:11
1433,169,65,view,2025-02-20 16:12:13
1434,276,65,view,2025-02-20 15:20:01
1435,216,65,view,2025-02-20 16:27:34
1436,29,65,like,2025-02-20 15:35:15
1437,64,65,view,2025-02-20 16:04:01
1438,79,65,view,2025-02-20 17:21:20
1439,23,65,view,2025-02-20 15:58:06
1440,263,65,view,2025-02-20 15:42:01
1441,29,65,like,2025-02-20 16:51:15
1442,207,65,follow,2025-02-20 16:53:49
1443,284,65,view,2025-02-20 16:55:34
1444,141,65,follow,2025-02-20 15:21:23
1445,157,65,like,2025-02-20 15:39:42
1446,221,66,follow,2025-07-24 22:56:05
1447,271,66,like,2025-07-25 00:11:02
1448,93,66,like,2025-07-25 00:11:29
1449,47,66,view,2025-07-24 23:12:24
1450,72,66,like,2025-07-25 00:56:07
1451,1,66,view,2025-07-24 22:58:55
1452,6,66,follow,2025-07-25 00:00:05
1453,79,66,follow,2025-07-25 00:07:56
1454,77,66,follow,2025-07-24 23:31:24
1455,295,66,follow,2025-07-25 00:00:47
1456,143,66,like,2025-07-24 22:57:22
1457,162,66,like,2025-07-25 00:11:43
1458,18,67,view,2025-08-05 18:34:07
1459,231,67,view,2025-08-05 18:10:41
1460,4,67,like,2025-08-05 19:48:12
1461,282,67,view,2025-08-05 17:35:10
1462,245,67,view,2025-08-05 19:23:12
1463,291,67,view,2025-08-05 17:45:38
1464,24,67,view,2025-08-05 18:08:11
1465,40,67,view,2025-08-05 17:54:01
1466,165,67,like,2025-08-05 17:52:23
1467,230,67,view,2025-08-05 17:55:54
1468,276,67,view,2025-08-05 20:07:06
1469,297,67,like,2025-08-05 18:46:58
1470,277,67,follow,2025-08-05 18:40:58
1471,112,67,view,2025-08-05 19:32:13
1472,212,67,view,2025-08-05 18:09:21
1473,65,67,like,2025-08-05 19:29:56
1474,107,67,view,2025-08-05 17:49:41
1475,114,67,view,2025-08-05 17:37:45
1476,141,67,view,2025-08-05 17:42:16
1477,271,67,like,2025-08-05 18:15:36
1478,288,67,like,2025-08-05 18:56:07
1479,154,67,like,2025-08-05 20:11:17
1480,87,67,view,2025-08-05 18:36:35
1481,147,67,view,2025-08-05 17:40:02
1482,239,67,view,2025-08-05 19:02:41
1483,260,67,follow,2025-08-05 17:42:06
1484,251,67,view,2025-08-05 18:22:33
1485,139,67,like,2025-08-05 18:58:00
1486,57,67,like,2025-08-05 17:35:25
1487,181,67,view,2025-08-05 19:09:56
1488,58,67,view,2025-08-05 19:06:52
1489,157,68,follow,2025-07-29 19:04:08
1490,12,68,view,2025-07-29 19:09:20
1491,278,68,view,2025-07-29 20:17:49
1492,257,68,view,2025-07-29 18:52:12
1493,111,68,view,2025-07-29 20:05:09
1494,170,68,view,2025-07-29 18:55:37
1495,274,68,view,2025-07-29 19:41:22
1496,296,68,like,2025-07-29 20:36:34
1497,132,68,follow,2025-07-29 22:36:18
1498,10,68,view,2025-07-29 19:48:59
1499,152,68,view,2025-07-29 18:54:21
1500,26,68,view,2025-07-29 19:08:10
1501,283,68,like,2025-07-29 21:16:36
1502,235,68,view,2025-07-29 19:12:25
1503,37,68,view,2025-07-29 20:01:42
1504,51,68,like,2025-07-29 18:57:27
1505,235,68,view,2025-07-29 20:40:37
1506,92,68,follow,2025-07-29 21:17:32
1507,141,68,follow,2025-07-29 20:25:00
1508,243,68,view,2025-07-29 20:00:38
1509,287,68,view,2025-07-29 19:46:30
1510,278,69,view,2025-04-05 00:05:25
1511,176,70,view,2025-01-06 14:37:00
1512,152,70,view,2025-01-06 14:35:25
1513,48,70,like,2025-01-06 17:23:53
1514,68,70,view,2025-01-06 14:26:34
1515,90,70,follow,2025-01-06 14:10:33
1516,14,70,view,2025-01-06 15:48:40
1517,10,70,view,2025-01-06 14:23:51
1518,122,70,view,2025-01-06 14:49:16
1519,231,70,like,2025-01-06 14:14:15
1520,118,70,view,2025-01-06 14:16:59
1521,51,70,view,2025-01-06 15:28:57
1522,167,70,view,2025-01-06 14:52:15
1523,84,70,view,2025-01-06 15:58:59
1524,81,70,follow,2025-01-06 15:01:04
1525,230,70,view,2025-01-06 14:45:40
1526,50,70,view,2025-01-06 15:25:44
1527,54,70,like,2025-01-06 14:17:20
1528,190,70,view,2025-01-06 14:44:10
1529,212,70,view,2025-01-06 15:13:38
1530,71,70,view,2025-01-06 16:04:43
1531,96,70,like,2025-01-06 14:48:25
1532,49,70,like,2025-01-06 16:52:57
1533,82,70,view,2025-01-06 14:59:59
1534,122,70,like,2025-01-06 14:39:33
1535,201,70,view,2025-01-06 16:17:18
1536,224,70,view,2025-01-06 14:48:11
1537,117,70,view,2025-01-06 14:54:20
1538,37,70,view,2025-01-06 14:25:13
1539,237,71,view,2025-02-24 03:31:17
1540,207,71,view,2025-02-24 01:43:06
1541,267,71,view,2025-02-24 01:48:58
1542,270,71,view,2025-02-24 01:57:49
1543,177,71,view,2025-02-24 02:07:44
1544,184,71,view,2025-02-24 04:12:36
1545,278,71,follow,2025-02-24 01:50:52
1546,3,71,view,2025-02-24 02:28:33
1547,257,71,like,2025-02-24 01:24:33
1548,154,71,like,2025-02-24 01:28:31
1549,56,71,like,2025-02-24 01:29:58
1550,225,72,like,2025-03-24 07:18:44
1551,232,72,view,2025-03-24 07:56:36
1552,81,72,like,2025-03-24 10:20:16
1553,238,72,view,2025-03-24 08:34:27
1554,273,72,view,2025-03-24 07:19:11
1555,175,72,view,2025-03-24 08:51:45
1556,35,72,view,2025-03-24 07:36:18
1557,3,72,follow,2025-03-24 09:10:29
1558,58,72,view,2025-03-24 10:34:40
1559,47,72,view,2025-03-24 07:49:28
1560,7,72,follow,2025-03-24 07:29:09
1561,273,72,like,2025-03-24 10:08:13
1562,121,72,view,2025-03-24 07:46:44
1563,167,72,like,2025-03-24 07:17:00
1564,266,72,follow,2025-03-24 08:51:15
1565,291,72,like,2025-03-24 08:01:38
1566,5,72,follow,2025-03-24 07:22:29
1567,120,72,view,2025-03-24 07:28:22
1568,175,72,view,2025-03-24 07:24:43
1569,223,72,like,2025-03-24 07:51:27
1570,255,72,view,2025-03-24 08:04:23
1571,267,72,view,2025-03-24 07:18:12
1572,212,72,view,2025-03-24 08:07:18
1573,119,72,follow,2025-03-24 07:22:05
1574,174,72,like,2025-03-24 09:02:22
1575,118,72,view,2025-03-24 08:33:53
1576,47,73,view,2025-02-21 20:58:44
1577,278,73,view,2025-02-21 21:28:19
1578,45,73,like,2025-02-22 00:04:35
1579,17,73,like,2025-02-21 20:57:38
1580,271,74,like,2025-04-15 18:01:37
1581,216,74,view,2025-04-15 17:51:53
1582,177,74,like,2025-04-15 17:42:25
1583,235,74,view,2025-04-15 17:49:52
1584,261,74,follow,2025-04-15 17:27:19
1585,155,74,view,2025-04-15 17:56:07
1586,247,74,like,2025-04-15 18:38:05
1587,297,74,view,2025-04-15 19:50:08
1588,65,76,view,2025-08-22 07:42:45
1589,68,76,view,2025-08-22 07:44:23
1590,254,76,like,2025-08-22 07:39:21
1591,133,76,follow,2025-08-22 08:31:06
1592,106,76,follow,2025-08-22 07:39:16
1593,134,76,follow,2025-08-22 08:45:29
1594,167,76,view,2025-08-22 08:07:13
1595,185,76,view,2025-08-22 08:23:10
1596,10,76,view,2025-08-22 09:33:14
1597,253,76,like,2025-08-22 07:39:42
1598,120,76,view,2025-08-22 07:55:02
1599,106,76,view,2025-08-22 09:51:08
1600,63,76,like,2025-08-22 08:40:51
1601,61,76,view,2025-08-22 07:41:39
1602,278,76,like,2025-08-22 08:30:44
1603,194,76,like,2025-08-22 07:57:43
1604,9,76,follow,2025-08-22 08:18:06
1605,153,76,view,2025-08-22 07:42:52
1606,228,76,view,2025-08-22 07:54:46
1607,289,76,follow,2025-08-22 11:22:35
1608,196,76,view,2025-08-22 08:05:52
1609,208,76,like,2025-08-22 08:10:36
1610,214,76,view,2025-08-22 07:56:12
1611,211,76,follow,2025-08-22 07:53:25
1612,272,76,view,2025-08-22 07:50:02
1613,143,76,like,2025-08-22 07:48:37
1614,108,76,view,2025-08-22 08:51:56
1615,106,76,view,2025-08-22 07:51:33
1616,201,76,view,2025-08-22 07:54:56
1617,164,76,view,2025-08-22 08:02:53
1618,33,76,view,2025-08-22 10:03:35
1619,14,76,like,2025-08-22 08:04:35
1620,290,76,view,2025-08-22 08:00:52
1621,190,76,like,2025-08-22 08:42:46
1622,272,77,like,2025-07-20 19:33:28
1623,203,77,like,2025-07-20 20:37:56
1624,277,77,view,2025-07-20 21:51:39
1625,276,77,follow,2025-07-20 21:58:07
1626,23,77,view,2025-07-20 19:10:19
1627,85,77,view,2025-07-20 20:31:08
1628,119,77,view,2025-07-20 20:29:04
1629,114,77,view,2025-07-20 19:02:03
1630,219,77,view,2025-07-20 20:18:52
1631,155,77,like,2025-07-20 20:31:36
1632,136,77,follow,2025-07-20 21:45:06
1633,254,77,view,2025-07-20 18:54:08
1634,255,77,view,2025-07-20 19:50:43
1635,241,77,follow,2025-07-20 19:18:43
1636,158,77,view,2025-07-20 18:56:45
1637,248,77,view,2025-07-20 18:44:47
1638,225,77,view,2025-07-20 19:29:54
1639,257,77,view,2025-07-20 19:54:45
1640,199,77,view,2025-07-20 19:18:51
1641,10,77,view,2025-07-20 21:15:08
1642,188,77,view,2025-07-20 19:02:54
1643,164,77,view,2025-07-20 19:38:39
1644,3,77,view,2025-07-20 18:51:26
1645,189,77,view,2025-07-20 19:09:39
1646,198,77,like,2025-07-20 19:12:22
1647,295,77,like,2025-07-20 18:53:32
1648,121,78,like,2025-07-02 23:17:41
1649,74,78,like,2025-07-02 23:30:58
1650,158,78,like,2025-07-03 00:09:38
1651,251,78,like,2025-07-03 00:04:06
1652,189,78,like,2025-07-02 23:31:35
1653,120,78,view,2025-07-02 23:45:51
1654,92,78,like,2025-07-03 00:54:11
1655,60,78,follow,2025-07-02 23:44:48
1656,39,78,follow,2025-07-03 00:21:48
1657,131,78,view,2025-07-02 23:32:07
1658,52,78,follow,2025-07-03 00:19:59
1659,115,78,view,2025-07-02 23:23:29
1660,189,78,view,2025-07-02 23:33:21
1661,65,78,view,2025-07-02 23:26:57
1662,104,78,follow,2025-07-03 01:28:35
1663,78,78,view,2025-07-02 23:45:34
1664,240,78,view,2025-07-02 23:13:42
1665,135,78,like,2025-07-03 00:16:48
1666,146,78,view,2025-07-02 23:41:48
1667,26,78,view,2025-07-02 23:35:16
1668,71,78,like,2025-07-03 01:32:38
1669,236,78,view,2025-07-02 23:44:52
1670,73,78,follow,2025-07-03 00:01:48
1671,276,78,view,2025-07-02 23:54:57
1672,27,78,view,2025-07-03 00:16:06
1673,118,78,view,2025-07-02 23:47:30
1674,80,78,view,2025-07-02 23:28:16
1675,127,78,view,2025-07-03 01:25:43
1676,231,78,view,2025-07-02 23:19:55
1677,234,78,view,2025-07-03 00:23:27
1678,93,78,view,2025-07-02 23:23:14
1679,207,78,like,2025-07-02 23:19:22
1680,248,78,follow,2025-07-02 23:15:00
1681,43,78,view,2025-07-02 23:34:39
1682,54,78,view,2025-07-02 23:28:50
1683,166,78,view,2025-07-02 23:35:03
1684,199,78,view,2025-07-03 00:49:40
1685,265,79,like,2025-05-21 14:30:57
1686,51,79,like,2025-05-21 15:13:18
1687,168,80,like,2025-01-07 02:55:24
1688,45,80,view,2025-01-07 03:11:33
1689,173,80,view,2025-01-07 02:52:16
1690,285,80,view,2025-01-07 03:00:46
1691,181,80,view,2025-01-07 03:16:30
1692,251,80,view,2025-01-07 02:58:52
1693,67,80,view,2025-01-07 02:49:26
1694,6,80,view,2025-01-07 02:44:53
1695,135,80,view,2025-01-07 03:56:22
1696,58,80,view,2025-01-07 03:11:17
1697,123,80,view,2025-01-07 02:45:50
1698,101,80,follow,2025-01-07 04:39:17
1699,260,80,view,2025-01-07 02:54:16
1700,52,80,like,2025-01-07 02:56:24
1701,26,80,view,2025-01-07 02:47:52
1702,129,80,like,2025-01-07 04:27:38
1703,205,80,view,2025-01-07 03:49:16
1704,298,80,view,2025-01-07 03:49:23
1705,290,80,view,2025-01-07 04:41:01
1706,189,80,view,2025-01-07 04:42:53
1707,296,80,like,2025-01-07 04:06:29
1708,217,80,like,2025-01-07 02:47:48
1709,165,80,view,2025-01-07 04:53:29
1710,77,80,view,2025-01-07 02:52:53
1711,161,80,follow,2025-01-07 05:00:20
1712,240,80,view,2025-01-07 05:36:11
1713,148,80,view,2025-01-07 02:52:58
1714,262,80,follow,2025-01-07 02:53:19
1715,198,81,view,2025-06-30 23:23:48
1716,183,81,view,2025-06-30 21:42:01
1717,155,81,view,2025-07-01 00:12:56
1718,127,81,like,2025-06-30 21:17:07
1719,13,81,view,2025-06-30 21:12:31
1720,227,81,view,2025-06-30 21:48:05
1721,194,81,follow,2025-06-30 21:38:44
1722,46,81,like,2025-06-30 23:13:02
1723,53,81,like,2025-06-30 21:14:48
1724,132,81,view,2025-06-30 21:15:59
1725,294,81,view,2025-06-30 23:13:35
1726,284,81,view,2025-06-30 23:02:21
1727,10,81,view,2025-06-30 22:43:27
1728,17,81,view,2025-06-30 21:14:42
1729,2,82,view,2025-04-25 11:51:16
1730,45,82,like,2025-04-25 11:08:17
1731,281,82,view,2025-04-25 11:51:48
1732,83,82,view,2025-04-25 11:16:20
1733,192,82,like,2025-04-25 12:47:00
1734,53,82,like,2025-04-25 13:52:25
1735,23,82,view,2025-04-25 11:09:31
1736,267,82,like,2025-04-25 11:07:53
1737,76,82,view,2025-04-25 11:08:52
1738,46,82,view,2025-04-25 11:47:54
1739,45,82,follow,2025-04-25 12:06:15
1740,211,82,view,2025-04-25 11:22:37
1741,298,82,view,2025-04-25 12:41:02
1742,61,82,follow,2025-04-25 11:22:00
1743,226,82,like,2025-04-25 11:31:42
1744,295,82,follow,2025-04-25 11:27:47
1745,170,82,view,2025-04-25 11:43:44
1746,24,82,follow,2025-04-25 14:02:16
1747,111,82,follow,2025-04-25 11:41:52
1748,54,82,like,2025-04-25 11:22:50
1749,194,82,view,2025-04-25 12:10:09
1750,165,82,follow,2025-04-25 11:50:17
1751,277,82,view,2025-04-25 11:42:03
1752,277,82,like,2025-04-25 11:37:52
1753,154,82,view,2025-04-25 12:03:36
1754,142,83,view,2025-09-27 09:53:00
1755,277,83,view,2025-09-27 08:09:09
1756,152,83,like,2025-09-27 08:47:49
1757,195,83,view,2025-09-27 08:07:28
1758,31,83,view,2025-09-27 08:39:56
1759,44,83,view,2025-09-27 08:14:48
1760,165,83,like,2025-09-27 08:10:13
1761,220,83,like,2025-09-27 09:47:35
1762,107,83,view,2025-09-27 08:48:11
1763,242,83,view,2025-09-27 08:19:22
1764,59,83,follow,2025-09-27 10:17:47
1765,239,83,view,2025-09-27 08:15:46
1766,283,83,like,2025-09-27 08:04:18
1767,180,83,view,2025-09-27 08:03:36
1768,261,83,like,2025-09-27 08:17:53
1769,190,83,follow,2025-09-27 08:31:35
1770,124,83,follow,2025-09-27 08:58:06
1771,59,83,like,2025-09-27 08:41:26
1772,137,83,follow,2025-09-27 09:12:17
1773,115,83,view,2025-09-27 07:59:46
1774,190,83,view,2025-09-27 09:13:59
1775,293,83,view,2025-09-27 09:10:59
1776,223,83,view,2025-09-27 10:17:37
1777,36,83,view,2025-09-27 08:10:25
1778,75,83,view,2025-09-27 08:15:03
1779,133,83,follow,2025-09-27 08:59:06
1780,32,83,like,2025-09-27 08:01:18
1781,174,83,view,2025-09-27 09:08:27
1782,54,83,view,2025-09-27 08:10:28
1783,39,83,view,2025-09-27 10:15:11
1784,238,83,view,2025-09-27 09:04:28
1785,142,83,like,2025-09-27 08:12:35
1786,126,83,view,2025-09-27 08:05:30
1787,218,83,view,2025-09-27 09:21:17
1788,270,83,like,2025-09-27 09:37:51
1789,168,83,follow,2025-09-27 07:58:48
1790,298,84,view,2025-08-25 07:59:56
1791,97,84,view,2025-08-25 10:59:47
1792,257,84,view,2025-08-25 07:45:03
1793,296,84,view,2025-08-25 08:39:49
1794,164,84,like,2025-08-25 10:03:26
1795,266,84,follow,2025-08-25 07:52:02
1796,190,84,view,2025-08-25 11:19:01
1797,182,84,like,2025-08-25 08:34:26
1798,240,84,follow,2025-08-25 10:34:54
1799,286,84,view,2025-08-25 08:06:13
1800,167,84,like,2025-08-25 09:40:23
1801,103,84,like,2025-08-25 08:48:51
1802,31,84,view,2025-08-25 07:45:14
1803,168,84,like,2025-08-25 08:04:13
1804,90,84,view,2025-08-25 08:36:08
1805,36,84,like,2025-08-25 08:40:38
1806,226,84,follow,2025-08-25 09:48:47
1807,284,84,like,2025-08-25 08:54:52
1808,246,84,view,2025-08-25 07:57:11
1809,272,84,follow,2025-08-25 07:54:47
1810,208,84,view,2025-08-25 07:49:01
1811,209,84,follow,2025-08-25 08:20:41
1812,24,84,view,2025-08-25 10:13:17
1813,134,84,view,2025-08-25 08:40:41
1814,238,84,view,2025-08-25 09:20:25
1815,168,84,follow,2025-08-25 08:54:13
1816,144,84,view,2025-08-25 08:00:39
1817,68,84,view,2025-08-25 10:12:55
1818,100,84,view,2025-08-25 09:17:57
1819,178,84,view,2025-08-25 09:22:37
1820,154,84,view,2025-08-25 09:41:21
1821,163,84,view,2025-08-25 08:16:00
1822,252,84,like,2025-08-25 09:09:55
1823,170,84,view,2025-08-25 08:13:40
1824,299,84,like,2025-08-25 09:19:48
1825,220,85,view,2025-02-05 23:17:21
1826,58,85,view,2025-02-05 23:25:39
1827,95,85,like,2025-02-05 23:55:42
1828,175,85,follow,2025-02-06 00:07:37
1829,120,85,follow,2025-02-06 00:12:44
1830,94,85,like,2025-02-05 23:25:20
1831,297,85,view,2025-02-06 00:14:15
1832,38,85,view,2025-02-06 01:20:19
1833,279,85,view,2025-02-06 00:46:38
1834,187,85,view,2025-02-05 23:56:37
1835,38,85,follow,2025-02-05 23:19:16
1836,33,85,view,2025-02-06 00:47:31
1837,191,85,view,2025-02-06 01:20:54
1838,11,85,view,2025-02-05 23:14:24
1839,261,85,follow,2025-02-05 23:31:12
1840,234,85,view,2025-02-05 23:35:11
1841,67,85,follow,2025-02-05 23:31:13
1842,147,85,like,2025-02-06 00:19:05
1843,161,85,view,2025-02-05 23:24:27
1844,298,85,view,2025-02-05 23:43:02
1845,141,85,view,2025-02-05 23:13:57
1846,220,85,follow,2025-02-06 00:25:54
1847,296,85,view,2025-02-06 00:21:13
1848,39,85,like,2025-02-06 00:02:32
1849,80,85,view,2025-02-06 00:34:33
1850,41,85,like,2025-02-05 23:38:51
1851,105,85,like,2025-02-05 23:30:56
1852,157,85,view,2025-02-05 23:08:56
1853,112,85,view,2025-02-05 23:43:24
1854,262,85,like,2025-02-05 23:29:48
1855,255,85,like,2025-02-05 23:21:01
1856,243,85,like,2025-02-05 23:59:02
1857,286,85,like,2025-02-05 23:12:48
1858,259,85,view,2025-02-05 23:17:27
1859,297,85,view,2025-02-06 00:40:25
1860,146,85,follow,2025-02-05 23:50:32
1861,194,85,like,2025-02-05 23:20:22
1862,103,85,view,2025-02-05 23:14:42
1863,84,85,view,2025-02-06 01:23:35
1864,12,86,view,2025-04-26 06:04:20
1865,58,86,like,2025-04-26 07:18:33
1866,91,86,follow,2025-04-26 05:23:00
1867,251,86,view,2025-04-26 05:30:59
1868,244,86,view,2025-04-26 05:26:54
1869,208,86,like,2025-04-26 05:40:01
1870,298,86,view,2025-04-26 05:49:25
1871,234,86,like,2025-04-26 05:46:09
1872,247,86,like,2025-04-26 05:42:06
1873,219,86,view,2025-04-26 06:40:10
1874,23,86,like,2025-04-26 06:09:54
1875,285,86,view,2025-04-26 06:24:35
1876,253,86,view,2025-04-26 05:36:32
1877,75,86,follow,2025-04-26 06:32:00
1878,8,86,follow,2025-04-26 07:32:09
1879,299,86,view,2025-04-26 06:13:28
1880,222,86,like,2025-04-26 07:46:51
1881,111,86,view,2025-04-26 05:19:44
1882,238,86,like,2025-04-26 05:46:05
1883,66,86,like,2025-04-26 05:20:46
1884,116,86,view,2025-04-26 05:24:05
1885,211,86,view,2025-04-26 08:02:19
1886,284,86,view,2025-04-26 06:28:48
1887,277,86,view,2025-04-26 06:22:35
1888,95,87,follow,2025-07-31 17:33:01
1889,227,87,like,2025-07-31 17:28:08
1890,248,87,view,2025-07-31 17:53:25
1891,48,87,view,2025-07-31 17:52:38
1892,240,87,view,2025-07-31 17:57:44
1893,75,87,view,2025-07-31 19:10:43
1894,106,87,like,2025-07-31 18:25:56
1895,124,87,view,2025-07-31 17:59:13
1896,255,87,view,2025-07-31 17:04:25
1897,205,87,view,2025-07-31 18:02:26
1898,223,87,view,2025-07-31 19:11:01
1899,253,87,view,2025-07-31 17:05:48
1900,179,87,view,2025-07-31 18:17:04
1901,85,87,view,2025-07-31 17:06:55
1902,106,87,follow,2025-07-31 17:23:27
1903,47,87,view,2025-07-31 17:41:46
1904,140,87,view,2025-07-31 19:22:07
1905,90,87,view,2025-07-31 18:26:13
1906,228,87,follow,2025-07-31 18:06:15
1907,57,87,like,2025-07-31 17:25:07
1908,6,87,view,2025-07-31 19:46:06
1909,281,87,like,2025-07-31 17:44:49
1910,93,87,like,2025-07-31 20:34:51
1911,271,87,view,2025-07-31 17:30:41
1912,44,87,view,2025-07-31 17:43:42
1913,272,87,view,2025-07-31 17:07:44
1914,262,88,follow,2025-03-06 17:11:10
1915,271,88,like,2025-03-06 17:14:45
1916,193,88,view,2025-03-06 18:10:10
1917,272,88,view,2025-03-06 20:07:33
1918,87,88,follow,2025-03-06 18:59:52
1919,83,88,like,2025-03-06 17:08:05
1920,188,88,view,2025-03-06 19:38:23
1921,67,88,view,2025-03-06 17:10:26
1922,29,88,follow,2025-03-06 17:18:37
1923,136,88,view,2025-03-06 17:11:21
1924,109,88,view,2025-03-06 17:48:15
1925,259,88,view,2025-03-06 17:23:08
1926,228,88,view,2025-03-06 17:35:51
1927,262,88,view,2025-03-06 17:25:11
1928,254,88,view,2025-03-06 17:23:08
1929,290,88,view,2025-03-06 19:29:17
1930,88,88,view,2025-03-06 17:27:19
1931,113,88,view,2025-03-06 17:58:57
1932,13,88,follow,2025-03-06 17:14:40
1933,189,88,view,2025-03-06 18:44:16
1934,185,88,like,2025-03-06 18:23:34
1935,181,88,like,2025-03-06 18:10:31
1936,208,88,view,2025-03-06 18:16:56
1937,116,88,view,2025-03-06 17:07:35
1938,280,88,view,2025-03-06 17:16:39
1939,4,88,view,2025-03-06 18:15:39
1940,286,88,like,2025-03-06 17:25:20
1941,80,88,view,2025-03-06 17:40:50
1942,106,88,view,2025-03-06 17:21:13
1943,187,89,like,2025-04-28 09:45:11
1944,138,89,like,2025-04-28 09:45:22
1945,58,89,view,2025-04-28 12:05:52
1946,241,89,like,2025-04-28 11:03:11
1947,285,89,view,2025-04-28 11:45:56
1948,88,89,view,2025-04-28 12:00:05
1949,156,89,follow,2025-04-28 09:59:21
1950,205,89,view,2025-04-28 09:49:57
1951,131,89,follow,2025-04-28 09:46:19
1952,277,89,view,2025-04-28 10:37:25
1953,202,89,view,2025-04-28 13:23:32
1954,294,89,like,2025-04-28 10:20:06
1955,205,89,like,2025-04-28 12:00:23
1956,261,89,view,2025-04-28 10:43:05
1957,254,89,follow,2025-04-28 10:27:24
1958,174,89,like,2025-04-28 10:59:30
1959,40,89,like,2025-04-28 11:11:19
1960,93,89,view,2025-04-28 12:05:46
1961,228,89,view,2025-04-28 10:43:49
1962,180,89,view,2025-04-28 09:52:32
1963,147,89,follow,2025-04-28 10:46:15
1964,77,89,follow,2025-04-28 09:49:16
1965,211,89,view,2025-04-28 10:19:01
1966,264,89,like,2025-04-28 10:34:56
1967,231,89,view,2025-04-28 12:12:52
1968,6,89,view,2025-04-28 09:47:10
1969,136,89,view,2025-04-28 09:58:37
1970,128,89,follow,2025-04-28 10:36:33
1971,163,89,view,2025-04-28 12:08:04
1972,22,89,like,2025-04-28 10:07:31
1973,126,89,view,2025-04-28 11:16:59
1974,66,89,follow,2025-04-28 11:12:58
1975,225,89,view,2025-04-28 10:32:35
1976,48,89,view,2025-04-28 10:46:41
1977,41,89,view,2025-04-28 09:48:56
1978,60,89,view,2025-04-28 11:15:16
1979,137,89,view,2025-04-28 13:08:54
1980,177,89,follow,2025-04-28 11:10:19
1981,278,89,like,2025-04-28 09:58:26
1982,199,90,like,2025-05-10 17:44:04
1983,133,90,like,2025-05-10 16:13:09
1984,216,90,like,2025-05-10 16:57:01
1985,62,90,like,2025-05-10 16:17:43
1986,260,90,view,2025-05-10 16:00:07
1987,189,90,follow,2025-05-10 18:48:50
1988,183,90,view,2025-05-10 15:47:55
1989,245,90,like,2025-05-10 16:44:13
1990,204,90,view,2025-05-10 16:33:04
1991,276,90,like,2025-05-10 18:11:29
1992,228,90,view,2025-05-10 16:09:25
1993,95,90,like,2025-05-10 16:01:33
1994,15,90,view,2025-05-10 16:36:33
1995,185,90,view,2025-05-10 15:36:17
1996,156,90,follow,2025-05-10 15:39:54
1997,128,90,view,2025-05-10 16:05:07
1998,130,90,like,2025-05-10 17:39:58
1999,80,90,like,2025-05-10 16:04:28
2000,170,90,view,2025-05-10 15:35:31
2001,53,90,like,2025-05-10 19:09:12
2002,22,90,follow,2025-05-10 17:45:19
2003,122,90,view,2025-05-10 18:17:47
2004,57,90,view,2025-05-10 17:20:20
2005,242,90,view,2025-05-10 15:32:53
2006,114,90,like,2025-05-10 15:34:01
2007,49,90,follow,2025-05-10 16:59:04
2008,75,90,view,2025-05-10 18:32:42
2009,249,90,view,2025-05-10 15:58:07
2010,109,90,like,2025-05-10 16:56:56
2011,89,90,like,2025-05-10 15:42:18
2012,264,90,like,2025-05-10 16:11:08
2013,253,90,like,2025-05-10 18:01:28
2014,136,90,like,2025-05-10 16:00:26
2015,110,90,view,2025-05-10 15:31:30
2016,77,91,like,2025-09-04 00:41:57
2017,299,91,view,2025-09-04 02:44:05
2018,236,91,like,2025-09-04 02:24:59
2019,235,91,like,2025-09-04 00:07:46
2020,5,91,like,2025-09-04 00:17:45
2021,220,91,view,2025-09-04 00:23:34
2022,161,91,view,2025-09-04 00:54:14
2023,252,91,view,2025-09-04 01:09:12
2024,160,91,like,2025-09-04 01:18:57
2025,257,91,follow,2025-09-04 00:27:40
2026,150,91,like,2025-09-04 01:48:22
2027,57,91,like,2025-09-04 01:33:15
2028,74,91,like,2025-09-04 01:55:59
2029,213,91,view,2025-09-04 00:53:42
2030,238,91,view,2025-09-04 03:24:43
2031,201,91,follow,2025-09-04 02:23:09
2032,185,91,view,2025-09-04 00:31:05
2033,4,91,view,2025-09-04 00:12:43
2034,175,91,like,2025-09-04 00:54:17
2035,244,91,like,2025-09-04 00:23:52
2036,211,91,view,2025-09-04 00:22:44
2037,4,91,view,2025-09-04 00:43:38
2038,108,91,follow,2025-09-04 03:21:29
2039,151,91,view,2025-09-04 01:17:56
2040,208,91,like,2025-09-04 00:05:59
2041,11,91,view,2025-09-04 01:08:35
2042,42,91,like,2025-09-04 01:03:41
2043,75,91,like,2025-09-04 02:47:28
2044,40,91,like,2025-09-04 01:08:08
2045,81,91,view,2025-09-04 00:22:55
2046,38,91,like,2025-09-04 00:20:22
2047,42,91,follow,2025-09-04 00:18:44
2048,90,91,view,2025-09-04 00:19:21
2049,79,92,like,2025-05-24 13:07:26
2050,72,92,like,2025-05-24 13:15:00
2051,155,92,follow,2025-05-24 13:30:51
2052,1,92,follow,2025-05-24 14:20:20
2053,173,92,view,2025-05-24 13:13:30
2054,51,92,like,2025-05-24 13:36:25
2055,102,92,like,2025-05-24 13:40:07
2056,109,92,like,2025-05-24 16:13:58
2057,59,92,like,2025-05-24 13:10:34
2058,20,92,like,2025-05-24 15:09:22
2059,132,92,like,2025-05-24 13:38:45
2060,13,92,view,2025-05-24 13:19:19
2061,243,92,like,2025-05-24 14:40:48
2062,232,92,follow,2025-05-24 13:03:23
2063,290,92,view,2025-05-24 14:12:51
2064,214,92,view,2025-05-24 15:22:48
2065,251,92,like,2025-05-24 13:05:12
2066,255,92,view,2025-05-24 13:30:20
2067,16,93,view,2025-06-04 12:38:20
2068,111,93,view,2025-06-04 14:45:05
2069,115,93,view,2025-06-04 14:00:02
2070,44,93,like,2025-06-04 12:38:53
2071,51,93,view,2025-06-04 13:25:29
2072,86,93,like,2025-06-04 14:52:12
2073,255,93,view,2025-06-04 12:05:02
2074,58,93,view,2025-06-04 11:49:29
2075,208,93,like,2025-06-04 13:02:47
2076,75,93,like,2025-06-04 14:10:35
2077,299,93,view,2025-06-04 14:22:43
2078,75,93,view,2025-06-04 12:15:57
2079,47,93,view,2025-06-04 12:14:31
2080,156,93,view,2025-06-04 13:29:10
2081,153,93,view,2025-06-04 11:54:54
2082,163,93,view,2025-06-04 11:59:59
2083,215,93,view,2025-06-04 14:42:09
2084,40,93,like,2025-06-04 13:58:55
2085,60,93,view,2025-06-04 14:08:33
2086,270,93,view,2025-06-04 12:34:42
2087,91,93,view,2025-06-04 12:39:22
2088,74,93,like,2025-06-04 13:15:30
2089,93,93,like,2025-06-04 12:38:01
2090,1,93,view,2025-06-04 11:54:02
2091,12,93,follow,2025-06-04 11:44:15
2092,59,94,like,2025-08-09 00:00:09
2093,166,94,view,2025-08-08 23:47:12
2094,267,94,like,2025-08-08 22:48:17
2095,100,94,view,2025-08-08 22:47:20
2096,297,94,view,2025-08-09 00:19:13
2097,25,94,view,2025-08-08 23:30:57
2098,39,94,like,2025-08-09 01:12:16
2099,14,94,view,2025-08-09 00:29:00
2100,124,94,view,2025-08-09 01:02:31
2101,130,94,like,2025-08-08 22:48:29
2102,240,94,view,2025-08-08 23:41:22
2103,283,95,like,2025-07-05 05:41:17
2104,202,95,view,2025-07-05 05:48:02
2105,55,95,like,2025-07-05 06:42:45
2106,144,95,like,2025-07-05 07:22:09
2107,6,95,like,2025-07-05 05:41:40
2108,103,95,view,2025-07-05 06:15:48
2109,9,95,view,2025-07-05 06:26:15
2110,159,95,view,2025-07-05 05:49:54
2111,47,95,like,2025-07-05 05:45:38
2112,35,95,follow,2025-07-05 07:35:58
2113,15,95,follow,2025-07-05 05:36:54
2114,168,95,view,2025-07-05 07:00:55
2115,6,95,like,2025-07-05 05:34:05
2116,203,95,like,2025-07-05 07:56:50
2117,215,95,view,2025-07-05 06:12:26
2118,111,95,follow,2025-07-05 05:59:08
2119,171,95,view,2025-07-05 08:37:23
2120,215,95,view,2025-07-05 06:58:46
2121,120,95,view,2025-07-05 05:53:08
2122,89,95,view,2025-07-05 07:44:09
2123,282,95,like,2025-07-05 07:45:48
2124,230,95,view,2025-07-05 06:06:57
2125,289,95,view,2025-07-05 06:58:48
2126,22,95,view,2025-07-05 07:00:36
2127,135,95,like,2025-07-05 07:14:06
2128,76,95,view,2025-07-05 07:57:39
2129,215,95,like,2025-07-05 06:13:38
2130,289,95,follow,2025-07-05 06:00:38
2131,249,95,like,2025-07-05 06:30:07
2132,174,95,like,2025-07-05 05:43:37
2133,109,95,like,2025-07-05 06:05:01
2134,32,95,view,2025-07-05 05:39:50
2135,70,95,view,2025-07-05 07:32:29
2136,132,96,view,2025-07-17 02:44:59
2137,121,96,follow,2025-07-17 03:33:19
2138,7,96,view,2025-07-17 02:33:16
2139,171,97,view,2025-06-16 05:12:39
2140,209,97,view,2025-06-16 07:20:21
2141,99,97,like,2025-06-16 06:39:35
2142,93,97,follow,2025-06-16 06:09:21
2143,165,97,view,2025-06-16 05:56:04
2144,61,97,follow,2025-06-16 05:37:23
2145,7,97,view,2025-06-16 07:20:52
2146,233,97,like,2025-06-16 07:50:00
2147,208,97,view,2025-06-16 07:22:08
2148,54,97,like,2025-06-16 06:44:13
2149,86,97,view,2025-06-16 05:18:19
2150,99,97,view,2025-06-16 06:11:51
2151,91,97,follow,2025-06-16 05:24:53
2152,162,97,view,2025-06-16 06:28:29
2153,10,97,view,2025-06-16 05:12:42
2154,168,97,like,2025-06-16 05:13:22
2155,293,97,view,2025-06-16 08:36:20
2156,26,97,view,2025-06-16 07:18:37
2157,112,97,view,2025-06-16 05:15:01
2158,125,97,follow,2025-06-16 06:47:03
2159,295,97,view,2025-06-16 05:42:18
2160,147,97,like,2025-06-16 05:11:12
2161,242,97,view,2025-06-16 05:09:17
2162,106,97,view,2025-06-16 06:16:08
2163,156,97,like,2025-06-16 07:14:02
2164,266,97,view,2025-06-16 08:38:02
2165,26,98,view,2025-06-26 23:03:47
2166,249,98,like,2025-06-26 23:07:54
2167,91,98,follow,2025-06-26 23:06:26
2168,31,98,view,2025-06-27 00:11:59
2169,297,98,follow,2025-06-27 01:17:55
2170,174,98,view,2025-06-26 23:17:16
2171,175,98,like,2025-06-26 23:21:29
2172,31,98,like,2025-06-27 01:22:58
2173,122,98,like,2025-06-26 23:19:38
2174,184,98,view,2025-06-26 23:13:30
2175,290,98,view,2025-06-27 00:22:18
2176,241,98,like,2025-06-26 23:03:47
2177,58,98,view,2025-06-27 00:04:40
2178,175,98,like,2025-06-27 00:40:52
2179,282,98,view,2025-06-26 23:37:54
2180,222,98,view,2025-06-26 23:27:33
2181,32,98,view,2025-06-27 00:48:56
2182,111,98,view,2025-06-26 23:03:41
2183,142,98,view,2025-06-26 23:45:22
2184,236,98,like,2025-06-26 23:14:06
2185,72,98,view,2025-06-27 01:07:38
2186,223,98,like,2025-06-26 23:54:43
2187,271,98,like,2025-06-26 23:39:08
2188,151,98,follow,2025-06-26 23:05:12
2189,286,98,view,2025-06-26 23:28:32
2190,230,98,view,2025-06-26 23:05:33
2191,10,98,view,2025-06-26 23:41:00
2192,268,98,like,2025-06-26 23:18:41
2193,243,98,view,2025-06-26 23:07:18
2194,249,98,view,2025-06-26 23:22:05
2195,284,98,like,2025-06-26 23:48:45
2196,119,98,like,2025-06-27 02:41:15
2197,74,98,view,2025-06-27 01:01:17
2198,61,99,view,2025-01-06 08:14:47
2199,201,99,view,2025-01-06 07:56:04
2200,30,99,like,2025-01-06 08:51:49
2201,291,99,follow,2025-01-06 07:50:27
2202,176,99,view,2025-01-06 09:04:53
2203,154,99,view,2025-01-06 07:42:19
2204,84,99,view,2025-01-06 09:50:20
2205,139,99,view,2025-01-06 08:56:19
2206,201,99,view,2025-01-06 09:46:51
2207,118,100,like,2025-05-31 09:19:02
2208,78,100,view,2025-05-31 09:09:54
2209,198,100,follow,2025-05-31 11:42:14
2210,47,100,like,2025-05-31 09:34:13
2211,236,100,view,2025-05-31 09:10:06
2212,127,100,like,2025-05-31 10:38:16
2213,76,100,view,2025-05-31 09:21:44
2214,70,100,like,2025-05-31 09:50:12
2215,164,100,follow,2025-05-31 09:44:40
2216,142,100,view,2025-05-31 09:29:01
2217,248,100,view,2025-05-31 10:30:57
2218,181,100,view,2025-05-31 09:11:54
2219,252,100,view,2025-05-31 11:53:48
2220,254,100,view,2025-05-31 09:51:06
2221,233,100,view,2025-05-31 11:22:04
2222,57,100,like,2025-05-31 09:37:46
2223,110,100,view,2025-05-31 10:36:38
2224,151,100,like,2025-05-31 09:59:33
2225,145,100,view,2025-05-31 09:46:15
2226,296,100,like,2025-05-31 09:12:32
2227,81,100,view,2025-05-31 09:23:48
2228,194,101,view,2025-03-15 09:04:43
2229,146,101,view,2025-03-15 10:54:35
2230,14,101,view,2025-03-15 08:32:17
2231,159,101,view,2025-03-15 08:48:39
2232,222,101,view,2025-03-15 08:55:12
2233,37,101,like,2025-03-15 10:05:52
2234,68,101,view,2025-03-15 09:53:44
2235,11,101,view,2025-03-15 09:47:11
2236,86,101,follow,2025-03-15 08:33:13
2237,35,101,view,2025-03-15 11:19:16
2238,12,101,view,2025-03-15 08:55:31
2239,165,101,view,2025-03-15 08:30:46
2240,48,101,view,2025-03-15 11:19:49
2241,188,101,view,2025-03-15 10:00:12
2242,187,102,view,2025-08-20 13:37:09
2243,219,102,view,2025-08-20 14:37:37
2244,160,102,view,2025-08-20 15:54:44
2245,241,102,view,2025-08-20 13:35:11
2246,206,102,like,2025-08-20 13:34:26
2247,185,102,like,2025-08-20 14:18:53
2248,73,102,like,2025-08-20 15:55:47
2249,199,102,view,2025-08-20 12:37:17
2250,270,102,follow,2025-08-20 13:25:19
2251,1,102,view,2025-08-20 12:39:21
2252,235,102,like,2025-08-20 12:38:57
2253,185,102,like,2025-08-20 12:39:12
2254,174,102,view,2025-08-20 14:26:19
2255,80,102,follow,2025-08-20 15:11:48
2256,245,102,view,2025-08-20 15:10:17
2257,218,102,view,2025-08-20 13:19:38
2258,292,102,like,2025-08-20 14:09:34
2259,246,102,follow,2025-08-20 13:56:36
2260,108,102,like,2025-08-20 14:09:46
2261,194,102,like,2025-08-20 12:42:44
2262,55,102,follow,2025-08-20 13:24:46
2263,222,102,like,2025-08-20 15:21:55
2264,18,102,view,2025-08-20 15:05:44
2265,266,102,view,2025-08-20 12:56:20
2266,186,102,like,2025-08-20 14:27:14
2267,230,103,view,2025-04-17 16:03:42
2268,100,103,view,2025-04-17 17:07:58
2269,256,104,view,2025-03-27 23:21:44
2270,251,104,view,2025-03-28 00:16:26
2271,250,104,like,2025-03-27 23:16:24
2272,91,104,view,2025-03-27 23:04:09
2273,196,104,like,2025-03-28 00:45:15
2274,168,104,view,2025-03-27 22:38:07
2275,253,104,view,2025-03-27 22:40:09
2276,118,104,view,2025-03-27 22:14:08
2277,269,104,view,2025-03-27 22:33:33
2278,198,104,view,2025-03-27 23:04:45
2279,229,104,view,2025-03-27 23:18:20
2280,215,104,view,2025-03-27 23:01:32
2281,79,104,follow,2025-03-27 22:39:26
2282,94,105,like,2025-02-16 20:17:18
2283,285,105,follow,2025-02-16 20:16:37
2284,196,105,follow,2025-02-16 22:14:32
2285,129,106,view,2025-06-02 07:45:19
2286,95,106,like,2025-06-02 07:14:11
2287,295,106,view,2025-06-02 07:36:21
2288,278,106,like,2025-06-02 07:22:14
2289,135,106,like,2025-06-02 08:49:40
2290,98,106,view,2025-06-02 10:06:54
2291,101,106,follow,2025-06-02 07:21:08
2292,40,106,like,2025-06-02 09:04:21
2293,281,106,view,2025-06-02 09:06:52
2294,270,106,like,2025-06-02 08:35:17
2295,209,106,view,2025-06-02 07:43:29
2296,90,106,view,2025-06-02 07:16:28
2297,212,106,view,2025-06-02 07:47:08
2298,110,106,view,2025-06-02 07:37:47
2299,20,107,view,2025-02-10 16:27:12
2300,138,107,follow,2025-02-10 17:10:19
2301,89,107,view,2025-02-10 16:37:33
2302,191,107,view,2025-02-10 16:19:56
2303,182,107,like,2025-02-10 19:01:00
2304,77,107,view,2025-02-10 16:04:04
2305,256,108,view,2025-03-02 10:06:26
2306,25,108,view,2025-03-02 10:23:35
2307,141,108,view,2025-03-02 09:44:30
2308,207,108,view,2025-03-02 11:15:08
2309,45,108,view,2025-03-02 11:13:52
2310,233,108,like,2025-03-02 11:03:58
2311,259,108,view,2025-03-02 11:53:23
2312,155,108,like,2025-03-02 11:28:35
2313,274,108,view,2025-03-02 10:24:49
2314,222,108,view,2025-03-02 11:27:33
2315,43,108,like,2025-03-02 10:03:25
2316,245,108,view,2025-03-02 09:57:10
2317,297,108,view,2025-03-02 10:44:17
2318,250,108,view,2025-03-02 10:28:59
2319,114,108,like,2025-03-02 10:09:15
2320,156,108,view,2025-03-02 10:15:56
2321,235,108,like,2025-03-02 10:32:43
2322,236,108,view,2025-03-02 11:51:35
2323,202,108,follow,2025-03-02 10:31:08
2324,155,108,like,2025-03-02 11:50:51
2325,27,108,like,2025-03-02 10:24:55
2326,264,108,view,2025-03-02 11:16:17
2327,135,108,view,2025-03-02 10:12:02
2328,26,108,view,2025-03-02 10:45:55
2329,186,108,like,2025-03-02 09:58:55
2330,38,108,like,2025-03-02 09:44:32
2331,241,108,view,2025-03-02 11:42:20
2332,53,108,view,2025-03-02 12:24:31
2333,106,108,view,2025-03-02 10:01:48
2334,53,108,view,2025-03-02 12:37:09
2335,230,108,like,2025-03-02 09:44:54
2336,299,108,view,2025-03-02 09:42:10
2337,97,108,view,2025-03-02 11:28:56
2338,47,108,like,2025-03-02 10:11:46
2339,60,108,like,2025-03-02 10:36:17
2340,29,108,view,2025-03-02 09:49:09
2341,196,108,view,2025-03-02 10:29:24
2342,70,109,like,2025-03-13 18:01:25
2343,162,109,view,2025-03-13 18:00:16
2344,260,109,like,2025-03-13 17:21:08
2345,130,109,follow,2025-03-13 17:26:16
2346,30,109,follow,2025-03-13 17:15:05
2347,206,109,follow,2025-03-13 17:45:26
2348,60,110,view,2025-01-30 19:58:38
2349,37,110,like,2025-01-30 17:42:54
2350,248,110,like,2025-01-30 18:18:20
2351,284,110,view,2025-01-30 18:09:47
2352,224,110,view,2025-01-30 17:46:51
2353,68,110,view,2025-01-30 17:45:00
2354,51,110,view,2025-01-30 17:42:28
2355,264,110,view,2025-01-30 17:49:40
2356,108,110,view,2025-01-30 19:07:55
2357,44,110,view,2025-01-30 18:48:50
2358,146,111,view,2025-09-09 09:18:10
2359,258,111,like,2025-09-09 09:05:05
2360,152,111,follow,2025-09-09 09:22:04
2361,69,111,view,2025-09-09 09:13:18
2362,187,111,view,2025-09-09 12:28:56
2363,61,111,view,2025-09-09 10:14:48
2364,55,111,like,2025-09-09 10:14:26
2365,60,111,like,2025-09-09 11:00:58
2366,12,111,view,2025-09-09 12:06:30
2367,90,111,view,2025-09-09 09:05:06
2368,35,111,follow,2025-09-09 10:12:54
2369,55,111,view,2025-09-09 09:50:40
2370,109,111,follow,2025-09-09 12:19:02
2371,220,111,view,2025-09-09 09:01:43
2372,285,111,like,2025-09-09 10:33:09
2373,167,111,like,2025-09-09 08:59:00
2374,154,111,like,2025-09-09 09:09:15
2375,80,111,view,2025-09-09 10:14:32
2376,271,111,follow,2025-09-09 12:00:35
2377,49,111,follow,2025-09-09 09:21:37
2378,47,111,view,2025-09-09 09:36:42
2379,249,111,view,2025-09-09 11:16:07
2380,28,111,like,2025-09-09 10:03:53
2381,104,112,like,2025-01-04 08:19:04
2382,23,112,like,2025-01-04 05:52:29
2383,218,112,like,2025-01-04 05:55:26
2384,178,112,view,2025-01-04 06:16:44
2385,205,112,view,2025-01-04 09:14:26
2386,229,112,view,2025-01-04 07:03:29
2387,41,112,like,2025-01-04 06:02:45
2388,60,112,view,2025-01-04 08:50:14
2389,101,112,like,2025-01-04 07:55:02
2390,58,112,like,2025-01-04 05:59:50
2391,148,112,follow,2025-01-04 07:23:44
2392,275,112,like,2025-01-04 07:25:20
2393,43,112,view,2025-01-04 06:41:09
2394,67,112,view,2025-01-04 06:00:48
2395,234,112,view,2025-01-04 06:27:48
2396,279,112,like,2025-01-04 06:01:41
2397,21,112,like,2025-01-04 06:20:05
2398,55,112,like,2025-01-04 06:26:18
2399,101,112,like,2025-01-04 06:42:21
2400,282,113,follow,2025-08-28 21:53:00
2401,95,113,view,2025-08-28 22:39:09
2402,125,113,view,2025-08-28 22:00:11
2403,28,113,like,2025-08-28 22:39:29
2404,263,113,view,2025-08-28 22:26:23
2405,55,113,like,2025-08-28 22:33:12
2406,150,113,view,2025-08-28 21:30:36
2407,27,113,follow,2025-08-28 20:40:02
2408,204,113,view,2025-08-28 21:56:54
2409,163,113,view,2025-08-28 20:34:11
2410,163,113,follow,2025-08-28 21:40:05
2411,269,113,follow,2025-08-28 20:55:32
2412,165,113,follow,2025-08-28 23:03:53
2413,23,113,like,2025-08-28 21:05:38
2414,250,113,follow,2025-08-28 20:55:41
2415,28,113,follow,2025-08-28 20:44:04
2416,142,113,like,2025-08-28 20:54:31
2417,260,113,view,2025-08-28 21:51:50
2418,7,113,view,2025-08-28 20:38:56
2419,214,113,follow,2025-08-28 22:01:22
2420,171,113,view,2025-08-28 20:54:37
2421,237,113,view,2025-08-28 21:38:54
2422,75,113,like,2025-08-28 21:53:01
2423,13,113,like,2025-08-28 22:03:18
2424,237,113,follow,2025-08-28 20:35:29
2425,219,113,follow,2025-08-28 21:26:26
2426,297,113,view,2025-08-28 22:35:47
2427,78,113,like,2025-08-28 23:40:19
2428,289,113,view,2025-08-28 21:10:08
2429,126,113,view,2025-08-28 23:37:15
2430,137,113,like,2025-08-28 21:54:35
2431,299,113,like,2025-08-28 20:54:04
2432,190,113,view,2025-08-28 21:31:30
2433,135,114,view,2025-06-01 18:51:09
2434,94,114,like,2025-06-01 17:26:18
2435,75,114,view,2025-06-01 17:09:30
2436,7,114,like,2025-06-01 17:11:10
2437,249,114,follow,2025-06-01 18:25:03
2438,280,114,view,2025-06-01 17:20:46
2439,169,114,like,2025-06-01 17:00:11
2440,184,114,like,2025-06-01 17:04:50
2441,76,114,like,2025-06-01 17:44:31
2442,249,114,view,2025-06-01 20:44:00
2443,290,114,view,2025-06-01 17:24:40
2444,250,114,view,2025-06-01 18:40:48
2445,169,114,view,2025-06-01 18:21:59
2446,130,114,like,2025-06-01 19:40:24
2447,56,114,view,2025-06-01 17:00:12
2448,196,114,like,2025-06-01 18:48:17
2449,228,114,like,2025-06-01 17:10:57
2450,295,114,view,2025-06-01 16:58:06
2451,155,114,follow,2025-06-01 17:07:17
2452,33,114,view,2025-06-01 17:08:26
2453,7,114,view,2025-06-01 17:26:43
2454,28,114,like,2025-06-01 16:58:14
2455,148,114,follow,2025-06-01 17:48:40
2456,132,114,view,2025-06-01 17:52:32
2457,214,114,view,2025-06-01 17:46:53
2458,182,114,like,2025-06-01 18:06:14
2459,122,114,view,2025-06-01 18:54:40
2460,259,114,view,2025-06-01 17:01:16
2461,179,114,view,2025-06-01 19:33:10
2462,119,114,view,2025-06-01 18:43:19
2463,287,114,view,2025-06-01 17:03:41
2464,94,114,view,2025-06-01 17:40:01
2465,137,114,view,2025-06-01 18:01:25
2466,284,114,view,2025-06-01 17:50:31
2467,104,114,view,2025-06-01 20:21:07
2468,31,114,view,2025-06-01 17:24:45
2469,179,114,view,2025-06-01 18:00:49
2470,291,115,view,2025-08-03 03:47:02
2471,83,115,like,2025-08-03 03:31:33
2472,239,115,view,2025-08-03 04:32:13
2473,57,115,like,2025-08-03 05:39:21
2474,169,115,view,2025-08-03 04:19:22
2475,153,115,view,2025-08-03 03:10:12
2476,138,115,like,2025-08-03 04:33:49
2477,246,115,view,2025-08-03 04:41:26
2478,34,115,view,2025-08-03 03:08:43
2479,225,115,view,2025-08-03 03:45:12
2480,16,115,like,2025-08-03 02:46:20
2481,208,115,follow,2025-08-03 03:26:59
2482,274,115,view,2025-08-03 04:01:10
2483,157,115,like,2025-08-03 04:02:11
2484,225,115,follow,2025-08-03 02:46:03
2485,79,115,like,2025-08-03 02:51:49
2486,139,115,like,2025-08-03 04:28:57
2487,239,115,view,2025-08-03 04:03:44
2488,88,115,follow,2025-08-03 04:15:47
2489,42,115,view,2025-08-03 02:48:18
2490,115,115,view,2025-08-03 02:47:06
2491,187,115,view,2025-08-03 04:58:35
2492,52,115,view,2025-08-03 03:04:17
2493,132,115,view,2025-08-03 04:21:42
2494,228,115,follow,2025-08-03 04:24:58
2495,51,115,view,2025-08-03 03:21:09
2496,108,115,follow,2025-08-03 03:14:38
2497,145,115,view,2025-08-03 04:27:31
2498,53,115,like,2025-08-03 02:58:49
2499,66,115,view,2025-08-03 03:15:29
2500,214,115,view,2025-08-03 04:13:37
2501,22,115,view,2025-08-03 04:18:52
2502,283,115,view,2025-08-03 03:38:04
2503,177,115,like,2025-08-03 03:47:49
2504,227,115,view,2025-08-03 03:07:45
2505,258,115,follow,2025-08-03 03:56:05
2506,91,116,view,2025-07-05 00:23:40
2507,139,116,view,2025-07-05 02:39:53
2508,261,116,view,2025-07-04 23:48:19
2509,175,116,view,2025-07-04 23:47:14
2510,115,116,like,2025-07-05 00:10:26
2511,203,116,view,2025-07-04 23:46:04
2512,47,116,like,2025-07-05 02:05:59
2513,24,116,follow,2025-07-05 00:08:54
2514,120,116,view,2025-07-05 00:37:07
2515,259,116,view,2025-07-05 02:14:59
2516,25,116,view,2025-07-04 23:54:28
2517,209,116,like,2025-07-05 01:08:22
2518,257,116,view,2025-07-04 23:15:52
2519,106,116,like,2025-07-05 00:44:16
2520,239,116,view,2025-07-05 00:59:21
2521,11,116,view,2025-07-05 00:04:16
2522,222,116,view,2025-07-05 00:46:20
2523,207,116,view,2025-07-04 23:09:56
2524,66,116,follow,2025-07-04 23:13:25
2525,245,116,view,2025-07-05 00:35:29
2526,150,116,like,2025-07-04 23:11:23
2527,1,116,follow,2025-07-05 01:11:55
2528,25,116,like,2025-07-04 23:53:33
2529,31,117,view,2025-01-12 00:32:45
2530,153,117,view,2025-01-11 23:16:54
2531,48,117,view,2025-01-11 22:25:52
2532,149,117,follow,2025-01-11 22:26:24
2533,16,117,view,2025-01-11 23:28:30
2534,241,117,follow,2025-01-11 22:57:38
2535,13,117,view,2025-01-12 00:52:01
2536,238,117,like,2025-01-12 00:56:46
2537,218,117,view,2025-01-11 22:39:55
2538,274,117,view,2025-01-11 22:23:51
2539,254,117,like,2025-01-12 00:20:34
2540,96,117,view,2025-01-12 01:15:32
2541,240,117,view,2025-01-11 22:19:59
2542,91,117,follow,2025-01-11 23:08:08
2543,237,117,view,2025-01-11 22:46:21
2544,274,117,view,2025-01-11 22:56:58
2545,9,117,view,2025-01-12 01:24:05
2546,86,117,view,2025-01-12 00:56:02
2547,269,117,like,2025-01-11 22:27:08
2548,19,117,follow,2025-01-11 23:42:29
2549,95,117,like,2025-01-12 01:28:31
2550,194,117,like,2025-01-11 22:18:16
2551,117,117,view,2025-01-12 00:00:20
2552,60,117,like,2025-01-11 22:26:30
2553,78,117,view,2025-01-11 23:50:39
2554,114,117,view,2025-01-11 22:29:57
2555,225,117,view,2025-01-11 22:24:51
2556,57,117,like,2025-01-11 22:59:38
2557,35,117,view,2025-01-11 22:26:55
2558,63,117,view,2025-01-11 22:34:05
2559,281,118,follow,2025-06-19 03:33:25
2560,198,118,view,2025-06-19 05:43:52
2561,149,118,view,2025-06-19 03:42:01
2562,263,118,view,2025-06-19 03:40:49
2563,193,118,follow,2025-06-19 03:27:40
2564,155,118,like,2025-06-19 05:24:30
2565,80,118,view,2025-06-19 05:39:50
2566,251,118,follow,2025-06-19 05:11:04
2567,147,118,view,2025-06-19 04:24:33
2568,107,118,follow,2025-06-19 04:22:38
2569,120,118,like,2025-06-19 04:02:40
2570,210,118,view,2025-06-19 04:29:24
2571,165,118,view,2025-06-19 06:33:25
2572,151,118,view,2025-06-19 03:55:15
2573,226,118,like,2025-06-19 04:32:20
2574,134,118,view,2025-06-19 05:14:57
2575,34,118,follow,2025-06-19 04:21:34
2576,162,119,view,2025-09-06 05:52:24
2577,57,119,view,2025-09-06 07:13:30
2578,118,119,view,2025-09-06 05:50:05
2579,265,119,view,2025-09-06 06:59:25
2580,153,119,view,2025-09-06 05:30:13
2581,268,119,like,2025-09-06 05:25:03
2582,172,119,view,2025-09-06 05:40:02
2583,171,119,like,2025-09-06 08:32:22
2584,196,119,like,2025-09-06 07:52:08
2585,200,119,view,2025-09-06 05:25:43
2586,187,119,like,2025-09-06 06:00:04
2587,8,119,view,2025-09-06 07:00:38
2588,269,119,like,2025-09-06 05:42:49
2589,11,119,view,2025-09-06 05:34:33
2590,291,119,view,2025-09-06 07:41:39
2591,230,119,view,2025-09-06 06:14:11
2592,97,119,view,2025-09-06 06:13:04
2593,272,119,follow,2025-09-06 06:05:23
2594,112,119,like,2025-09-06 06:41:15
2595,265,119,like,2025-09-06 05:21:49
2596,183,119,view,2025-09-06 07:42:21
2597,298,119,view,2025-09-06 05:44:19
2598,287,120,like,2025-08-01 23:14:05
2599,290,120,follow,2025-08-01 23:52:06
2600,120,120,view,2025-08-01 23:24:27
2601,272,120,view,2025-08-01 22:54:45
2602,125,120,view,2025-08-01 23:52:36
2603,158,120,view,2025-08-02 01:17:20
2604,260,120,view,2025-08-01 23:13:59
2605,91,120,like,2025-08-01 23:43:17
2606,179,120,follow,2025-08-01 22:57:59
2607,152,120,like,2025-08-02 00:26:21
2608,95,120,like,2025-08-01 23:15:04
2609,118,120,view,2025-08-02 00:08:00
2610,123,120,like,2025-08-01 22:46:51
2611,281,120,like,2025-08-01 23:20:10
2612,247,120,like,2025-08-01 23:01:40
2613,108,120,view,2025-08-02 00:29:16
2614,285,120,like,2025-08-01 23:45:30
2615,166,120,view,2025-08-01 23:00:32
2616,268,120,view,2025-08-01 23:53:04
2617,273,120,view,2025-08-01 22:58:15
2618,227,120,view,2025-08-01 23:05:33
2619,15,120,view,2025-08-02 01:57:03
2620,221,120,view,2025-08-01 23:44:07
2621,207,120,view,2025-08-01 23:40:35
2622,248,120,view,2025-08-01 22:55:40
2623,53,120,view,2025-08-02 00:14:17
2624,152,120,view,2025-08-01 23:36:27
2625,278,120,view,2025-08-01 22:55:31
2626,211,120,follow,2025-08-02 01:54:58
2627,141,120,view,2025-08-02 00:39:45
2628,99,120,view,2025-08-01 22:53:38
2629,205,120,like,2025-08-02 01:14:55
2630,190,120,view,2025-08-01 23:34:32
2631,113,120,view,2025-08-02 00:48:53
2632,28,120,view,2025-08-01 22:57:32
2633,88,120,view,2025-08-02 01:14:39
2634,30,121,view,2025-02-19 00:40:21
2635,164,121,view,2025-02-19 02:04:30
2636,16,121,view,2025-02-19 00:11:21
2637,137,121,view,2025-02-19 00:21:54
2638,214,121,view,2025-02-19 01:27:49
2639,16,121,view,2025-02-19 00:41:43
2640,118,121,follow,2025-02-19 00:10:22
2641,287,121,view,2025-02-19 01:45:49
2642,16,121,like,2025-02-19 00:48:30
2643,281,121,view,2025-02-19 01:58:48
2644,224,121,view,2025-02-19 00:12:28
2645,135,121,view,2025-02-19 00:58:39
2646,143,121,follow,2025-02-19 00:16:01
2647,72,121,view,2025-02-19 01:55:06
2648,160,121,like,2025-02-19 00:33:04
2649,11,121,like,2025-02-19 01:12:29
2650,282,121,view,2025-02-19 00:06:52
2651,133,121,view,2025-02-19 02:52:28
2652,89,121,follow,2025-02-19 00:15:41
2653,172,121,view,2025-02-19 01:47:10
2654,251,121,like,2025-02-19 01:20:17
2655,54,121,like,2025-02-19 00:23:51
2656,287,121,view,2025-02-19 00:36:42
2657,127,121,view,2025-02-19 01:53:08
2658,181,121,like,2025-02-19 02:39:30
2659,114,121,view,2025-02-19 01:18:53
2660,157,121,view,2025-02-19 02:44:50
2661,278,121,view,2025-02-19 00:11:30
2662,195,121,like,2025-02-19 00:19:49
2663,254,122,view,2025-08-31 20:27:38
2664,210,122,follow,2025-08-31 19:12:03
2665,297,122,follow,2025-08-31 20:55:38
2666,135,122,view,2025-08-31 20:31:15
2667,83,122,view,2025-08-31 21:19:16
2668,215,122,like,2025-08-31 21:47:27
2669,179,122,view,2025-08-31 20:42:24
2670,290,122,like,2025-08-31 20:32:21
2671,213,122,like,2025-08-31 20:11:47
2672,13,122,like,2025-08-31 20:46:42
2673,98,122,like,2025-08-31 19:58:05
2674,168,122,like,2025-08-31 19:29:42
2675,277,122,view,2025-08-31 20:09:08
2676,29,122,view,2025-08-31 19:28:19
2677,195,122,follow,2025-08-31 19:57:03
2678,104,122,view,2025-08-31 19:20:37
2679,276,122,like,2025-08-31 20:44:01
2680,203,122,view,2025-08-31 20:56:04
2681,147,122,view,2025-08-31 20:46:12
2682,252,122,view,2025-08-31 20:12:15
2683,16,122,like,2025-08-31 19:38:14
2684,8,122,view,2025-08-31 20:35:10
2685,48,122,view,2025-08-31 21:32:27
2686,282,122,view,2025-08-31 19:08:05
2687,24,122,follow,2025-08-31 19:45:51
2688,259,122,view,2025-08-31 19:32:19
2689,219,122,view,2025-08-31 21:01:45
2690,159,122,view,2025-08-31 21:15:58
2691,4,122,like,2025-08-31 19:23:19
2692,270,122,view,2025-08-31 20:50:12
2693,128,122,view,2025-08-31 19:39:50
2694,69,122,view,2025-08-31 21:56:25
2695,201,122,follow,2025-08-31 20:53:14
2696,294,122,view,2025-08-31 20:07:14
2697,139,123,view,2025-05-26 16:16:01
2698,142,123,follow,2025-05-26 16:14:35
2699,38,123,view,2025-05-26 17:48:58
2700,164,123,view,2025-05-26 15:55:16
2701,231,123,view,2025-05-26 15:53:24
2702,298,123,like,2025-05-26 17:50:54
2703,189,123,follow,2025-05-26 17:10:26
2704,153,123,view,2025-05-26 16:05:18
2705,94,123,like,2025-05-26 15:59:40
2706,99,123,view,2025-05-26 17:40:23
2707,111,123,view,2025-05-26 19:43:56
2708,278,123,like,2025-05-26 15:50:45
2709,283,123,view,2025-05-26 15:58:47
2710,286,123,view,2025-05-26 15:54:10
2711,241,123,view,2025-05-26 17:15:10
2712,277,123,view,2025-05-26 16:20:11
2713,235,123,view,2025-05-26 15:53:31
2714,189,123,view,2025-05-26 16:09:14
2715,212,123,view,2025-05-26 16:13:39
2716,116,123,like,2025-05-26 16:52:16
2717,98,123,view,2025-05-26 17:22:24
2718,3,123,view,2025-05-26 17:26:11
2719,266,123,follow,2025-05-26 16:31:37
2720,137,123,like,2025-05-26 17:03:29
2721,194,123,view,2025-05-26 16:29:15
2722,174,123,view,2025-05-26 18:48:13
2723,185,123,like,2025-05-26 17:47:13
2724,98,123,like,2025-05-26 16:00:17
2725,181,124,like,2025-05-09 20:42:02
2726,52,124,view,2025-05-09 20:29:10
2727,88,124,view,2025-05-09 20:48:48
2728,153,124,like,2025-05-09 20:22:58
2729,214,124,like,2025-05-09 22:26:33
2730,282,124,view,2025-05-09 21:59:38
2731,281,124,like,2025-05-09 22:01:26
2732,268,124,like,2025-05-09 22:30:11
2733,180,124,like,2025-05-09 20:16:36
2734,110,124,view,2025-05-09 20:16:22
2735,146,124,like,2025-05-09 20:10:58
2736,213,124,view,2025-05-09 20:29:50
2737,124,124,view,2025-05-09 22:27:31
2738,149,124,view,2025-05-09 20:16:24
2739,157,124,view,2025-05-09 23:00:01
2740,281,124,view,2025-05-09 21:22:34
2741,199,124,view,2025-05-09 20:40:52
2742,18,124,view,2025-05-09 22:12:35
2743,129,124,view,2025-05-09 21:55:42
2744,211,124,view,2025-05-09 21:09:22
2745,128,124,follow,2025-05-09 20:53:47
2746,44,124,view,2025-05-09 20:24:59
2747,3,124,like,2025-05-09 21:23:45
2748,75,124,view,2025-05-09 20:53:42
2749,128,124,follow,2025-05-09 20:57:19
2750,212,124,view,2025-05-09 21:26:21
2751,85,124,follow,2025-05-09 20:17:42
2752,30,125,like,2025-05-29 12:57:04
2753,2,125,view,2025-05-29 11:19:03
2754,212,125,like,2025-05-29 12:13:19
2755,249,125,view,2025-05-29 11:09:35
2756,47,125,view,2025-05-29 11:48:21
2757,283,125,like,2025-05-29 10:59:00
2758,246,125,view,2025-05-29 12:19:02
2759,253,125,follow,2025-05-29 13:41:00
2760,121,125,view,2025-05-29 12:03:09
2761,254,125,like,2025-05-29 11:42:56
2762,156,125,like,2025-05-29 11:04:10
2763,213,125,view,2025-05-29 11:03:20
2764,65,125,like,2025-05-29 11:45:24
2765,294,125,like,2025-05-29 10:43:17
2766,100,125,view,2025-05-29 11:47:44
2767,20,125,view,2025-05-29 11:11:59
2768,258,125,like,2025-05-29 10:42:43
2769,37,125,view,2025-05-29 10:51:54
2770,28,125,like,2025-05-29 12:58:16
2771,181,125,view,2025-05-29 13:15:40
2772,133,125,like,2025-05-29 10:57:48
2773,202,125,view,2025-05-29 10:51:26
2774,142,125,view,2025-05-29 11:28:04
2775,3,125,view,2025-05-29 11:12:28
2776,200,125,view,2025-05-29 10:41:24
2777,105,125,like,2025-05-29 11:52:22
2778,118,125,view,2025-05-29 10:53:32
2779,203,125,view,2025-05-29 12:51:12
2780,13,125,like,2025-05-29 10:42:36
2781,193,125,view,2025-05-29 11:04:55
2782,115,125,follow,2025-05-29 13:06:12
2783,262,125,view,2025-05-29 10:55:23
2784,160,125,like,2025-05-29 11:19:31
2785,214,125,view,2025-05-29 11:39:05
2786,35,125,like,2025-05-29 11:02:37
2787,154,125,like,2025-05-29 11:43:58
2788,74,125,view,2025-05-29 10:45:10
2789,120,125,view,2025-05-29 11:10:38
2790,197,125,view,2025-05-29 12:58:23
2791,199,126,like,2025-09-10 15:41:40
2792,287,126,like,2025-09-10 15:51:05
2793,257,126,view,2025-09-10 18:17:53
2794,64,126,follow,2025-09-10 15:57:42
2795,146,126,like,2025-09-10 15:31:02
2796,85,126,follow,2025-09-10 14:59:25
2797,100,126,like,2025-09-10 14:45:35
2798,151,126,view,2025-09-10 16:33:57
2799,259,126,like,2025-09-10 15:25:26
2800,226,126,like,2025-09-10 15:53:00
2801,66,126,view,2025-09-10 15:14:59
2802,68,126,view,2025-09-10 16:11:57
2803,124,126,view,2025-09-10 14:58:10
2804,299,126,view,2025-09-10 15:01:19
2805,266,126,view,2025-09-10 14:56:47
2806,57,126,view,2025-09-10 14:59:03
2807,248,126,view,2025-09-10 17:22:49
2808,261,126,like,2025-09-10 15:09:31
2809,280,126,like,2025-09-10 15:19:40
2810,95,126,view,2025-09-10 16:16:22
2811,20,127,follow,2025-09-17 14:27:46
2812,155,127,follow,2025-09-17 13:43:48
2813,65,127,like,2025-09-17 14:43:02
2814,164,127,view,2025-09-17 13:35:34
2815,104,127,follow,2025-09-17 14:36:43
2816,51,128,view,2025-09-10 06:57:46
2817,169,128,view,2025-09-10 04:50:33
2818,222,128,view,2025-09-10 05:06:26
2819,218,128,follow,2025-09-10 05:08:13
2820,273,128,follow,2025-09-10 04:49:17
2821,154,128,view,2025-09-10 05:34:33
2822,267,128,like,2025-09-10 05:17:53
2823,291,128,view,2025-09-10 05:35:32
2824,157,128,follow,2025-09-10 06:38:50
2825,45,128,like,2025-09-10 05:30:00
2826,205,128,follow,2025-09-10 05:53:53
2827,118,128,view,2025-09-10 04:20:00
2828,143,128,follow,2025-09-10 04:29:53
2829,170,128,view,2025-09-10 04:20:49
2830,79,128,view,2025-09-10 04:34:31
2831,142,128,view,2025-09-10 04:42:59
2832,193,128,view,2025-09-10 05:01:43
2833,68,128,like,2025-09-10 06:57:13
2834,264,128,view,2025-09-10 05:06:01
2835,58,128,view,2025-09-10 04:41:58
2836,63,128,view,2025-09-10 06:11:00
2837,53,128,like,2025-09-10 04:49:14
2838,110,128,follow,2025-09-10 06:26:09
2839,122,128,like,2025-09-10 06:11:40
2840,202,128,like,2025-09-10 06:02:36
2841,109,128,view,2025-09-10 04:46:21
2842,92,128,view,2025-09-10 04:49:12
2843,198,128,view,2025-09-10 06:21:16
2844,205,128,view,2025-09-10 05:40:15
2845,223,128,view,2025-09-10 05:50:16
2846,204,128,like,2025-09-10 04:32:59
2847,79,128,view,2025-09-10 05:22:06
2848,262,128,view,2025-09-10 04:33:52
2849,89,128,view,2025-09-10 06:35:03
2850,133,128,follow,2025-09-10 04:41:21
2851,208,128,like,2025-09-10 05:09:51
2852,230,129,view,2025-06-12 11:36:05
2853,71,129,view,2025-06-12 12:45:00
2854,188,129,like,2025-06-12 12:07:15
2855,279,129,like,2025-06-12 11:43:40
2856,237,129,view,2025-06-12 12:17:05
2857,289,130,view,2025-02-14 01:43:21
2858,241,130,like,2025-02-14 02:07:41
2859,86,130,like,2025-02-14 01:45:23
2860,264,130,view,2025-02-14 03:43:44
2861,216,130,view,2025-02-14 02:25:56
2862,5,130,like,2025-02-14 04:02:43
2863,276,130,view,2025-02-14 02:16:44
2864,239,130,view,2025-02-14 02:00:58
2865,34,130,follow,2025-02-14 03:00:34
2866,21,130,like,2025-02-14 02:22:05
2867,224,130,view,2025-02-14 01:28:39
2868,275,130,like,2025-02-14 04:18:26
2869,145,130,view,2025-02-14 02:19:02
2870,177,130,follow,2025-02-14 01:38:36
2871,45,130,like,2025-02-14 01:54:55
2872,284,130,like,2025-02-14 01:54:19
2873,153,130,view,2025-02-14 01:44:46
2874,51,130,like,2025-02-14 02:50:20
2875,108,130,follow,2025-02-14 03:09:04
2876,116,130,view,2025-02-14 01:35:44
2877,46,130,view,2025-02-14 02:38:35
2878,117,130,view,2025-02-14 02:08:48
2879,140,130,follow,2025-02-14 01:48:14
2880,151,130,like,2025-02-14 02:53:51
2881,24,130,like,2025-02-14 04:32:41
2882,267,131,view,2025-07-27 21:52:39
2883,79,131,view,2025-07-27 19:59:57
2884,194,131,like,2025-07-27 20:30:49
2885,31,131,view,2025-07-27 20:09:00
2886,176,131,view,2025-07-27 21:12:02
2887,76,131,view,2025-07-27 19:55:40
2888,226,131,like,2025-07-27 20:11:02
2889,225,131,view,2025-07-27 21:49:07
2890,26,131,follow,2025-07-27 20:30:48
2891,271,131,like,2025-07-27 19:53:57
2892,120,132,view,2025-06-03 04:15:54
2893,151,132,like,2025-06-03 05:19:44
2894,231,132,like,2025-06-03 04:38:28
2895,275,132,view,2025-06-03 04:08:18
2896,191,132,view,2025-06-03 06:50:09
2897,72,132,follow,2025-06-03 04:05:33
2898,96,132,view,2025-06-03 04:04:29
2899,44,132,follow,2025-06-03 04:02:24
2900,147,132,like,2025-06-03 05:11:09
2901,149,132,view,2025-06-03 05:07:22
2902,171,132,view,2025-06-03 04:36:36
2903,56,132,view,2025-06-03 06:47:26
2904,108,132,view,2025-06-03 05:12:42
2905,97,132,view,2025-06-03 05:58:23
2906,136,132,follow,2025-06-03 04:59:56
2907,64,132,view,2025-06-03 06:32:58
2908,234,132,view,2025-06-03 06:27:03
2909,180,132,like,2025-06-03 04:36:21
2910,212,132,like,2025-06-03 04:14:38
2911,166,133,view,2025-04-08 17:48:17
2912,41,133,view,2025-04-08 18:00:06
2913,230,133,follow,2025-04-08 17:19:01
2914,51,133,view,2025-04-08 17:25:49
2915,204,133,view,2025-04-08 17:32:33
2916,106,133,like,2025-04-08 18:16:58
2917,219,133,view,2025-04-08 18:04:34
2918,260,133,follow,2025-04-08 18:44:27
2919,66,133,view,2025-04-08 17:45:42
2920,261,133,view,2025-04-08 17:28:51
2921,45,133,view,2025-04-08 17:37:01
2922,137,133,like,2025-04-08 17:40:00
2923,64,133,view,2025-04-08 19:51:51
2924,240,133,view,2025-04-08 17:30:41
2925,113,133,like,2025-04-08 18:39:12
2926,202,133,view,2025-04-08 20:12:11
2927,138,133,like,2025-04-08 17:56:54
2928,220,133,view,2025-04-08 18:59:44
2929,77,133,view,2025-04-08 18:56:19
2930,117,133,view,2025-04-08 18:04:41
2931,45,133,follow,2025-04-08 17:56:05
2932,186,133,view,2025-04-08 17:20:16
2933,175,133,follow,2025-04-08 20:16:35
2934,157,133,follow,2025-04-08 17:35:24
2935,297,134,view,2025-01-31 18:30:57
2936,213,134,view,2025-01-31 18:23:47
2937,125,134,view,2025-01-31 18:43:15
2938,192,134,view,2025-01-31 18:43:21
2939,271,134,view,2025-01-31 19:17:42
2940,129,134,view,2025-01-31 19:20:03
2941,5,134,view,2025-01-31 18:16:56
2942,106,134,like,2025-01-31 18:51:08
2943,256,134,view,2025-01-31 19:04:22
2944,189,134,like,2025-01-31 19:48:10
2945,39,134,view,2025-01-31 18:35:53
2946,68,134,like,2025-01-31 20:34:07
2947,264,134,view,2025-01-31 18:34:04
2948,277,134,view,2025-01-31 20:45:59
2949,274,134,view,2025-01-31 19:18:57
2950,103,134,like,2025-01-31 20:21:12
2951,62,134,view,2025-01-31 19:17:18
2952,131,134,like,2025-01-31 19:55:34
2953,122,134,view,2025-01-31 19:41:51
2954,33,134,view,2025-01-31 20:07:24
2955,122,134,view,2025-01-31 19:06:48
2956,71,134,follow,2025-01-31 18:18:18
2957,223,134,like,2025-01-31 18:58:06
2958,217,134,view,2025-01-31 18:14:13
2959,77,134,view,2025-01-31 18:37:24
2960,141,134,view,2025-01-31 21:03:07
2961,35,134,view,2025-01-31 18:43:46
2962,89,135,like,2025-07-12 22:40:59
2963,269,135,view,2025-07-12 22:51:01
2964,257,135,view,2025-07-12 22:41:55
2965,182,135,view,2025-07-13 00:45:12
2966,44,135,view,2025-07-12 22:31:27
2967,194,135,like,2025-07-12 23:02:27
2968,255,135,view,2025-07-12 22:30:02
2969,5,135,view,2025-07-12 23:39:36
2970,91,135,like,2025-07-12 23:05:14
2971,62,135,view,2025-07-12 23:19:41
2972,112,135,follow,2025-07-12 23:11:52
2973,231,135,view,2025-07-12 23:06:57
2974,171,135,view,2025-07-12 22:55:07
2975,40,135,like,2025-07-12 22:51:12
2976,73,135,view,2025-07-13 00:38:31
2977,94,135,like,2025-07-13 00:39:26
2978,167,135,view,2025-07-12 22:29:02
2979,231,135,like,2025-07-12 23:43:29
2980,201,135,like,2025-07-12 23:09:03
2981,97,135,view,2025-07-12 22:52:23
2982,73,135,like,2025-07-12 22:45:15
2983,298,135,follow,2025-07-13 00:24:53
2984,170,135,like,2025-07-12 22:27:13
2985,272,135,view,2025-07-12 22:45:37
2986,260,135,follow,2025-07-12 23:21:57
2987,65,135,view,2025-07-12 23:11:59
2988,16,135,view,2025-07-12 22:32:13
2989,18,135,view,2025-07-13 01:20:28
2990,21,135,view,2025-07-12 22:33:43
2991,198,136,view,2025-02-12 07:47:47
2992,119,136,follow,2025-02-12 09:25:56
2993,136,136,view,2025-02-12 07:49:49
2994,107,136,view,2025-02-12 09:25:58
2995,129,136,view,2025-02-12 08:17:09
2996,183,136,view,2025-02-12 08:24:16
2997,221,136,like,2025-02-12 08:12:25
2998,12,136,view,2025-02-12 09:37:59
2999,194,136,view,2025-02-12 07:49:26
3000,296,136,view,2025-02-12 08:59:18
3001,7,136,view,2025-02-12 11:24:11
3002,266,136,like,2025-02-12 08:25:33
3003,262,136,view,2025-02-12 10:59:48
3004,93,136,follow,2025-02-12 08:40:04
3005,227,136,view,2025-02-12 08:36:09
3006,248,136,like,2025-02-12 08:52:49
3007,176,136,follow,2025-02-12 07:55:12
3008,197,136,view,2025-02-12 10:13:00
3009,154,136,like,2025-02-12 08:29:29
3010,168,136,like,2025-02-12 08:12:49
3011,31,136,follow,2025-02-12 10:37:20
3012,283,136,follow,2025-02-12 08:36:42
3013,266,136,view,2025-02-12 08:19:37
3014,22,136,view,2025-02-12 08:25:39
3015,123,136,view,2025-02-12 08:33:53
3016,205,136,view,2025-02-12 08:31:51
3017,173,136,view,2025-02-12 08:02:57
3018,221,136,like,2025-02-12 07:52:06
3019,132,136,like,2025-02-12 08:59:32
3020,15,136,like,2025-02-12 08:48:20
3021,144,136,like,2025-02-12 11:41:50
3022,31,136,view,2025-02-12 09:25:43
3023,195,136,view,2025-02-12 08:39:00
3024,3,136,view,2025-02-12 08:09:24
3025,213,136,view,2025-02-12 07:52:21
3026,89,137,view,2025-08-23 23:24:05
3027,84,137,view,2025-08-23 23:24:03
3028,84,137,like,2025-08-24 01:01:06
3029,72,138,like,2025-02-21 09:01:29
3030,272,138,view,2025-02-21 07:27:10
3031,45,138,like,2025-02-21 06:53:31
3032,21,138,view,2025-02-21 07:52:28
3033,269,138,follow,2025-02-21 06:48:24
3034,175,138,view,2025-02-21 07:39:27
3035,212,138,follow,2025-02-21 08:23:19
3036,221,138,view,2025-02-21 07:09:38
3037,17,138,like,2025-02-21 06:52:47
3038,282,138,like,2025-02-21 06:58:44
3039,21,138,view,2025-02-21 06:39:41
3040,253,138,view,2025-02-21 06:43:55
3041,36,138,like,2025-02-21 06:45:27
3042,232,138,view,2025-02-21 06:54:58
3043,99,138,follow,2025-02-21 07:41:42
3044,79,138,view,2025-02-21 06:45:51
3045,92,138,like,2025-02-21 06:38:57
3046,71,138,like,2025-02-21 07:33:40
3047,54,138,like,2025-02-21 07:14:19
3048,89,138,like,2025-02-21 07:33:56
3049,299,138,view,2025-02-21 07:01:11
3050,255,138,like,2025-02-21 06:37:23
3051,181,138,like,2025-02-21 07:47:09
3052,109,139,view,2025-02-22 00:52:47
3053,3,139,like,2025-02-22 00:34:28
3054,298,139,follow,2025-02-21 23:59:02
3055,55,139,follow,2025-02-22 00:00:27
3056,61,139,like,2025-02-22 00:11:58
3057,145,139,like,2025-02-22 02:34:19
3058,273,139,view,2025-02-22 00:14:34
3059,44,139,like,2025-02-22 00:22:46
3060,201,139,like,2025-02-22 01:12:14
3061,221,139,view,2025-02-22 01:16:17
3062,144,139,view,2025-02-22 00:32:41
3063,102,139,view,2025-02-22 00:01:16
3064,113,139,like,2025-02-22 00:48:11
3065,4,139,like,2025-02-21 23:55:55
3066,184,139,follow,2025-02-22 03:18:44
3067,38,139,view,2025-02-21 23:53:14
3068,106,139,view,2025-02-22 00:39:34
3069,110,139,view,2025-02-22 00:17:06
3070,20,139,view,2025-02-22 00:13:37
3071,126,139,view,2025-02-22 00:02:54
3072,115,139,view,2025-02-22 02:15:44
3073,25,140,like,2025-03-13 12:00:17
3074,232,140,like,2025-03-13 11:31:45
3075,215,140,like,2025-03-13 11:25:12
3076,276,140,view,2025-03-13 12:50:29
3077,146,140,view,2025-03-13 13:34:11
3078,154,140,like,2025-03-13 13:27:52
3079,231,140,like,2025-03-13 12:41:58
3080,282,140,view,2025-03-13 13:36:18
3081,258,140,view,2025-03-13 12:18:16
3082,226,140,like,2025-03-13 11:32:24
3083,50,140,like,2025-03-13 13:02:31
3084,156,140,view,2025-03-13 13:00:01
3085,267,140,like,2025-03-13 11:31:08
3086,64,140,view,2025-03-13 12:27:04
3087,76,140,view,2025-03-13 11:23:42
3088,218,140,view,2025-03-13 13:39:36
3089,104,140,view,2025-03-13 12:21:01
3090,132,141,like,2025-05-13 11:52:33
3091,179,141,like,2025-05-13 11:42:30
3092,156,141,follow,2025-05-13 11:07:36
3093,87,141,like,2025-05-13 11:25:08
3094,1,141,view,2025-05-13 11:47:24
3095,257,141,view,2025-05-13 11:06:55
3096,88,141,view,2025-05-13 11:07:21
3097,10,141,view,2025-05-13 11:34:25
3098,205,141,like,2025-05-13 14:11:01
3099,130,141,view,2025-05-13 12:07:30
3100,140,141,like,2025-05-13 11:33:48
3101,63,141,view,2025-05-13 11:44:51
3102,53,141,like,2025-05-13 11:06:59
3103,70,141,view,2025-05-13 11:24:44
3104,186,141,view,2025-05-13 12:20:12
3105,107,141,like,2025-05-13 11:55:42
3106,139,141,view,2025-05-13 11:18:32
3107,274,141,like,2025-05-13 11:38:37
3108,293,141,view,2025-05-13 11:30:39
3109,93,142,view,2025-01-18 13:40:00
3110,229,142,view,2025-01-18 13:16:18
3111,281,142,like,2025-01-18 11:37:45
3112,288,142,view,2025-01-18 11:50:35
3113,64,142,view,2025-01-18 14:01:11
3114,221,142,view,2025-01-18 11:58:26
3115,286,142,follow,2025-01-18 12:36:11
3116,2,142,view,2025-01-18 11:35:58
3117,239,144,view,2025-01-21 04:23:52
3118,200,144,follow,2025-01-21 04:32:17
3119,80,144,follow,2025-01-21 04:23:20
3120,272,144,view,2025-01-21 05:56:52
3121,69,144,like,2025-01-21 07:39:20
3122,295,144,view,2025-01-21 06:42:18
3123,205,144,like,2025-01-21 05:10:10
3124,19,144,view,2025-01-21 05:00:17
3125,166,144,view,2025-01-21 04:42:35
3126,127,144,follow,2025-01-21 06:03:28
3127,104,144,view,2025-01-21 04:30:58
3128,89,144,view,2025-01-21 05:00:56
3129,214,144,follow,2025-01-21 06:04:12
3130,236,144,view,2025-01-21 04:25:27
3131,61,145,view,2025-08-04 21:11:52
3132,225,145,view,2025-08-04 23:07:48
3133,11,145,view,2025-08-04 21:16:28
3134,170,145,view,2025-08-04 21:14:46
3135,276,145,follow,2025-08-04 22:00:41
3136,66,145,view,2025-08-04 23:28:01
3137,294,145,like,2025-08-04 21:12:06
3138,39,145,follow,2025-08-04 22:50:15
3139,165,145,follow,2025-08-04 22:50:16
3140,177,145,view,2025-08-05 00:37:18
3141,226,145,follow,2025-08-04 21:06:32
3142,243,145,view,2025-08-04 21:01:51
3143,9,145,like,2025-08-04 21:10:41
3144,195,145,follow,2025-08-04 21:12:11
3145,1,145,like,2025-08-04 21:34:09
3146,165,145,view,2025-08-04 23:24:54
3147,175,145,follow,2025-08-04 22:42:33
3148,26,145,follow,2025-08-04 21:01:50
3149,272,145,view,2025-08-04 22:17:59
3150,84,145,view,2025-08-04 22:24:10
3151,128,145,like,2025-08-04 21:57:24
3152,109,145,like,2025-08-04 21:09:15
3153,272,145,like,2025-08-04 21:13:03
3154,74,145,view,2025-08-04 21:53:43
3155,116,145,view,2025-08-04 22:50:48
3156,122,145,view,2025-08-04 22:27:18
3157,123,145,view,2025-08-04 21:33:09
3158,215,145,view,2025-08-04 21:08:21
3159,27,145,view,2025-08-04 21:09:09
3160,3,145,view,2025-08-04 21:42:48
3161,26,145,view,2025-08-04 22:02:16
3162,157,145,like,2025-08-04 22:46:36
3163,165,146,view,2025-02-04 00:45:32
3164,81,146,like,2025-02-04 00:40:38
3165,107,146,view,2025-02-04 01:16:02
3166,53,146,view,2025-02-04 01:16:06
3167,47,146,like,2025-02-04 01:36:32
3168,255,146,follow,2025-02-04 03:10:25
3169,140,146,view,2025-02-04 01:14:42
3170,139,146,like,2025-02-04 00:33:35
3171,186,146,view,2025-02-04 02:07:45
3172,134,146,view,2025-02-04 00:37:38
3173,129,146,follow,2025-02-04 01:02:45
3174,22,146,view,2025-02-04 02:31:15
3175,91,146,follow,2025-02-04 00:42:30
3176,122,146,follow,2025-02-04 00:41:04
3177,239,146,view,2025-02-04 01:28:51
3178,216,146,like,2025-02-04 03:29:33
3179,144,146,view,2025-02-04 01:17:59
3180,198,146,like,2025-02-04 00:34:24
3181,278,146,follow,2025-02-04 01:08:54
3182,122,146,view,2025-02-04 02:21:39
3183,92,146,view,2025-02-04 01:45:10
3184,181,146,view,2025-02-04 02:42:29
3185,96,146,like,2025-02-04 02:42:56
3186,186,146,like,2025-02-04 01:34:17
3187,263,146,like,2025-02-04 01:19:14
3188,236,146,view,2025-02-04 03:50:36
3189,260,146,like,2025-02-04 00:46:09
3190,192,147,view,2025-03-21 18:41:05
3191,196,147,view,2025-03-21 19:31:49
3192,259,147,view,2025-03-21 19:01:51
3193,189,147,follow,2025-03-21 20:23:14
3194,283,147,like,2025-03-21 21:11:13
3195,124,147,view,2025-03-21 18:22:21
3196,132,147,view,2025-03-21 18:13:26
3197,278,147,view,2025-03-21 17:20:50
3198,73,147,view,2025-03-21 20:00:03
3199,177,147,view,2025-03-21 17:24:02
3200,300,147,view,2025-03-21 18:42:30
3201,221,147,view,2025-03-21 17:55:35
3202,156,147,follow,2025-03-21 18:08:24
3203,196,147,like,2025-03-21 18:56:01
3204,282,147,view,2025-03-21 17:38:47
3205,5,147,like,2025-03-21 19:22:18
3206,79,147,view,2025-03-21 18:29:23
3207,51,147,view,2025-03-21 17:31:32
3208,198,147,like,2025-03-21 19:32:02
3209,292,147,follow,2025-03-21 17:44:18
3210,74,147,like,2025-03-21 17:23:35
3211,257,147,view,2025-03-21 18:04:12
3212,194,148,view,2025-02-22 03:41:59
3213,172,148,like,2025-02-22 03:03:20
3214,151,148,view,2025-02-22 05:54:38
3215,25,148,like,2025-02-22 03:10:22
3216,13,148,like,2025-02-22 03:29:57
3217,143,148,like,2025-02-22 03:55:59
3218,240,148,like,2025-02-22 04:49:22
3219,277,148,like,2025-02-22 05:26:20
3220,90,148,follow,2025-02-22 05:51:45
3221,129,148,view,2025-02-22 03:47:05
3222,108,148,view,2025-02-22 03:24:27
3223,157,148,view,2025-02-22 03:04:21
3224,91,148,like,2025-02-22 03:27:00
3225,181,148,like,2025-02-22 03:05:37
3226,6,148,follow,2025-02-22 03:09:46
3227,172,148,follow,2025-02-22 03:34:05
3228,229,148,like,2025-02-22 06:53:35
3229,250,148,view,2025-02-22 04:42:47
3230,174,148,view,2025-02-22 03:07:37
3231,233,148,like,2025-02-22 03:11:24
3232,51,148,follow,2025-02-22 03:27:43
3233,79,148,follow,2025-02-22 03:05:36
3234,106,148,like,2025-02-22 03:20:05
3235,128,148,follow,2025-02-22 05:30:51
3236,26,148,view,2025-02-22 03:28:38
3237,102,148,follow,2025-02-22 03:06:10
3238,245,148,view,2025-02-22 03:19:58
3239,244,148,like,2025-02-22 03:30:55
3240,77,148,view,2025-02-22 03:13:39
3241,249,148,view,2025-02-22 04:15:13
3242,298,148,view,2025-02-22 03:03:41
3243,37,148,view,2025-02-22 04:16:36
3244,85,148,view,2025-02-22 04:31:33
3245,284,148,like,2025-02-22 03:53:08
3246,170,148,follow,2025-02-22 03:26:19
3247,50,148,view,2025-02-22 03:28:37
3248,180,148,view,2025-02-22 05:43:21
3249,268,148,like,2025-02-22 03:08:30
3250,105,148,view,2025-02-22 04:10:20
3251,14,148,view,2025-02-22 04:57:57
3252,160,149,like,2025-04-19 05:38:22
3253,241,149,view,2025-04-19 06:47:47
3254,171,149,like,2025-04-19 05:43:38
3255,76,149,view,2025-04-19 07:19:16
3256,61,149,view,2025-04-19 06:07:33
3257,63,149,view,2025-04-19 05:56:14
3258,213,149,view,2025-04-19 07:01:18
3259,220,149,view,2025-04-19 06:11:01
3260,211,149,follow,2025-04-19 07:16:04
3261,136,149,view,2025-04-19 05:31:52
3262,131,149,follow,2025-04-19 06:50:30
3263,44,149,view,2025-04-19 05:31:47
3264,125,150,view,2025-08-07 02:00:46
3265,274,150,view,2025-08-07 00:44:03
3266,151,150,view,2025-08-07 02:04:32
3267,221,150,view,2025-08-07 02:00:51
3268,234,150,like,2025-08-07 00:40:45
3269,70,150,like,2025-08-07 01:16:10
3270,7,150,like,2025-08-07 02:16:15
3271,236,150,view,2025-08-07 00:14:20
3272,78,150,follow,2025-08-07 00:44:33
3273,243,150,view,2025-08-07 01:33:16
3274,28,150,view,2025-08-07 01:38:57
3275,179,150,view,2025-08-07 00:38:45
3276,66,151,like,2025-03-04 03:25:47
3277,140,151,view,2025-03-04 03:34:01
3278,255,151,view,2025-03-04 04:39:31
3279,123,151,like,2025-03-04 04:13:47
3280,239,151,view,2025-03-04 04:21:58
3281,25,151,view,2025-03-04 04:10:37
3282,278,151,like,2025-03-04 06:50:09
3283,86,151,view,2025-03-04 05:27:58
3284,8,151,view,2025-03-04 03:22:26
3285,300,151,view,2025-03-04 03:43:17
3286,62,151,follow,2025-03-04 05:30:55
3287,145,151,view,2025-03-04 04:20:44
3288,64,151,like,2025-03-04 04:10:03
3289,200,151,like,2025-03-04 04:37:12
3290,10,151,view,2025-03-04 03:58:00
3291,238,151,view,2025-03-04 03:26:59
3292,166,151,follow,2025-03-04 05:17:14
3293,293,151,view,2025-03-04 03:56:43
3294,299,151,view,2025-03-04 05:28:20
3295,210,151,like,2025-03-04 04:00:18
3296,251,151,like,2025-03-04 03:56:04
3297,154,151,view,2025-03-04 06:14:07
3298,261,151,view,2025-03-04 03:44:04
3299,9,151,view,2025-03-04 04:15:19
3300,60,151,view,2025-03-04 03:14:14
3301,65,151,follow,2025-03-04 03:46:43
3302,133,151,like,2025-03-04 05:03:42
3303,2,151,view,2025-03-04 04:20:57
3304,207,151,view,2025-03-04 03:56:14
3305,46,151,view,2025-03-04 03:27:49
3306,200,151,view,2025-03-04 04:43:35
3307,41,151,like,2025-03-04 03:48:14
3308,161,151,view,2025-03-04 03:40:45
3309,65,151,view,2025-03-04 04:02:10
3310,203,151,view,2025-03-04 05:18:01
3311,175,151,view,2025-03-04 04:30:03
3312,243,151,view,2025-03-04 03:25:25
3313,162,151,view,2025-03-04 04:29:54
3314,108,152,follow,2025-03-04 06:48:49
3315,205,152,view,2025-03-04 05:39:04
3316,95,152,view,2025-03-04 05:28:52
3317,281,152,follow,2025-03-04 06:33:36
3318,151,152,view,2025-03-04 04:59:05
3319,263,152,view,2025-03-04 05:02:17
3320,234,152,like,2025-03-04 05:28:08
3321,137,152,like,2025-03-04 04:56:12
3322,286,152,view,2025-03-04 05:51:16
3323,88,152,view,2025-03-04 05:13:32
3324,230,152,like,2025-03-04 06:24:37
3325,96,152,view,2025-03-04 04:45:00
3326,278,152,view,2025-03-04 05:34:42
3327,165,152,view,2025-03-04 07:05:36
3328,99,152,view,2025-03-04 05:58:22
3329,18,152,view,2025-03-04 06:15:41
3330,60,152,like,2025-03-04 05:14:06
3331,180,152,like,2025-03-04 04:58:51
3332,26,152,view,2025-03-04 07:05:14
3333,169,152,view,2025-03-04 06:38:55
3334,269,152,like,2025-03-04 05:05:12
3335,204,152,view,2025-03-04 05:53:57
3336,117,152,view,2025-03-04 06:56:54
3337,132,152,follow,2025-03-04 04:42:13
3338,107,152,view,2025-03-04 05:51:48
3339,267,152,like,2025-03-04 04:57:01
3340,38,152,view,2025-03-04 05:42:49
3341,197,152,like,2025-03-04 05:02:05
3342,78,152,follow,2025-03-04 06:19:29
3343,79,153,like,2025-05-22 20:56:57
3344,162,153,view,2025-05-22 21:12:20
3345,134,153,view,2025-05-22 21:59:44
3346,7,153,like,2025-05-22 21:44:22
3347,77,153,like,2025-05-22 21:43:05
3348,280,153,like,2025-05-22 21:45:01
3349,160,153,like,2025-05-22 21:12:17
3350,218,153,follow,2025-05-22 21:19:48
3351,114,153,view,2025-05-22 21:28:29
3352,99,153,view,2025-05-22 23:20:34
3353,166,153,view,2025-05-22 20:56:45
3354,159,153,like,2025-05-22 20:46:46
3355,253,153,view,2025-05-22 21:18:59
3356,162,153,view,2025-05-22 21:13:20
3357,133,153,like,2025-05-22 20:47:00
3358,121,153,view,2025-05-22 20:43:27
3359,60,153,follow,2025-05-22 21:50:30
3360,47,153,view,2025-05-22 21:44:24
3361,11,153,like,2025-05-22 22:18:40
3362,261,153,view,2025-05-22 21:33:29
3363,144,153,like,2025-05-22 21:04:42
3364,40,153,like,2025-05-22 21:56:53
3365,128,153,like,2025-05-22 21:13:15
3366,84,153,view,2025-05-22 20:53:16
3367,12,153,like,2025-05-22 21:25:58
3368,69,154,view,2025-04-06 01:50:35
3369,66,154,view,2025-04-06 02:44:39
3370,181,154,like,2025-04-06 02:11:20
3371,14,154,view,2025-04-06 01:49:45
3372,205,154,view,2025-04-06 02:11:07
3373,242,154,view,2025-04-06 03:52:09
3374,5,154,view,2025-04-06 02:33:58
3375,279,154,like,2025-04-06 03:35:49
3376,39,154,follow,2025-04-06 02:05:12
3377,215,154,view,2025-04-06 02:08:19
3378,118,154,like,2025-04-06 03:55:02
3379,184,154,like,2025-04-06 01:52:42
3380,112,154,like,2025-04-06 02:14:56
3381,47,154,view,2025-04-06 02:04:18
3382,38,154,follow,2025-04-06 02:20:03
3383,262,154,follow,2025-04-06 01:58:58
3384,195,154,view,2025-04-06 04:16:39
3385,154,154,view,2025-04-06 04:13:19
3386,269,154,like,2025-04-06 01:51:12
3387,214,154,view,2025-04-06 04:32:40
3388,48,154,like,2025-04-06 03:38:12
3389,218,154,like,2025-04-06 04:19:33
3390,10,154,view,2025-04-06 03:50:33
3391,15,154,view,2025-04-06 02:11:38
3392,248,154,like,2025-04-06 01:52:40
3393,226,154,view,2025-04-06 02:05:20
3394,137,154,like,2025-04-06 02:57:56
3395,59,154,view,2025-04-06 02:29:38
3396,28,154,follow,2025-04-06 02:30:07
3397,274,154,like,2025-04-06 02:18:33
3398,149,154,view,2025-04-06 02:10:26
3399,98,154,follow,2025-04-06 03:06:55
3400,40,155,view,2025-03-16 05:26:19
3401,233,155,view,2025-03-16 03:29:34
3402,285,155,like,2025-03-16 06:16:46
3403,197,155,view,2025-03-16 04:39:43
3404,27,155,view,2025-03-16 04:25:14
3405,194,155,like,2025-03-16 03:43:49
3406,112,155,view,2025-03-16 03:57:21
3407,189,155,like,2025-03-16 04:46:18
3408,266,155,view,2025-03-16 04:37:09
3409,187,155,view,2025-03-16 05:26:26
3410,103,155,like,2025-03-16 04:04:11
3411,180,155,like,2025-03-16 03:17:41
3412,67,155,view,2025-03-16 05:04:59
3413,251,155,view,2025-03-16 03:08:00
3414,133,155,view,2025-03-16 05:23:02
3415,33,155,view,2025-03-16 04:25:20
3416,116,155,view,2025-03-16 03:19:39
3417,271,155,view,2025-03-16 03:24:08
3418,187,155,view,2025-03-16 04:05:42
3419,130,155,view,2025-03-16 03:40:57
3420,87,155,view,2025-03-16 04:42:20
3421,56,155,view,2025-03-16 05:17:19
3422,146,155,follow,2025-03-16 03:16:41
3423,283,155,view,2025-03-16 03:22:27
3424,223,155,follow,2025-03-16 03:05:16
3425,296,155,like,2025-03-16 04:09:18
3426,115,155,view,2025-03-16 04:04:24
3427,295,156,view,2025-09-13 17:10:44
3428,135,156,like,2025-09-13 17:50:16
3429,53,156,view,2025-09-13 16:51:15
3430,163,156,view,2025-09-13 20:01:02
3431,123,156,like,2025-09-13 18:32:45
3432,82,156,view,2025-09-13 17:14:27
3433,29,156,view,2025-09-13 16:59:52
3434,49,156,view,2025-09-13 16:56:24
3435,68,157,like,2025-01-27 02:35:34
3436,192,157,like,2025-01-27 02:57:21
3437,61,157,view,2025-01-27 01:25:52
3438,60,157,view,2025-01-27 04:29:26
3439,235,157,view,2025-01-27 01:44:47
3440,230,157,view,2025-01-27 02:58:43
3441,217,157,view,2025-01-27 02:35:59
3442,162,157,follow,2025-01-27 01:56:08
3443,129,157,view,2025-01-27 01:13:52
3444,103,157,like,2025-01-27 01:46:14
3445,51,157,like,2025-01-27 01:19:48
3446,99,157,follow,2025-01-27 01:31:42
3447,93,157,view,2025-01-27 01:10:51
3448,27,157,view,2025-01-27 01:15:05
3449,49,157,like,2025-01-27 02:07:13
3450,147,157,view,2025-01-27 01:49:22
3451,263,157,view,2025-01-27 04:34:27
3452,285,157,view,2025-01-27 02:38:45
3453,194,157,like,2025-01-27 01:15:27
3454,42,157,view,2025-01-27 01:46:20
3455,79,157,like,2025-01-27 02:48:30
3456,173,157,like,2025-01-27 02:23:00
3457,171,157,view,2025-01-27 03:17:53
3458,281,157,view,2025-01-27 02:10:31
3459,157,157,view,2025-01-27 01:19:59
3460,115,157,like,2025-01-27 03:26:19
3461,45,157,follow,2025-01-27 03:42:31
3462,194,157,view,2025-01-27 02:19:35
3463,254,157,view,2025-01-27 01:25:37
3464,219,157,like,2025-01-27 05:01:11
3465,288,157,like,2025-01-27 04:28:18
3466,267,157,view,2025-01-27 02:10:11
3467,270,157,view,2025-01-27 03:45:49
3468,25,157,follow,2025-01-27 01:47:23
3469,165,157,like,2025-01-27 01:18:29
3470,298,157,view,2025-01-27 01:57:49
3471,115,158,like,2025-01-09 00:28:33
3472,164,158,view,2025-01-08 23:46:34
3473,83,158,view,2025-01-08 23:59:43
3474,136,158,view,2025-01-09 01:17:41
3475,32,158,view,2025-01-09 01:38:00
3476,298,158,view,2025-01-09 00:40:34
3477,9,158,like,2025-01-08 23:54:14
3478,259,158,like,2025-01-09 00:28:50
3479,80,158,view,2025-01-08 23:58:14
3480,217,159,like,2025-02-10 14:58:28
3481,203,159,like,2025-02-10 14:18:19
3482,164,159,follow,2025-02-10 15:23:38
3483,264,160,follow,2025-03-26 17:52:14
3484,54,160,view,2025-03-26 19:25:35
3485,63,160,view,2025-03-26 20:53:48
3486,8,160,view,2025-03-26 18:38:36
3487,222,160,like,2025-03-26 18:28:32
3488,259,160,view,2025-03-26 19:41:06
3489,28,160,view,2025-03-26 18:05:15
3490,237,160,view,2025-03-26 19:50:26
3491,91,160,like,2025-03-26 17:53:07
3492,41,160,view,2025-03-26 18:18:14
3493,216,160,follow,2025-03-26 18:25:26
3494,56,160,like,2025-03-26 20:50:27
3495,151,160,view,2025-03-26 17:46:04
3496,86,160,view,2025-03-26 17:53:07
3497,238,160,view,2025-03-26 17:43:18
3498,27,160,follow,2025-03-26 19:12:24
3499,274,160,like,2025-03-26 20:25:19
3500,117,160,like,2025-03-26 19:33:31
3501,138,160,view,2025-03-26 19:48:39
3502,28,160,like,2025-03-26 19:20:46
3503,242,160,view,2025-03-26 18:41:45
3504,251,160,view,2025-03-26 19:13:57
3505,90,160,like,2025-03-26 18:14:26
3506,86,160,view,2025-03-26 18:10:43
3507,51,160,view,2025-03-26 18:01:18
3508,184,161,follow,2025-06-11 13:46:16
3509,181,161,view,2025-06-11 15:05:36
3510,128,161,view,2025-06-11 14:04:20
3511,117,161,follow,2025-06-11 13:53:03
3512,134,161,follow,2025-06-11 14:02:52
3513,263,161,view,2025-06-11 15:53:32
3514,182,162,like,2025-08-13 18:02:51
3515,272,162,follow,2025-08-13 17:16:42
3516,168,162,follow,2025-08-13 17:31:16
3517,120,162,view,2025-08-13 20:30:53
3518,264,162,like,2025-08-13 17:09:55
3519,117,162,view,2025-08-13 18:11:02
3520,155,162,follow,2025-08-13 17:58:16
3521,108,162,like,2025-08-13 17:26:15
3522,192,162,view,2025-08-13 18:46:49
3523,262,162,like,2025-08-13 17:47:29
3524,275,162,like,2025-08-13 19:12:20
3525,59,162,view,2025-08-13 17:15:45
3526,280,162,follow,2025-08-13 17:38:11
3527,151,162,view,2025-08-13 18:37:03
3528,204,162,view,2025-08-13 17:10:11
3529,259,162,like,2025-08-13 18:05:32
3530,10,162,like,2025-08-13 18:04:38
3531,57,162,view,2025-08-13 17:17:53
3532,108,162,follow,2025-08-13 19:36:58
3533,292,162,view,2025-08-13 17:42:26
3534,274,162,view,2025-08-13 18:10:19
3535,224,162,view,2025-08-13 17:33:48
3536,276,162,like,2025-08-13 19:01:50
3537,128,162,follow,2025-08-13 17:16:51
3538,42,162,view,2025-08-13 17:42:45
3539,66,162,follow,2025-08-13 18:16:20
3540,139,162,view,2025-08-13 17:32:48
3541,206,162,view,2025-08-13 19:19:37
3542,27,162,view,2025-08-13 18:38:39
3543,206,162,like,2025-08-13 17:13:03
3544,194,162,like,2025-08-13 18:21:22
3545,72,162,view,2025-08-13 17:17:22
3546,266,162,view,2025-08-13 18:05:07
3547,258,162,view,2025-08-13 17:28:22
3548,64,162,like,2025-08-13 19:10:07
3549,157,162,follow,2025-08-13 18:10:41
3550,193,162,like,2025-08-13 18:15:44
3551,280,163,follow,2025-03-16 05:12:13
3552,248,163,follow,2025-03-16 04:35:51
3553,56,163,view,2025-03-16 06:16:49
3554,55,163,view,2025-03-16 04:52:14
3555,248,163,view,2025-03-16 06:44:53
3556,10,163,view,2025-03-16 04:45:19
3557,103,163,like,2025-03-16 05:09:16
3558,45,163,view,2025-03-16 04:37:05
3559,127,164,like,2025-03-26 01:46:25
3560,251,164,like,2025-03-25 23:18:23
3561,50,164,like,2025-03-26 01:17:34
3562,22,164,view,2025-03-26 01:38:23
3563,238,164,view,2025-03-26 01:18:52
3564,285,164,view,2025-03-26 00:13:26
3565,34,164,follow,2025-03-25 23:53:51
3566,268,164,follow,2025-03-25 23:22:29
3567,258,164,follow,2025-03-25 23:21:26
3568,222,164,follow,2025-03-26 00:04:42
3569,83,165,view,2025-09-02 15:21:11
3570,113,165,like,2025-09-02 14:50:40
3571,98,165,view,2025-09-02 15:04:57
3572,126,165,view,2025-09-02 14:33:15
3573,72,165,like,2025-09-02 14:21:25
3574,56,165,like,2025-09-02 14:06:39
3575,9,165,like,2025-09-02 14:08:09
3576,2,165,view,2025-09-02 14:06:54
3577,41,165,view,2025-09-02 14:16:45
3578,27,165,view,2025-09-02 14:28:52
3579,54,165,view,2025-09-02 14:13:26
3580,74,165,view,2025-09-02 17:01:12
3581,67,165,like,2025-09-02 14:56:26
3582,278,165,view,2025-09-02 15:04:13
3583,11,165,like,2025-09-02 16:32:36
3584,60,165,like,2025-09-02 17:05:14
3585,222,165,view,2025-09-02 15:47:45
3586,33,165,follow,2025-09-02 15:17:14
3587,279,165,view,2025-09-02 14:35:20
3588,197,165,view,2025-09-02 16:17:28
3589,86,165,view,2025-09-02 14:18:16
3590,243,165,like,2025-09-02 14:13:04
3591,8,165,view,2025-09-02 14:18:49
3592,289,166,follow,2025-05-20 20:47:52
3593,146,166,view,2025-05-20 21:01:12
3594,106,166,view,2025-05-20 21:09:25
3595,211,166,view,2025-05-20 21:59:54
3596,293,166,like,2025-05-20 21:51:07
3597,123,166,view,2025-05-20 21:18:03
3598,218,166,like,2025-05-20 20:39:06
3599,208,166,like,2025-05-20 22:45:05
3600,97,166,view,2025-05-20 21:35:39
3601,300,166,follow,2025-05-20 22:28:24
3602,256,166,view,2025-05-20 22:56:05
3603,32,167,view,2025-05-24 02:45:56
3604,104,167,view,2025-05-24 02:46:21
3605,197,167,view,2025-05-24 02:34:09
3606,154,167,view,2025-05-24 03:35:32
3607,189,167,like,2025-05-24 03:38:58
3608,55,167,like,2025-05-24 04:21:07
3609,106,167,follow,2025-05-24 04:09:03
3610,23,167,view,2025-05-24 03:43:03
3611,300,167,follow,2025-05-24 02:40:57
3612,30,167,view,2025-05-24 02:37:04
3613,239,167,view,2025-05-24 03:41:31
3614,32,167,view,2025-05-24 02:56:57
3615,211,167,like,2025-05-24 03:04:34
3616,222,167,like,2025-05-24 03:16:17
3617,128,167,view,2025-05-24 03:17:47
3618,136,167,view,2025-05-24 03:00:09
3619,86,167,follow,2025-05-24 03:00:42
3620,186,167,view,2025-05-24 04:01:28
3621,185,167,view,2025-05-24 05:43:50
3622,68,167,view,2025-05-24 02:44:37
3623,239,167,view,2025-05-24 04:14:54
3624,133,167,view,2025-05-24 03:44:51
3625,104,167,view,2025-05-24 02:21:45
3626,220,168,like,2025-06-20 23:43:05
3627,27,168,like,2025-06-20 22:09:11
3628,56,168,follow,2025-06-20 23:31:59
3629,26,168,view,2025-06-20 23:07:30
3630,138,168,view,2025-06-21 00:29:40
3631,116,168,view,2025-06-21 00:23:45
3632,59,168,view,2025-06-21 01:04:59
3633,258,168,view,2025-06-20 22:13:42
3634,83,168,follow,2025-06-20 22:45:05
3635,241,168,view,2025-06-20 22:18:00
3636,152,168,follow,2025-06-20 22:56:35
3637,48,168,view,2025-06-20 23:10:49
3638,287,168,view,2025-06-20 23:18:51
3639,174,168,view,2025-06-20 22:45:18
3640,21,168,like,2025-06-21 00:47:19
3641,130,168,like,2025-06-20 22:03:35
3642,262,168,follow,2025-06-20 22:58:43
3643,202,168,view,2025-06-20 22:07:46
3644,279,168,follow,2025-06-21 00:46:34
3645,4,168,view,2025-06-20 22:53:12
3646,206,168,view,2025-06-20 22:45:25
3647,154,168,view,2025-06-20 22:17:34
3648,249,168,view,2025-06-20 22:04:59
3649,154,168,view,2025-06-20 22:38:08
3650,102,168,view,2025-06-20 22:43:02
3651,231,168,view,2025-06-20 22:42:08
3652,215,168,like,2025-06-20 22:05:47
3653,1,168,like,2025-06-20 22:25:02
3654,117,168,view,2025-06-20 22:37:07
3655,263,168,view,2025-06-20 22:53:27
3656,99,168,view,2025-06-20 22:05:53
3657,14,168,view,2025-06-20 23:09:33
3658,89,168,like,2025-06-21 00:16:50
3659,98,168,view,2025-06-20 23:42:59
3660,25,168,view,2025-06-20 22:53:43
3661,205,168,view,2025-06-20 23:04:13
3662,132,169,view,2025-03-19 22:47:20
3663,217,169,view,2025-03-20 01:07:58
3664,285,169,like,2025-03-19 21:55:30
3665,228,170,follow,2025-08-08 11:01:17
3666,14,170,follow,2025-08-08 08:59:49
3667,116,170,view,2025-08-08 10:07:56
3668,202,170,follow,2025-08-08 11:49:14
3669,26,170,view,2025-08-08 09:37:28
3670,131,170,follow,2025-08-08 09:04:07
3671,284,170,like,2025-08-08 09:37:08
3672,192,170,view,2025-08-08 10:25:50
3673,87,171,follow,2025-07-12 22:51:06
3674,297,171,view,2025-07-12 22:24:35
3675,5,171,view,2025-07-12 23:34:27
3676,292,171,view,2025-07-12 22:14:09
3677,14,171,view,2025-07-12 23:28:52
3678,194,171,like,2025-07-12 23:49:51
3679,226,171,view,2025-07-13 00:55:02
3680,248,171,like,2025-07-12 22:21:12
3681,292,171,like,2025-07-12 22:01:05
3682,83,171,like,2025-07-12 22:24:00
3683,47,171,like,2025-07-13 00:17:50
3684,203,171,view,2025-07-12 22:34:57
3685,284,171,view,2025-07-12 22:14:58
3686,86,171,like,2025-07-12 22:58:06
3687,114,171,like,2025-07-12 23:23:55
3688,121,171,view,2025-07-12 22:05:29
3689,131,171,follow,2025-07-12 22:28:48
3690,202,171,view,2025-07-12 22:05:27
3691,165,171,like,2025-07-12 23:07:14
3692,4,171,view,2025-07-12 22:31:21
3693,244,171,follow,2025-07-12 22:45:36
3694,98,171,follow,2025-07-12 22:05:00
3695,242,171,view,2025-07-12 22:08:15
3696,72,171,view,2025-07-12 21:58:33
3697,69,171,view,2025-07-12 22:16:22
3698,152,171,view,2025-07-12 23:38:58
3699,261,171,like,2025-07-12 21:54:51
3700,279,171,view,2025-07-12 21:58:43
3701,73,171,view,2025-07-12 22:26:16
3702,95,171,view,2025-07-13 00:32:10
3703,109,171,view,2025-07-12 21:58:46
3704,93,171,view,2025-07-12 22:03:53
3705,295,171,view,2025-07-12 23:18:41
3706,177,171,view,2025-07-12 22:53:51
3707,290,171,like,2025-07-12 22:26:48
3708,273,171,view,2025-07-12 22:12:24
3709,244,171,view,2025-07-13 00:52:03
3710,29,171,view,2025-07-12 22:35:41
3711,154,171,like,2025-07-12 23:35:34
3712,59,171,view,2025-07-12 22:03:05
3713,130,172,view,2025-08-20 10:58:49
3714,13,172,like,2025-08-20 11:03:46
3715,264,172,like,2025-08-20 12:01:26
3716,86,172,follow,2025-08-20 10:44:11
3717,42,172,view,2025-08-20 10:26:01
3718,281,172,view,2025-08-20 11:17:44
3719,9,172,like,2025-08-20 10:50:59
3720,250,172,follow,2025-08-20 11:52:11
3721,90,172,view,2025-08-20 11:14:44
3722,165,172,like,2025-08-20 10:31:25
3723,143,172,like,2025-08-20 13:46:46
3724,177,172,view,2025-08-20 10:26:38
3725,207,172,like,2025-08-20 12:41:41
3726,91,172,follow,2025-08-20 11:59:28
3727,212,172,view,2025-08-20 12:35:30
3728,102,172,view,2025-08-20 13:14:39
3729,24,172,view,2025-08-20 10:53:22
3730,235,172,follow,2025-08-20 11:40:03
3731,274,172,view,2025-08-20 11:45:34
3732,265,172,follow,2025-08-20 10:32:26
3733,3,172,view,2025-08-20 10:41:03
3734,117,172,view,2025-08-20 11:09:26
3735,271,172,view,2025-08-20 11:35:03
3736,53,172,view,2025-08-20 10:40:47
3737,175,172,view,2025-08-20 10:20:38
3738,194,173,like,2025-06-14 10:14:26
3739,107,173,like,2025-06-14 11:49:22
3740,77,173,view,2025-06-14 10:19:05
3741,54,173,like,2025-06-14 10:00:36
3742,164,173,view,2025-06-14 09:36:39
3743,275,173,view,2025-06-14 12:55:35
3744,98,173,view,2025-06-14 11:08:12
3745,119,173,follow,2025-06-14 09:44:42
3746,226,173,view,2025-06-14 11:08:42
3747,133,173,view,2025-06-14 10:00:30
3748,32,173,view,2025-06-14 10:03:10
3749,165,173,follow,2025-06-14 09:59:05
3750,123,173,view,2025-06-14 11:30:46
3751,192,173,like,2025-06-14 11:45:21
3752,14,173,like,2025-06-14 09:42:54
3753,124,173,follow,2025-06-14 10:29:58
3754,164,173,view,2025-06-14 09:55:11
3755,100,174,like,2025-01-22 12:33:12
3756,135,174,like,2025-01-22 11:55:24
3757,230,174,like,2025-01-22 11:25:53
3758,32,174,like,2025-01-22 10:49:15
3759,158,174,view,2025-01-22 10:51:06
3760,115,174,like,2025-01-22 11:10:35
3761,10,174,view,2025-01-22 11:21:28
3762,299,174,like,2025-01-22 12:49:53
3763,176,174,view,2025-01-22 12:24:38
3764,93,174,view,2025-01-22 11:17:53
3765,196,174,like,2025-01-22 11:13:13
3766,137,174,view,2025-01-22 11:35:43
3767,166,174,like,2025-01-22 13:19:29
3768,217,174,view,2025-01-22 13:40:42
3769,75,174,view,2025-01-22 10:51:30
3770,17,174,view,2025-01-22 12:08:47
3771,94,174,view,2025-01-22 11:10:55
3772,281,174,follow,2025-01-22 10:54:47
3773,118,174,view,2025-01-22 10:41:58
3774,95,174,view,2025-01-22 12:44:44
3775,184,174,follow,2025-01-22 11:00:13
3776,231,174,view,2025-01-22 10:35:09
3777,249,174,view,2025-01-22 11:44:16
3778,261,174,view,2025-01-22 11:07:03
3779,190,174,view,2025-01-22 11:04:32
3780,158,174,like,2025-01-22 11:56:46
3781,3,174,view,2025-01-22 10:39:22
3782,159,174,view,2025-01-22 12:27:38
3783,3,174,follow,2025-01-22 11:02:04
3784,47,174,view,2025-01-22 11:46:14
3785,138,174,view,2025-01-22 11:05:46
3786,132,174,like,2025-01-22 11:26:07
3787,238,174,view,2025-01-22 12:45:45
3788,300,174,view,2025-01-22 10:33:53
3789,201,174,view,2025-01-22 11:05:41
3790,186,174,view,2025-01-22 11:11:30
3791,274,174,like,2025-01-22 10:32:32
3792,115,175,follow,2025-03-17 10:23:21
3793,18,175,view,2025-03-17 10:26:16
3794,149,175,like,2025-03-17 11:14:21
3795,290,175,like,2025-03-17 10:06:30
3796,19,175,view,2025-03-17 10:03:17
3797,7,175,view,2025-03-17 12:19:58
3798,72,175,view,2025-03-17 10:57:51
3799,278,175,view,2025-03-17 10:11:58
3800,203,175,like,2025-03-17 10:08:36
3801,114,175,view,2025-03-17 10:01:10
3802,33,175,view,2025-03-17 10:47:51
3803,189,175,view,2025-03-17 10:02:30
3804,10,175,view,2025-03-17 10:13:54
3805,158,175,like,2025-03-17 11:27:58
3806,72,175,follow,2025-03-17 10:33:53
3807,242,175,follow,2025-03-17 10:40:59
3808,164,175,like,2025-03-17 10:37:59
3809,192,175,view,2025-03-17 10:04:12
3810,191,175,view,2025-03-17 11:11:30
3811,56,175,view,2025-03-17 10:18:06
3812,29,175,view,2025-03-17 10:06:57
3813,271,175,like,2025-03-17 10:19:40
3814,156,175,view,2025-03-17 10:10:44
3815,39,175,follow,2025-03-17 10:17:06
3816,117,175,like,2025-03-17 10:44:17
3817,39,175,view,2025-03-17 11:33:41
3818,165,175,like,2025-03-17 10:04:41
3819,119,175,like,2025-03-17 11:32:08
3820,102,175,like,2025-03-17 10:44:51
3821,178,175,view,2025-03-17 10:38:55
3822,276,175,view,2025-03-17 10:01:02
3823,219,176,like,2025-09-13 13:00:53
3824,149,176,follow,2025-09-13 13:51:21
3825,252,176,follow,2025-09-13 13:28:06
3826,282,176,view,2025-09-13 15:51:28
3827,154,176,view,2025-09-13 13:03:10
3828,295,176,view,2025-09-13 12:57:53
3829,75,176,view,2025-09-13 12:48:35
3830,26,176,view,2025-09-13 13:41:08
3831,190,176,view,2025-09-13 12:55:57
3832,66,176,view,2025-09-13 14:44:45
3833,152,176,view,2025-09-13 13:05:14
3834,278,176,follow,2025-09-13 13:09:51
3835,114,176,view,2025-09-13 14:46:07
3836,75,176,follow,2025-09-13 12:56:44
3837,202,176,follow,2025-09-13 14:40:30
3838,196,176,follow,2025-09-13 13:00:23
3839,58,176,view,2025-09-13 14:12:44
3840,6,176,view,2025-09-13 13:11:28
3841,208,176,like,2025-09-13 13:44:41
3842,134,176,view,2025-09-13 12:44:24
3843,155,176,view,2025-09-13 15:29:07
3844,264,176,view,2025-09-13 12:57:48
3845,73,176,view,2025-09-13 13:37:36
3846,22,176,like,2025-09-13 12:51:48
3847,153,176,follow,2025-09-13 14:18:15
3848,103,176,like,2025-09-13 12:48:53
3849,116,176,like,2025-09-13 13:53:36
3850,168,177,like,2025-09-06 14:23:28
3851,285,177,view,2025-09-06 14:56:38
3852,130,177,follow,2025-09-06 13:57:14
3853,286,178,view,2025-04-30 12:40:28
3854,223,178,view,2025-04-30 13:01:43
3855,169,178,view,2025-04-30 11:48:58
3856,273,178,like,2025-04-30 11:53:58
3857,145,179,like,2025-07-22 17:12:56
3858,130,179,view,2025-07-22 17:54:01
3859,208,179,view,2025-07-22 18:08:06
3860,214,179,like,2025-07-22 18:12:03
3861,220,179,view,2025-07-22 17:09:03
3862,51,179,view,2025-07-22 17:05:23
3863,278,179,view,2025-07-22 17:04:52
3864,212,179,view,2025-07-22 17:10:26
3865,17,179,like,2025-07-22 17:44:12
3866,226,179,like,2025-07-22 17:06:55
3867,133,179,view,2025-07-22 19:06:16
3868,112,179,view,2025-07-22 18:28:25
3869,208,179,like,2025-07-22 18:15:51
3870,209,179,view,2025-07-22 17:31:11
3871,45,179,view,2025-07-22 17:15:56
3872,170,179,view,2025-07-22 17:01:00
3873,168,179,view,2025-07-22 17:51:44
3874,192,179,view,2025-07-22 18:13:02
3875,104,179,view,2025-07-22 16:57:35
3876,242,179,like,2025-07-22 18:54:47
3877,132,179,view,2025-07-22 17:14:10
3878,298,179,view,2025-07-22 17:48:36
3879,113,179,view,2025-07-22 19:20:29
3880,174,179,view,2025-07-22 17:04:10
3881,9,179,view,2025-07-22 17:00:26
3882,181,179,like,2025-07-22 18:07:50
3883,207,179,like,2025-07-22 17:22:39
3884,8,179,view,2025-07-22 16:57:22
3885,166,179,view,2025-07-22 17:02:22
3886,202,179,view,2025-07-22 18:36:51
3887,121,179,view,2025-07-22 16:57:42
3888,189,179,view,2025-07-22 17:25:49
3889,145,179,view,2025-07-22 20:41:25
3890,280,179,view,2025-07-22 17:13:25
3891,182,180,view,2025-05-11 22:03:43
3892,42,180,view,2025-05-11 22:15:10
3893,263,180,view,2025-05-11 21:22:33
3894,280,180,view,2025-05-11 21:43:47
3895,116,180,like,2025-05-11 21:49:22
3896,254,180,view,2025-05-11 21:22:07
3897,116,180,view,2025-05-12 00:44:47
3898,191,180,view,2025-05-11 21:34:53
3899,65,180,follow,2025-05-11 21:52:02
3900,45,180,like,2025-05-11 21:30:47
3901,295,180,view,2025-05-11 21:35:34
3902,93,180,view,2025-05-11 22:32:11
3903,247,180,like,2025-05-11 22:52:34
3904,73,180,like,2025-05-11 21:22:35
3905,34,180,like,2025-05-12 00:58:04
3906,88,180,view,2025-05-11 21:43:32
3907,158,180,view,2025-05-11 21:59:00
3908,237,180,view,2025-05-11 21:44:26
3909,116,180,like,2025-05-11 23:23:00
3910,63,180,like,2025-05-11 22:03:09
3911,117,180,view,2025-05-11 21:23:49
3912,216,180,follow,2025-05-11 22:02:45
3913,259,180,view,2025-05-11 21:33:35
3914,41,180,like,2025-05-11 21:52:43
3915,190,180,view,2025-05-11 23:07:13
3916,204,180,like,2025-05-11 23:51:00
3917,107,180,view,2025-05-11 22:37:39
3918,245,180,view,2025-05-11 21:28:38
3919,219,180,like,2025-05-11 21:26:29
3920,248,180,like,2025-05-11 21:38:32
3921,95,180,view,2025-05-11 22:55:33
3922,75,180,view,2025-05-11 22:34:45
3923,198,180,view,2025-05-11 21:54:57
3924,20,180,like,2025-05-11 23:41:33
3925,57,180,follow,2025-05-11 21:48:22
3926,41,180,follow,2025-05-11 21:40:54
3927,200,182,follow,2025-07-01 02:22:30
3928,215,182,view,2025-07-01 02:21:13
3929,232,182,like,2025-07-01 02:51:04
3930,61,183,view,2025-09-24 13:24:05
3931,275,183,view,2025-09-24 11:03:46
3932,14,183,like,2025-09-24 10:04:48
3933,270,183,like,2025-09-24 10:23:03
3934,195,183,follow,2025-09-24 09:37:19
3935,12,183,view,2025-09-24 09:34:28
3936,4,183,view,2025-09-24 09:48:23
3937,38,183,follow,2025-09-24 09:40:32
3938,279,183,follow,2025-09-24 11:16:42
3939,117,183,like,2025-09-24 10:20:29
3940,197,183,like,2025-09-24 10:28:35
3941,102,183,follow,2025-09-24 09:28:35
3942,206,183,view,2025-09-24 09:57:53
3943,146,183,view,2025-09-24 10:20:56
3944,34,183,follow,2025-09-24 10:01:41
3945,42,183,view,2025-09-24 09:53:39
3946,110,183,like,2025-09-24 10:20:09
3947,147,183,view,2025-09-24 10:42:03
3948,41,183,like,2025-09-24 11:17:17
3949,139,184,view,2025-09-25 12:16:04
3950,32,184,follow,2025-09-25 13:20:35
3951,91,184,view,2025-09-25 11:50:47
3952,250,184,view,2025-09-25 11:48:12
3953,230,184,view,2025-09-25 11:53:10
3954,238,184,follow,2025-09-25 14:03:57
3955,169,184,view,2025-09-25 12:41:43
3956,267,184,view,2025-09-25 13:27:26
3957,156,184,view,2025-09-25 12:15:07
3958,108,184,follow,2025-09-25 12:20:18
3959,126,184,like,2025-09-25 11:55:33
3960,115,184,view,2025-09-25 11:52:03
3961,33,184,view,2025-09-25 12:25:00
3962,128,184,like,2025-09-25 11:52:57
3963,268,184,view,2025-09-25 13:34:05
3964,299,184,like,2025-09-25 12:28:32
3965,114,184,like,2025-09-25 12:04:41
3966,156,184,like,2025-09-25 12:10:20
3967,99,184,like,2025-09-25 11:46:50
3968,167,184,view,2025-09-25 13:20:37
3969,5,184,like,2025-09-25 12:44:46
3970,31,184,follow,2025-09-25 11:45:53
3971,1,184,view,2025-09-25 12:12:00
3972,62,184,like,2025-09-25 14:49:58
3973,45,184,view,2025-09-25 12:52:10
3974,7,184,like,2025-09-25 12:42:16
3975,225,184,view,2025-09-25 13:22:04
3976,288,184,follow,2025-09-25 12:54:24
3977,19,184,like,2025-09-25 13:20:00
3978,135,184,view,2025-09-25 11:58:18
3979,53,184,view,2025-09-25 12:38:24
3980,103,184,view,2025-09-25 11:51:51
3981,181,184,follow,2025-09-25 12:25:51
3982,260,184,view,2025-09-25 12:42:37
3983,110,184,view,2025-09-25 11:59:36
3984,45,184,like,2025-09-25 13:24:57
3985,206,185,like,2025-04-14 06:59:02
3986,47,185,view,2025-04-14 08:42:16
3987,43,185,view,2025-04-14 07:15:15
3988,190,185,view,2025-04-14 06:58:33
3989,249,185,view,2025-04-14 07:35:02
3990,113,185,view,2025-04-14 07:21:23
3991,97,185,view,2025-04-14 06:57:58
3992,1,185,view,2025-04-14 06:55:10
3993,275,185,follow,2025-04-14 07:55:33
3994,256,185,view,2025-04-14 07:01:08
3995,149,185,like,2025-04-14 07:14:20
3996,121,185,follow,2025-04-14 07:40:22
3997,224,185,view,2025-04-14 08:51:32
3998,145,185,view,2025-04-14 07:14:18
3999,217,185,like,2025-04-14 09:49:45
4000,95,185,like,2025-04-14 07:06:11
4001,106,185,like,2025-04-14 07:23:56
4002,2,185,view,2025-04-14 07:04:34
4003,271,185,like,2025-04-14 07:09:09
4004,247,185,view,2025-04-14 09:20:51
4005,62,185,like,2025-04-14 08:12:56
4006,230,185,like,2025-04-14 08:16:10
4007,70,185,like,2025-04-14 07:23:26
4008,97,185,view,2025-04-14 07:45:09
4009,237,185,view,2025-04-14 07:34:29
4010,212,185,like,2025-04-14 08:18:26
4011,128,185,like,2025-04-14 07:06:56
4012,178,185,view,2025-04-14 07:19:48
4013,206,185,view,2025-04-14 07:34:35
4014,174,185,view,2025-04-14 07:49:50
4015,9,185,like,2025-04-14 07:30:46
4016,142,185,view,2025-04-14 07:01:19
4017,149,185,view,2025-04-14 08:02:45
4018,103,185,view,2025-04-14 07:58:42
4019,160,185,view,2025-04-14 07:01:00
4020,249,185,view,2025-04-14 07:01:02
4021,195,185,view,2025-04-14 10:07:19
4022,216,185,view,2025-04-14 07:17:40
4023,37,185,like,2025-04-14 09:08:51
4024,101,186,view,2025-04-03 12:39:04
4025,4,186,view,2025-04-03 11:55:07
4026,39,186,view,2025-04-03 11:10:22
4027,103,186,view,2025-04-03 11:07:52
4028,156,186,view,2025-04-03 10:54:56
4029,31,186,follow,2025-04-03 10:46:39
4030,247,186,view,2025-04-03 10:48:38
4031,183,186,view,2025-04-03 11:20:44
4032,231,186,follow,2025-04-03 12:17:00
4033,258,186,view,2025-04-03 11:56:11
4034,163,186,like,2025-04-03 11:45:39
4035,265,186,view,2025-04-03 11:56:26
4036,172,186,like,2025-04-03 12:11:55
4037,272,186,view,2025-04-03 13:41:14
4038,199,186,like,2025-04-03 12:25:07
4039,48,186,like,2025-04-03 10:37:52
4040,257,186,view,2025-04-03 11:13:44
4041,255,186,like,2025-04-03 10:45:12
4042,127,186,view,2025-04-03 11:06:29
4043,278,186,like,2025-04-03 10:43:16
4044,189,186,follow,2025-04-03 10:48:40
4045,177,186,like,2025-04-03 10:38:10
4046,115,186,view,2025-04-03 11:23:10
4047,174,186,view,2025-04-03 12:04:32
4048,157,186,view,2025-04-03 10:39:12
4049,47,186,view,2025-04-03 12:55:31
4050,136,186,follow,2025-04-03 10:41:10
4051,113,186,follow,2025-04-03 10:35:46
4052,214,186,like,2025-04-03 11:34:24
4053,37,186,like,2025-04-03 11:39:32
4054,75,186,follow,2025-04-03 12:41:35
4055,131,186,view,2025-04-03 11:13:20
4056,7,186,view,2025-04-03 11:32:19
4057,209,186,like,2025-04-03 11:22:46
4058,170,187,follow,2025-07-03 15:55:24
4059,213,187,view,2025-07-03 16:47:05
4060,186,187,view,2025-07-03 14:45:45
4061,197,187,view,2025-07-03 15:43:19
4062,177,187,like,2025-07-03 18:28:10
4063,255,187,like,2025-07-03 16:01:07
4064,48,187,like,2025-07-03 18:01:46
4065,29,187,view,2025-07-03 17:36:17
4066,70,188,view,2025-05-07 03:06:35
4067,233,188,view,2025-05-07 02:12:01
4068,55,188,view,2025-05-07 01:58:10
4069,235,188,follow,2025-05-07 01:37:52
4070,229,188,view,2025-05-07 02:38:31
4071,154,188,like,2025-05-07 02:20:35
4072,58,188,view,2025-05-07 04:04:36
4073,70,188,like,2025-05-07 03:25:29
4074,196,188,view,2025-05-07 04:56:26
4075,207,188,view,2025-05-07 01:44:19
4076,60,188,view,2025-05-07 01:37:50
4077,289,188,view,2025-05-07 01:40:01
4078,95,188,follow,2025-05-07 02:27:03
4079,225,188,like,2025-05-07 04:30:26
4080,266,188,follow,2025-05-07 03:08:02
4081,21,188,view,2025-05-07 03:36:22
4082,63,188,view,2025-05-07 02:52:23
4083,17,188,like,2025-05-07 01:43:46
4084,285,189,view,2025-02-24 15:45:38
4085,220,189,view,2025-02-24 15:39:59
4086,160,189,view,2025-02-24 15:56:23
4087,21,189,like,2025-02-24 14:09:34
4088,274,189,view,2025-02-24 14:30:25
4089,150,189,view,2025-02-24 15:57:11
4090,85,189,view,2025-02-24 15:56:07
4091,262,189,view,2025-02-24 13:44:56
4092,273,189,view,2025-02-24 16:08:08
4093,206,189,like,2025-02-24 14:05:41
4094,47,189,view,2025-02-24 14:13:51
4095,83,189,like,2025-02-24 15:55:08
4096,49,189,follow,2025-02-24 13:40:46
4097,125,190,view,2025-02-11 07:03:45
4098,256,190,like,2025-02-11 05:44:23
4099,283,191,follow,2025-06-26 10:35:44
4100,177,191,view,2025-06-26 10:43:48
4101,16,191,like,2025-06-26 11:07:44
4102,242,191,view,2025-06-26 10:51:35
4103,158,191,view,2025-06-26 12:34:30
4104,270,191,view,2025-06-26 11:28:28
4105,206,191,like,2025-06-26 12:25:48
4106,89,191,follow,2025-06-26 11:28:18
4107,28,191,like,2025-06-26 10:14:34
4108,205,191,view,2025-06-26 12:02:03
4109,20,191,view,2025-06-26 12:53:20
4110,195,191,view,2025-06-26 11:38:43
4111,47,191,follow,2025-06-26 11:20:44
4112,131,191,follow,2025-06-26 11:10:41
4113,278,191,view,2025-06-26 10:57:31
4114,123,191,like,2025-06-26 10:17:25
4115,175,191,like,2025-06-26 11:24:28
4116,206,191,follow,2025-06-26 11:06:03
4117,133,191,view,2025-06-26 11:06:48
4118,137,191,view,2025-06-26 11:28:11
4119,26,191,view,2025-06-26 11:12:24
4120,40,191,like,2025-06-26 11:16:18
4121,168,191,like,2025-06-26 10:41:04
4122,293,191,view,2025-06-26 12:03:12
4123,174,191,like,2025-06-26 10:14:17
4124,171,191,follow,2025-06-26 11:05:35
4125,110,191,view,2025-06-26 12:20:36
4126,125,192,like,2025-02-18 02:01:38
4127,230,193,view,2025-09-06 21:25:59
4128,59,193,view,2025-09-07 00:38:16
4129,43,193,view,2025-09-06 23:27:52
4130,67,193,view,2025-09-06 22:24:19
4131,87,193,view,2025-09-06 21:52:01
4132,71,193,view,2025-09-06 21:35:34
4133,228,193,like,2025-09-06 21:42:18
4134,67,193,view,2025-09-06 22:50:25
4135,123,193,view,2025-09-06 21:43:20
4136,19,193,like,2025-09-06 22:56:37
4137,160,193,view,2025-09-06 21:30:12
4138,208,193,view,2025-09-06 23:06:13
4139,50,193,view,2025-09-06 23:07:24
4140,121,193,view,2025-09-06 21:30:33
4141,151,193,view,2025-09-06 21:24:57
4142,75,193,view,2025-09-06 22:02:03
4143,269,193,like,2025-09-06 22:11:21
4144,1,193,view,2025-09-06 21:23:47
4145,128,193,view,2025-09-06 23:06:39
4146,173,193,view,2025-09-06 22:43:40
4147,165,193,view,2025-09-06 21:53:25
4148,115,193,view,2025-09-07 01:02:52
4149,286,193,follow,2025-09-06 22:22:28
4150,5,193,like,2025-09-06 22:39:50
4151,118,193,view,2025-09-06 22:07:43
4152,57,193,like,2025-09-06 21:59:38
4153,75,193,view,2025-09-06 22:03:41
4154,121,193,view,2025-09-06 23:01:49
4155,76,193,view,2025-09-06 22:20:43
4156,274,193,view,2025-09-06 21:40:40
4157,47,193,view,2025-09-06 23:28:18
4158,284,193,view,2025-09-06 22:18:36
4159,37,193,like,2025-09-06 21:26:31
4160,49,193,like,2025-09-06 21:46:29
4161,262,194,view,2025-05-14 10:21:22
4162,93,194,view,2025-05-14 10:22:14
4163,127,194,view,2025-05-14 11:32:01
4164,115,194,view,2025-05-14 11:45:11
4165,289,194,view,2025-05-14 11:46:43
4166,183,194,like,2025-05-14 10:21:02
4167,161,194,view,2025-05-14 11:08:37
4168,210,194,like,2025-05-14 12:54:51
4169,23,194,view,2025-05-14 11:25:30
4170,158,194,follow,2025-05-14 12:09:50
4171,26,194,view,2025-05-14 10:15:44
4172,59,194,like,2025-05-14 11:05:33
4173,195,194,view,2025-05-14 10:33:56
4174,61,194,view,2025-05-14 10:14:54
4175,67,194,like,2025-05-14 10:52:26
4176,27,194,view,2025-05-14 12:38:37
4177,48,194,like,2025-05-14 10:44:33
4178,31,194,like,2025-05-14 10:23:40
4179,158,194,like,2025-05-14 11:46:15
4180,126,194,view,2025-05-14 11:02:07
4181,134,194,view,2025-05-14 10:40:24
4182,45,194,like,2025-05-14 11:13:17
4183,232,194,follow,2025-05-14 10:11:37
4184,115,194,view,2025-05-14 10:49:24
4185,257,194,view,2025-05-14 11:29:43
4186,286,194,view,2025-05-14 10:20:50
4187,279,194,like,2025-05-14 12:29:42
4188,121,194,like,2025-05-14 12:00:08
4189,221,194,view,2025-05-14 10:46:58
4190,110,194,view,2025-05-14 11:04:00
4191,8,194,follow,2025-05-14 10:14:30
4192,283,194,follow,2025-05-14 10:16:16
4193,69,194,view,2025-05-14 12:11:35
4194,116,194,view,2025-05-14 12:15:07
4195,109,194,like,2025-05-14 10:43:40
4196,265,194,view,2025-05-14 10:14:07
4197,187,194,like,2025-05-14 10:16:19
4198,214,195,view,2025-08-17 22:57:12
4199,35,195,follow,2025-08-17 22:37:26
4200,105,195,view,2025-08-17 21:39:15
4201,163,195,view,2025-08-17 22:50:41
4202,166,195,view,2025-08-17 22:02:57
4203,196,195,like,2025-08-17 23:29:02
4204,130,195,like,2025-08-17 22:02:06
4205,118,195,like,2025-08-17 22:12:15
4206,44,195,view,2025-08-17 23:27:41
4207,103,195,like,2025-08-17 23:03:09
4208,164,195,view,2025-08-17 22:09:46
4209,80,195,like,2025-08-17 22:05:12
4210,185,195,like,2025-08-17 22:31:09
4211,109,195,view,2025-08-17 22:26:20
4212,102,195,like,2025-08-18 00:16:37
4213,182,195,like,2025-08-18 00:28:41
4214,229,195,view,2025-08-17 21:56:22
4215,240,196,view,2025-03-09 09:18:37
4216,55,196,like,2025-03-09 11:23:08
4217,18,196,like,2025-03-09 10:24:26
4218,103,196,view,2025-03-09 09:53:59
4219,52,196,like,2025-03-09 09:19:54
4220,153,196,view,2025-03-09 11:15:22
4221,164,196,follow,2025-03-09 11:31:46
4222,192,196,follow,2025-03-09 11:24:09
4223,275,196,view,2025-03-09 11:50:51
4224,101,196,view,2025-03-09 09:52:21
4225,34,196,view,2025-03-09 10:38:39
4226,113,196,view,2025-03-09 09:46:06
4227,96,196,view,2025-03-09 09:22:45
4228,199,196,like,2025-03-09 10:08:17
4229,247,196,like,2025-03-09 10:17:45
4230,87,196,view,2025-03-09 09:25:52
4231,213,196,view,2025-03-09 10:40:24
4232,147,196,view,2025-03-09 09:29:45
4233,11,196,view,2025-03-09 10:11:15
4234,134,196,view,2025-03-09 09:42:44
4235,191,196,view,2025-03-09 10:23:51
4236,208,196,like,2025-03-09 10:03:12
4237,190,196,like,2025-03-09 09:44:54
4238,34,196,like,2025-03-09 09:20:04
4239,293,196,view,2025-03-09 11:59:29
4240,137,196,view,2025-03-09 09:34:37
4241,293,196,view,2025-03-09 09:25:24
4242,3,196,like,2025-03-09 10:05:22
4243,38,196,follow,2025-03-09 09:30:28
4244,113,197,view,2025-06-23 07:31:19
4245,39,198,like,2025-02-12 01:03:21
4246,279,198,like,2025-02-12 01:15:15
4247,12,198,follow,2025-02-12 02:49:52
4248,61,198,view,2025-02-12 01:31:59
4249,10,198,view,2025-02-12 04:17:16
4250,214,198,like,2025-02-12 01:30:52
4251,31,198,like,2025-02-12 01:02:44
4252,123,198,view,2025-02-12 01:43:11
4253,272,198,view,2025-02-12 02:35:44
4254,256,198,like,2025-02-12 01:00:32
4255,224,198,like,2025-02-12 02:07:13
4256,226,198,view,2025-02-12 02:58:35
4257,75,198,follow,2025-02-12 01:23:50
4258,152,198,view,2025-02-12 02:16:51
4259,160,198,like,2025-02-12 01:10:10
4260,103,198,view,2025-02-12 04:44:45
4261,33,198,like,2025-02-12 01:48:50
4262,106,198,view,2025-02-12 01:20:36
4263,224,198,like,2025-02-12 03:40:49
4264,170,198,view,2025-02-12 01:26:26
4265,31,198,view,2025-02-12 03:57:23
4266,118,198,view,2025-02-12 01:25:39
4267,120,198,view,2025-02-12 02:36:53
4268,76,199,view,2025-07-09 17:06:49
4269,2,199,like,2025-07-09 17:27:50
4270,125,199,like,2025-07-09 17:17:21
4271,261,199,like,2025-07-09 16:56:40
4272,65,199,view,2025-07-09 17:11:25
4273,117,199,like,2025-07-09 16:45:24
4274,92,199,view,2025-07-09 16:59:46
4275,199,199,view,2025-07-09 17:48:57
4276,111,199,view,2025-07-09 16:50:44
4277,22,199,view,2025-07-09 16:59:28
4278,67,199,like,2025-07-09 17:05:06
4279,77,199,follow,2025-07-09 17:51:04
4280,23,199,view,2025-07-09 17:38:11
4281,28,199,like,2025-07-09 17:21:49
4282,246,199,view,2025-07-09 17:29:00
4283,35,199,follow,2025-07-09 18:09:18
4284,294,199,like,2025-07-09 18:07:40
4285,39,199,like,2025-07-09 17:18:05
4286,132,199,like,2025-07-09 17:22:01
4287,48,199,like,2025-07-09 16:59:01
4288,213,199,view,2025-07-09 17:14:52
4289,279,199,like,2025-07-09 17:28:13
4290,257,200,view,2025-02-03 00:03:49
4291,209,200,like,2025-02-02 22:33:01
4292,241,200,view,2025-02-02 22:21:48
4293,61,200,view,2025-02-02 22:19:48
4294,9,200,follow,2025-02-02 22:16:09
4295,66,200,view,2025-02-02 22:13:38
4296,188,200,like,2025-02-02 22:22:06
4297,144,200,follow,2025-02-03 00:40:40
4298,262,200,view,2025-02-02 21:46:45
4299,226,200,follow,2025-02-02 22:25:50
4300,160,200,like,2025-02-02 21:46:37
4301,195,201,view,2025-03-03 03:24:05
4302,224,201,like,2025-03-03 05:44:47
4303,114,201,like,2025-03-03 05:55:53
4304,271,201,view,2025-03-03 03:23:24
4305,193,201,view,2025-03-03 03:42:31
4306,12,201,view,2025-03-03 05:58:38
4307,297,201,follow,2025-03-03 05:40:45
4308,196,201,view,2025-03-03 04:47:08
4309,272,201,follow,2025-03-03 03:23:38
4310,4,201,view,2025-03-03 04:12:26
4311,55,201,like,2025-03-03 04:05:49
4312,134,201,view,2025-03-03 04:28:40
4313,36,201,view,2025-03-03 03:34:15
4314,44,201,view,2025-03-03 03:29:54
4315,233,201,view,2025-03-03 04:11:39
4316,148,201,view,2025-03-03 06:43:24
4317,112,201,view,2025-03-03 06:19:08
4318,135,201,view,2025-03-03 03:38:54
4319,197,201,view,2025-03-03 04:24:39
4320,166,201,view,2025-03-03 04:07:35
4321,247,201,view,2025-03-03 04:00:15
4322,65,201,like,2025-03-03 06:02:38
4323,22,201,like,2025-03-03 03:37:09
4324,232,201,view,2025-03-03 04:14:54
4325,124,201,follow,2025-03-03 04:57:03
4326,96,201,view,2025-03-03 05:08:03
4327,94,201,follow,2025-03-03 04:05:50
4328,172,201,like,2025-03-03 04:40:11
4329,119,201,like,2025-03-03 03:16:45
4330,170,201,follow,2025-03-03 04:55:28
4331,261,201,view,2025-03-03 06:53:43
4332,165,201,like,2025-03-03 03:41:31
4333,95,202,like,2025-05-01 02:11:30
4334,292,202,like,2025-05-01 00:04:41
4335,34,202,view,2025-05-01 00:00:23
4336,220,202,view,2025-04-30 23:24:25
4337,159,202,view,2025-05-01 00:01:27
4338,203,202,view,2025-05-01 00:54:21
4339,290,202,like,2025-05-01 01:26:04
4340,175,202,follow,2025-04-30 23:29:15
4341,70,202,view,2025-04-30 23:26:30
4342,202,202,like,2025-05-01 00:59:25
4343,139,202,view,2025-04-30 23:21:36
4344,178,203,like,2025-07-21 07:50:22
4345,90,203,view,2025-07-21 07:39:21
4346,284,203,view,2025-07-21 09:12:32
4347,274,203,view,2025-07-21 08:17:39
4348,188,203,like,2025-07-21 07:00:23
4349,110,203,view,2025-07-21 09:29:55
4350,292,203,view,2025-07-21 10:00:19
4351,255,203,like,2025-07-21 09:03:06
4352,271,203,like,2025-07-21 08:49:24
4353,175,203,like,2025-07-21 08:03:38
4354,171,203,view,2025-07-21 08:33:01
4355,281,203,like,2025-07-21 08:10:22
4356,299,203,like,2025-07-21 08:05:30
4357,298,203,follow,2025-07-21 06:54:25
4358,236,203,like,2025-07-21 07:43:33
4359,257,203,view,2025-07-21 06:55:23
4360,178,203,view,2025-07-21 07:20:58
4361,275,203,like,2025-07-21 07:44:10
4362,265,203,like,2025-07-21 07:22:53
4363,286,203,view,2025-07-21 09:04:15
4364,55,203,like,2025-07-21 06:46:13
4365,2,203,like,2025-07-21 06:56:44
4366,143,203,view,2025-07-21 07:29:38
4367,167,203,like,2025-07-21 06:52:20
4368,82,203,view,2025-07-21 07:24:15
4369,236,204,view,2025-03-23 13:49:16
4370,24,204,like,2025-03-23 16:32:02
4371,182,204,view,2025-03-23 14:11:38
4372,285,204,view,2025-03-23 14:07:33
4373,218,204,view,2025-03-23 14:03:24
4374,78,204,like,2025-03-23 14:13:11
4375,155,204,view,2025-03-23 14:19:47
4376,159,204,follow,2025-03-23 14:38:08
4377,285,204,view,2025-03-23 14:58:42
4378,110,204,view,2025-03-23 15:21:15
4379,31,204,view,2025-03-23 13:42:48
4380,189,204,view,2025-03-23 14:12:43
4381,69,204,follow,2025-03-23 14:17:47
4382,179,204,follow,2025-03-23 14:41:23
4383,255,204,view,2025-03-23 13:57:07
4384,156,204,follow,2025-03-23 15:28:13
4385,273,204,view,2025-03-23 14:43:39
4386,150,204,view,2025-03-23 14:33:45
4387,152,204,view,2025-03-23 14:28:13
4388,252,204,like,2025-03-23 14:52:13
4389,5,204,view,2025-03-23 14:08:38
4390,233,204,like,2025-03-23 15:30:39
4391,62,204,view,2025-03-23 16:36:36
4392,63,205,view,2025-04-24 06:33:09
4393,10,205,follow,2025-04-24 06:29:18
4394,153,205,view,2025-04-24 06:52:27
4395,227,205,view,2025-04-24 09:11:15
4396,46,205,view,2025-04-24 06:31:53
4397,50,205,view,2025-04-24 09:20:18
4398,196,205,view,2025-04-24 07:05:37
4399,39,205,like,2025-04-24 06:17:17
4400,170,205,follow,2025-04-24 07:09:35
4401,38,205,like,2025-04-24 06:51:46
4402,166,205,like,2025-04-24 09:32:36
4403,66,205,view,2025-04-24 06:19:13
4404,290,205,view,2025-04-24 09:05:46
4405,114,205,like,2025-04-24 09:51:23
4406,19,205,view,2025-04-24 07:23:28
4407,213,205,view,2025-04-24 07:16:34
4408,133,205,view,2025-04-24 07:23:23
4409,201,205,view,2025-04-24 06:21:12
4410,294,205,view,2025-04-24 06:51:17
4411,247,205,view,2025-04-24 06:44:51
4412,266,205,view,2025-04-24 07:30:45
4413,183,205,like,2025-04-24 07:16:53
4414,205,205,like,2025-04-24 06:34:36
4415,1,205,view,2025-04-24 06:34:39
4416,44,205,view,2025-04-24 08:16:17
4417,186,205,view,2025-04-24 06:40:18
4418,58,205,view,2025-04-24 07:27:01
4419,1,205,follow,2025-04-24 06:32:51
4420,12,205,like,2025-04-24 09:30:48
4421,258,205,view,2025-04-24 06:20:18
4422,9,205,view,2025-04-24 06:24:27
4423,167,205,follow,2025-04-24 06:18:40
4424,141,205,follow,2025-04-24 07:18:17
4425,285,205,like,2025-04-24 06:53:18
4426,176,205,view,2025-04-24 06:20:07
4427,284,205,view,2025-04-24 06:53:47
4428,240,205,view,2025-04-24 06:18:20
4429,97,205,view,2025-04-24 06:24:16
4430,215,206,like,2025-06-30 04:03:19
4431,24,206,view,2025-06-30 02:45:59
4432,56,206,view,2025-06-30 03:15:09
4433,219,206,view,2025-06-30 02:13:20
4434,250,206,view,2025-06-30 02:14:31
4435,237,206,view,2025-06-30 02:55:35
4436,162,206,follow,2025-06-30 02:56:02
4437,71,206,view,2025-06-30 03:21:50
4438,280,206,view,2025-06-30 02:27:49
4439,194,206,view,2025-06-30 02:10:32
4440,222,206,like,2025-06-30 02:38:21
4441,160,206,view,2025-06-30 02:37:11
4442,203,206,like,2025-06-30 02:32:26
4443,262,206,like,2025-06-30 02:50:25
4444,174,206,view,2025-06-30 03:23:24
4445,259,206,like,2025-06-30 02:30:53
4446,202,206,follow,2025-06-30 02:21:14
4447,123,206,like,2025-06-30 02:35:32
4448,270,206,like,2025-06-30 02:10:16
4449,122,206,view,2025-06-30 03:54:14
4450,222,206,like,2025-06-30 02:52:05
4451,287,206,follow,2025-06-30 02:42:45
4452,179,206,view,2025-06-30 02:17:00
4453,230,206,like,2025-06-30 02:49:48
4454,176,206,follow,2025-06-30 03:13:10
4455,65,206,view,2025-06-30 02:25:56
4456,175,206,view,2025-06-30 02:34:13
4457,94,206,view,2025-06-30 04:13:52
4458,282,206,like,2025-06-30 02:41:36
4459,115,206,view,2025-06-30 02:32:36
4460,137,206,view,2025-06-30 02:47:12
4461,41,206,view,2025-06-30 02:18:27
4462,18,206,view,2025-06-30 02:39:58
4463,192,206,view,2025-06-30 03:34:27
4464,157,206,view,2025-06-30 03:16:43
4465,256,207,view,2025-01-15 03:48:16
4466,221,207,view,2025-01-15 02:10:08
4467,160,207,view,2025-01-15 03:34:43
4468,29,207,view,2025-01-15 01:57:03
4469,59,207,view,2025-01-15 02:18:47
4470,93,207,view,2025-01-15 02:40:54
4471,129,207,view,2025-01-15 02:45:24
4472,233,207,view,2025-01-15 02:57:20
4473,241,208,view,2025-09-21 01:50:32
4474,281,208,view,2025-09-21 01:01:02
4475,16,208,view,2025-09-21 01:00:35
4476,220,208,follow,2025-09-20 23:56:55
4477,188,208,like,2025-09-21 01:58:19
4478,96,208,view,2025-09-21 00:17:10
4479,297,208,view,2025-09-20 23:37:53
4480,270,208,view,2025-09-20 23:36:59
4481,54,208,view,2025-09-21 00:13:51
4482,154,208,like,2025-09-21 01:49:14
4483,123,208,view,2025-09-20 23:54:04
4484,24,208,view,2025-09-21 00:48:26
4485,221,208,like,2025-09-20 23:41:37
4486,160,208,view,2025-09-21 00:17:43
4487,262,208,view,2025-09-21 00:50:11
4488,214,208,view,2025-09-21 00:59:52
4489,188,208,follow,2025-09-20 23:54:58
4490,274,208,like,2025-09-21 00:15:04
4491,236,208,view,2025-09-21 00:43:51
4492,14,208,view,2025-09-20 23:52:12
4493,69,209,view,2025-01-29 04:57:42
4494,262,209,view,2025-01-29 03:54:14
4495,298,209,follow,2025-01-29 03:56:55
4496,115,209,like,2025-01-29 06:46:01
4497,227,209,view,2025-01-29 05:12:25
4498,215,209,like,2025-01-29 05:58:33
4499,212,209,view,2025-01-29 03:42:58
4500,237,209,view,2025-01-29 03:47:00
4501,51,209,view,2025-01-29 05:41:09
4502,287,209,follow,2025-01-29 04:45:52
4503,270,209,view,2025-01-29 04:34:14
4504,137,209,view,2025-01-29 05:45:31
4505,143,209,view,2025-01-29 05:39:52
4506,265,209,like,2025-01-29 03:43:27
4507,275,209,like,2025-01-29 04:16:14
4508,94,210,like,2025-01-03 08:49:39
4509,199,210,like,2025-01-03 09:34:51
4510,196,210,view,2025-01-03 08:55:19
4511,7,210,view,2025-01-03 07:40:21
4512,42,210,view,2025-01-03 08:47:02
4513,141,210,like,2025-01-03 07:54:11
4514,104,210,view,2025-01-03 07:52:08
4515,201,210,view,2025-01-03 07:48:30
4516,38,210,follow,2025-01-03 07:50:52
4517,28,210,view,2025-01-03 07:21:30
4518,105,210,view,2025-01-03 11:09:08
4519,284,210,view,2025-01-03 09:29:24
4520,10,210,view,2025-01-03 07:28:59
4521,94,210,like,2025-01-03 07:19:57
4522,199,210,like,2025-01-03 09:53:56
4523,76,210,like,2025-01-03 09:12:44
4524,134,210,view,2025-01-03 07:21:58
4525,56,210,view,2025-01-03 09:10:02
4526,207,210,view,2025-01-03 07:56:42
4527,109,210,view,2025-01-03 09:12:01
4528,148,210,like,2025-01-03 08:42:44
4529,269,210,like,2025-01-03 07:50:43
4530,286,210,view,2025-01-03 08:10:20
4531,3,210,follow,2025-01-03 08:44:13
4532,98,210,like,2025-01-03 09:32:20
4533,215,210,view,2025-01-03 08:16:44
4534,84,210,view,2025-01-03 07:36:04
4535,274,210,like,2025-01-03 09:59:25
4536,232,210,view,2025-01-03 08:05:08
4537,36,210,view,2025-01-03 07:54:20
4538,2,210,follow,2025-01-03 09:48:19
4539,115,210,view,2025-01-03 07:57:07
4540,265,210,like,2025-01-03 08:11:29
4541,54,210,view,2025-01-03 07:55:56
4542,93,211,follow,2025-06-03 00:28:52
4543,244,211,like,2025-06-02 21:35:10
4544,97,211,like,2025-06-02 21:41:31
4545,141,211,view,2025-06-03 01:02:28
4546,126,211,view,2025-06-02 21:33:39
4547,129,211,view,2025-06-02 21:45:50
4548,65,211,view,2025-06-02 21:31:26
4549,166,211,view,2025-06-02 22:00:50
4550,42,211,like,2025-06-02 21:45:28
4551,258,211,view,2025-06-02 23:28:48
4552,93,211,view,2025-06-02 21:37:52
4553,35,211,view,2025-06-02 22:28:36
4554,161,211,view,2025-06-02 23:53:53
4555,283,211,view,2025-06-02 22:20:41
4556,234,211,view,2025-06-02 22:31:36
4557,155,211,like,2025-06-02 22:14:43
4558,199,211,view,2025-06-02 21:51:25
4559,68,212,view,2025-02-23 17:49:21
4560,138,212,view,2025-02-23 17:44:11
4561,281,212,view,2025-02-23 17:20:27
4562,133,212,view,2025-02-23 18:52:00
4563,110,212,view,2025-02-23 17:10:47
4564,170,212,like,2025-02-23 18:29:41
4565,199,212,view,2025-02-23 19:29:44
4566,162,212,like,2025-02-23 18:40:24
4567,79,212,view,2025-02-23 18:24:18
4568,145,212,view,2025-02-23 17:35:36
4569,291,212,view,2025-02-23 17:43:09
4570,13,212,follow,2025-02-23 17:52:40
4571,85,212,view,2025-02-23 17:24:12
4572,118,212,like,2025-02-23 19:20:37
4573,203,212,view,2025-02-23 17:36:37
4574,269,212,like,2025-02-23 17:51:22
4575,41,212,view,2025-02-23 20:48:47
4576,234,212,view,2025-02-23 17:10:36
4577,204,212,view,2025-02-23 18:34:54
4578,222,212,view,2025-02-23 19:37:38
4579,83,212,view,2025-02-23 17:25:52
4580,137,212,like,2025-02-23 18:04:33
4581,85,212,like,2025-02-23 17:17:30
4582,169,212,view,2025-02-23 19:23:38
4583,129,212,view,2025-02-23 17:35:22
4584,35,212,view,2025-02-23 17:17:32
4585,72,212,view,2025-02-23 17:21:31
4586,164,212,like,2025-02-23 17:10:37
4587,176,212,view,2025-02-23 17:27:33
4588,168,212,like,2025-02-23 20:19:14
4589,39,212,view,2025-02-23 18:19:57
4590,197,213,like,2025-05-12 14:38:32
4591,196,213,view,2025-05-12 16:18:44
4592,244,213,like,2025-05-12 15:35:03
4593,191,213,view,2025-05-12 15:28:07
4594,200,213,like,2025-05-12 14:58:51
4595,97,213,like,2025-05-12 14:14:26
4596,26,213,like,2025-05-12 14:58:14
4597,223,213,like,2025-05-12 15:33:46
4598,250,213,like,2025-05-12 15:40:11
4599,265,213,view,2025-05-12 14:12:44
4600,126,213,like,2025-05-12 14:37:54
4601,204,213,view,2025-05-12 17:18:12
4602,108,213,like,2025-05-12 15:25:10
4603,19,213,like,2025-05-12 14:59:38
4604,283,213,view,2025-05-12 14:50:04
4605,47,213,like,2025-05-12 15:13:13
4606,159,213,like,2025-05-12 14:53:21
4607,212,213,follow,2025-05-12 15:21:02
4608,136,213,like,2025-05-12 17:27:01
4609,54,213,follow,2025-05-12 15:14:37
4610,7,213,view,2025-05-12 16:10:16
4611,100,213,view,2025-05-12 16:03:50
4612,157,213,like,2025-05-12 15:43:11
4613,271,214,follow,2025-09-04 14:04:28
4614,162,214,like,2025-09-04 14:07:58
4615,151,214,view,2025-09-04 14:27:14
4616,276,214,like,2025-09-04 13:49:31
4617,75,214,follow,2025-09-04 14:46:11
4618,131,214,view,2025-09-04 14:54:46
4619,109,214,like,2025-09-04 16:08:34
4620,64,214,view,2025-09-04 15:03:53
4621,119,214,like,2025-09-04 13:53:41
4622,123,214,follow,2025-09-04 16:33:33
4623,78,214,view,2025-09-04 14:24:26
4624,18,214,view,2025-09-04 15:42:55
4625,109,214,view,2025-09-04 14:21:02
4626,256,214,view,2025-09-04 14:46:09
4627,214,214,follow,2025-09-04 14:42:44
4628,199,214,view,2025-09-04 14:03:55
4629,108,214,view,2025-09-04 16:01:12
4630,142,214,follow,2025-09-04 13:53:14
4631,156,214,view,2025-09-04 13:59:38
4632,90,214,like,2025-09-04 17:09:18
4633,14,214,follow,2025-09-04 15:57:42
4634,278,214,like,2025-09-04 14:23:26
4635,191,214,like,2025-09-04 14:55:36
4636,243,214,view,2025-09-04 14:52:13
4637,198,214,view,2025-09-04 14:29:17
4638,80,214,follow,2025-09-04 16:16:03
4639,27,215,view,2025-05-03 05:33:45
4640,156,215,view,2025-05-03 05:57:37
4641,276,215,view,2025-05-03 05:27:46
4642,97,215,like,2025-05-03 06:02:41
4643,220,215,view,2025-05-03 05:44:17
4644,129,215,like,2025-05-03 05:18:43
4645,32,215,view,2025-05-03 07:18:59
4646,149,215,view,2025-05-03 05:21:48
4647,2,215,like,2025-05-03 05:54:37
4648,147,215,view,2025-05-03 05:27:05
4649,199,215,view,2025-05-03 05:27:48
4650,19,215,view,2025-05-03 06:11:54
4651,27,215,follow,2025-05-03 08:13:55
4652,18,215,follow,2025-05-03 08:38:18
4653,45,215,like,2025-05-03 05:14:20
4654,185,215,view,2025-05-03 05:24:07
4655,141,215,view,2025-05-03 06:13:50
4656,152,215,follow,2025-05-03 05:34:23
4657,16,215,follow,2025-05-03 06:07:14
4658,2,215,like,2025-05-03 07:38:07
4659,174,215,view,2025-05-03 05:52:06
4660,277,215,view,2025-05-03 07:53:37
4661,55,215,follow,2025-05-03 06:56:03
4662,294,215,view,2025-05-03 05:27:15
4663,250,215,follow,2025-05-03 06:33:38
4664,195,215,like,2025-05-03 05:24:54
4665,29,215,view,2025-05-03 07:16:19
4666,168,215,view,2025-05-03 05:53:39
4667,160,216,view,2025-01-07 17:52:33
4668,80,216,follow,2025-01-07 17:04:04
4669,265,216,follow,2025-01-07 18:37:50
4670,4,216,follow,2025-01-07 17:30:35
4671,72,216,view,2025-01-07 18:29:54
4672,58,216,view,2025-01-07 17:17:02
4673,78,216,view,2025-01-07 17:05:05
4674,236,216,view,2025-01-07 18:21:28
4675,61,216,view,2025-01-07 19:06:53
4676,210,216,view,2025-01-07 17:41:15
4677,203,216,like,2025-01-07 18:22:58
4678,214,216,view,2025-01-07 17:44:21
4679,204,216,view,2025-01-07 18:02:16
4680,5,216,view,2025-01-07 18:37:11
4681,249,216,view,2025-01-07 18:46:23
4682,232,216,view,2025-01-07 18:13:47
4683,54,216,view,2025-01-07 17:14:10
4684,147,216,like,2025-01-07 17:30:06
4685,48,216,like,2025-01-07 18:51:41
4686,190,216,view,2025-01-07 18:01:27
4687,117,216,view,2025-01-07 18:14:58
4688,152,216,view,2025-01-07 19:45:29
4689,162,216,follow,2025-01-07 19:37:00
4690,221,216,like,2025-01-07 19:52:27
4691,14,216,view,2025-01-07 17:09:35
4692,216,216,view,2025-01-07 17:28:38
4693,118,216,view,2025-01-07 20:29:44
4694,293,217,view,2025-01-19 06:38:58
4695,69,217,view,2025-01-19 08:15:58
4696,225,217,view,2025-01-19 06:52:48
4697,163,217,like,2025-01-19 06:24:15
4698,17,217,view,2025-01-19 06:02:50
4699,43,217,view,2025-01-19 07:18:07
4700,282,217,like,2025-01-19 07:10:57
4701,60,217,follow,2025-01-19 06:34:52
4702,125,217,like,2025-01-19 07:04:31
4703,129,217,like,2025-01-19 06:13:51
4704,36,218,view,2025-02-09 22:38:49
4705,229,218,like,2025-02-09 23:25:00
4706,81,218,view,2025-02-10 00:08:22
4707,54,219,view,2025-03-13 17:16:51
4708,18,219,like,2025-03-13 16:22:57
4709,94,219,like,2025-03-13 16:31:37
4710,22,219,view,2025-03-13 17:16:26
4711,285,219,follow,2025-03-13 16:25:28
4712,128,219,view,2025-03-13 18:06:30
4713,144,219,like,2025-03-13 16:32:32
4714,254,219,like,2025-03-13 16:39:44
4715,264,219,view,2025-03-13 18:49:39
4716,7,219,like,2025-03-13 17:08:56
4717,74,219,view,2025-03-13 17:00:27
4718,78,219,view,2025-03-13 18:01:32
4719,210,219,like,2025-03-13 16:23:59
4720,35,219,like,2025-03-13 17:21:23
4721,14,219,like,2025-03-13 17:22:09
4722,102,219,like,2025-03-13 17:05:27
4723,112,219,view,2025-03-13 17:53:12
4724,287,219,like,2025-03-13 16:17:35
4725,188,219,view,2025-03-13 16:25:56
4726,115,219,view,2025-03-13 17:03:34
4727,80,219,view,2025-03-13 16:35:58
4728,72,219,follow,2025-03-13 16:42:23
4729,26,220,like,2025-01-12 23:45:07
4730,221,220,follow,2025-01-12 22:54:15
4731,63,220,view,2025-01-13 00:06:55
4732,280,220,view,2025-01-12 23:16:23
4733,121,220,follow,2025-01-12 23:24:21
4734,124,220,view,2025-01-13 00:26:26
4735,94,220,view,2025-01-12 23:25:10
4736,287,220,view,2025-01-13 00:09:56
4737,257,220,like,2025-01-13 00:04:06
4738,78,220,follow,2025-01-12 22:57:40
4739,85,220,like,2025-01-12 23:22:25
4740,153,220,follow,2025-01-13 00:22:32
4741,185,220,like,2025-01-12 23:14:00
4742,294,220,view,2025-01-12 23:08:51
4743,20,220,view,2025-01-13 00:06:46
4744,32,220,view,2025-01-13 00:39:02
4745,85,220,view,2025-01-12 23:04:30
4746,210,220,view,2025-01-13 00:21:11
4747,251,220,view,2025-01-12 23:17:02
4748,95,220,view,2025-01-12 23:01:33
4749,164,221,view,2025-06-23 13:51:41
4750,87,221,like,2025-06-23 13:26:17
4751,152,221,view,2025-06-23 12:33:28
4752,118,221,like,2025-06-23 12:47:27
4753,212,221,view,2025-06-23 13:56:10
4754,234,221,view,2025-06-23 12:48:16
4755,146,221,view,2025-06-23 12:56:02
4756,284,221,view,2025-06-23 13:14:27
4757,89,221,like,2025-06-23 12:15:14
4758,34,221,view,2025-06-23 11:49:47
4759,242,221,view,2025-06-23 12:04:12
4760,288,221,view,2025-06-23 11:59:55
4761,273,221,view,2025-06-23 11:57:25
4762,171,221,like,2025-06-23 11:49:56
4763,130,221,view,2025-06-23 13:01:35
4764,175,221,follow,2025-06-23 12:21:13
4765,295,221,like,2025-06-23 11:49:37
4766,155,221,view,2025-06-23 12:13:29
4767,242,221,view,2025-06-23 11:48:39
4768,105,221,view,2025-06-23 12:02:35
4769,243,221,view,2025-06-23 13:40:34
4770,120,221,follow,2025-06-23 12:49:54
4771,109,221,like,2025-06-23 11:45:55
4772,3,221,like,2025-06-23 11:45:12
4773,133,221,view,2025-06-23 13:02:53
4774,269,221,follow,2025-06-23 12:51:17
4775,96,221,like,2025-06-23 12:08:03
4776,237,221,follow,2025-06-23 13:55:57
4777,85,221,follow,2025-06-23 12:20:16
4778,160,221,view,2025-06-23 12:39:10
4779,76,221,view,2025-06-23 12:31:38
4780,17,221,view,2025-06-23 12:49:17
4781,14,221,like,2025-06-23 11:54:34
4782,137,221,view,2025-06-23 13:29:26
4783,299,221,follow,2025-06-23 14:23:10
4784,245,221,view,2025-06-23 14:45:37
4785,59,221,view,2025-06-23 14:44:04
4786,261,222,view,2025-09-02 07:14:03
4787,265,222,follow,2025-09-02 07:14:19
4788,110,222,follow,2025-09-02 04:13:21
4789,89,222,view,2025-09-02 04:36:10
4790,267,222,like,2025-09-02 06:35:02
4791,293,222,view,2025-09-02 04:18:53
4792,81,222,like,2025-09-02 04:29:24
4793,135,222,follow,2025-09-02 05:18:22
4794,142,223,like,2025-06-19 08:32:42
4795,137,223,like,2025-06-19 08:17:18
4796,59,223,view,2025-06-19 09:13:17
4797,153,223,like,2025-06-19 09:16:38
4798,241,223,view,2025-06-19 10:51:56
4799,216,223,follow,2025-06-19 08:10:18
4800,199,223,view,2025-06-19 09:56:18
4801,54,223,like,2025-06-19 11:32:51
4802,148,223,like,2025-06-19 08:56:53
4803,36,223,view,2025-06-19 08:06:27
4804,34,223,view,2025-06-19 10:44:45
4805,184,223,view,2025-06-19 08:47:27
4806,258,223,like,2025-06-19 08:41:09
4807,273,224,follow,2025-04-03 17:19:20
4808,271,224,view,2025-04-03 17:53:37
4809,15,224,view,2025-04-03 17:13:42
4810,213,224,view,2025-04-03 16:26:54
4811,168,224,like,2025-04-03 16:33:01
4812,87,224,view,2025-04-03 17:20:04
4813,227,224,view,2025-04-03 17:59:29
4814,226,224,follow,2025-04-03 17:59:54
4815,133,224,follow,2025-04-03 16:46:50
4816,123,224,follow,2025-04-03 17:01:15
4817,223,224,like,2025-04-03 17:24:48
4818,189,224,like,2025-04-03 19:11:59
4819,241,224,view,2025-04-03 17:37:41
4820,98,224,like,2025-04-03 19:15:15
4821,14,224,follow,2025-04-03 16:42:33
4822,72,224,view,2025-04-03 16:38:57
4823,134,225,follow,2025-08-13 05:44:35
4824,162,225,view,2025-08-13 05:52:42
4825,117,225,follow,2025-08-13 05:29:13
4826,260,225,follow,2025-08-13 06:16:36
4827,78,225,follow,2025-08-13 08:10:03
4828,38,225,view,2025-08-13 05:30:14
4829,162,225,follow,2025-08-13 07:21:51
4830,73,225,like,2025-08-13 06:53:07
4831,234,225,view,2025-08-13 05:37:55
4832,281,225,follow,2025-08-13 05:42:09
4833,284,225,like,2025-08-13 05:37:19
4834,152,225,like,2025-08-13 06:37:04
4835,81,225,like,2025-08-13 05:57:07
4836,180,225,view,2025-08-13 07:12:00
4837,188,225,follow,2025-08-13 05:27:53
4838,193,225,like,2025-08-13 06:02:21
4839,108,225,view,2025-08-13 06:18:18
4840,179,225,like,2025-08-13 08:31:05
4841,273,225,view,2025-08-13 08:22:52
4842,56,225,view,2025-08-13 06:51:40
4843,233,225,view,2025-08-13 06:08:18
4844,274,225,view,2025-08-13 07:58:03
4845,270,225,like,2025-08-13 05:40:07
4846,165,225,view,2025-08-13 06:45:16
4847,99,225,follow,2025-08-13 08:26:43
4848,34,225,view,2025-08-13 07:47:27
4849,75,225,like,2025-08-13 06:49:00
4850,119,225,view,2025-08-13 05:55:22
4851,200,225,view,2025-08-13 06:25:28
4852,174,225,follow,2025-08-13 05:45:18
4853,153,226,view,2025-05-07 07:07:22
4854,84,226,like,2025-05-07 05:52:28
4855,181,226,view,2025-05-07 07:00:47
4856,253,226,view,2025-05-07 06:39:20
4857,245,226,view,2025-05-07 07:28:33
4858,109,226,like,2025-05-07 05:51:30
4859,192,226,view,2025-05-07 07:53:12
4860,251,226,like,2025-05-07 09:16:22
4861,75,226,follow,2025-05-07 06:09:28
4862,19,226,view,2025-05-07 06:04:08
4863,162,226,view,2025-05-07 07:54:01
4864,298,226,follow,2025-05-07 05:47:35
4865,265,226,view,2025-05-07 05:43:33
4866,113,226,view,2025-05-07 05:42:19
4867,254,226,view,2025-05-07 08:45:53
4868,269,226,like,2025-05-07 06:24:13
4869,133,226,view,2025-05-07 06:33:24
4870,297,226,view,2025-05-07 07:05:40
4871,122,226,view,2025-05-07 09:09:47
4872,198,226,like,2025-05-07 07:57:10
4873,267,226,follow,2025-05-07 06:08:04
4874,133,226,view,2025-05-07 06:24:55
4875,298,227,view,2025-06-01 13:20:18
4876,210,227,like,2025-06-01 13:22:45
4877,88,227,view,2025-06-01 12:53:10
4878,227,227,view,2025-06-01 12:27:59
4879,173,228,like,2025-05-14 20:08:08
4880,165,228,view,2025-05-14 20:57:55
4881,50,228,follow,2025-05-14 20:58:40
4882,67,228,like,2025-05-14 18:14:44
4883,187,228,view,2025-05-14 19:06:18
4884,31,228,view,2025-05-14 18:05:02
4885,22,228,view,2025-05-14 19:01:33
4886,8,228,like,2025-05-14 19:49:43
4887,269,228,like,2025-05-14 18:58:49
4888,83,228,like,2025-05-14 17:56:05
4889,173,228,view,2025-05-14 18:08:44
4890,125,228,view,2025-05-14 18:29:49
4891,53,229,view,2025-08-22 19:07:41
4892,131,229,view,2025-08-22 20:22:23
4893,116,229,view,2025-08-22 19:16:58
4894,159,229,like,2025-08-22 17:54:06
4895,93,229,like,2025-08-22 17:39:27
4896,175,229,view,2025-08-22 21:05:15
4897,235,229,view,2025-08-22 17:39:48
4898,282,229,view,2025-08-22 18:24:12
4899,19,229,view,2025-08-22 18:09:03
4900,261,229,follow,2025-08-22 18:00:24
4901,62,229,like,2025-08-22 20:20:29
4902,174,229,view,2025-08-22 18:42:01
4903,127,229,like,2025-08-22 17:39:45
4904,156,229,follow,2025-08-22 18:00:57
4905,210,229,view,2025-08-22 18:06:12
4906,161,229,view,2025-08-22 17:45:55
4907,92,229,like,2025-08-22 18:07:52
4908,259,229,view,2025-08-22 17:58:56
4909,270,229,follow,2025-08-22 18:13:14
4910,248,230,view,2025-09-20 02:26:33
4911,279,230,view,2025-09-20 02:14:58
4912,21,230,like,2025-09-20 03:11:58
4913,187,230,like,2025-09-20 02:46:46
4914,149,230,like,2025-09-20 02:28:11
4915,210,230,view,2025-09-20 03:47:22
4916,5,230,view,2025-09-20 02:17:02
4917,178,230,view,2025-09-20 03:54:20
4918,272,230,view,2025-09-20 02:19:05
4919,268,230,view,2025-09-20 02:58:46
4920,277,230,view,2025-09-20 02:22:48
4921,194,231,follow,2025-04-19 22:16:57
4922,22,231,like,2025-04-19 21:10:08
4923,164,231,like,2025-04-19 20:35:05
4924,193,231,view,2025-04-19 20:38:12
4925,260,231,follow,2025-04-19 20:25:14
4926,121,231,view,2025-04-19 20:24:38
4927,139,231,view,2025-04-19 22:42:38
4928,9,231,view,2025-04-19 21:26:07
4929,176,231,like,2025-04-19 21:15:01
4930,180,231,view,2025-04-19 21:19:58
4931,133,231,view,2025-04-19 20:54:10
4932,19,231,view,2025-04-19 21:24:46
4933,41,231,view,2025-04-19 20:37:37
4934,155,231,follow,2025-04-19 20:23:36
4935,160,231,like,2025-04-19 20:57:22
4936,135,231,view,2025-04-19 20:52:28
4937,35,231,like,2025-04-19 22:24:29
4938,278,231,follow,2025-04-19 20:26:36
4939,243,231,follow,2025-04-19 20:25:44
4940,215,231,like,2025-04-19 20:25:55
4941,238,231,follow,2025-04-19 20:34:12
4942,265,231,view,2025-04-19 21:32:33
4943,133,231,follow,2025-04-19 20:25:56
4944,124,231,like,2025-04-19 21:35:07
4945,48,231,follow,2025-04-19 20:26:18
4946,66,231,like,2025-04-19 20:36:38
4947,107,231,view,2025-04-19 21:08:23
4948,15,231,like,2025-04-19 20:34:02
4949,265,231,view,2025-04-19 22:31:37
4950,297,231,view,2025-04-19 20:27:21
4951,59,231,view,2025-04-19 20:30:14
4952,287,231,like,2025-04-19 22:34:25
4953,245,231,view,2025-04-19 22:07:42
4954,4,231,view,2025-04-19 23:51:46
4955,152,231,like,2025-04-19 20:26:25
4956,64,232,view,2025-05-27 06:24:53
4957,49,233,like,2025-07-06 15:57:30
4958,288,233,view,2025-07-06 16:12:17
4959,292,233,view,2025-07-06 17:42:10
4960,252,233,view,2025-07-06 15:48:50
4961,300,233,view,2025-07-06 19:01:37
4962,52,233,view,2025-07-06 15:47:56
4963,115,233,view,2025-07-06 16:30:22
4964,100,233,view,2025-07-06 16:10:39
4965,163,233,view,2025-07-06 16:48:31
4966,196,233,view,2025-07-06 18:46:09
4967,99,233,like,2025-07-06 16:48:14
4968,283,234,view,2025-05-02 03:56:25
4969,66,234,view,2025-05-02 04:03:30
4970,81,234,like,2025-05-02 03:54:55
4971,280,234,like,2025-05-02 04:57:38
4972,94,234,like,2025-05-02 04:26:00
4973,119,234,view,2025-05-02 04:27:18
4974,150,234,like,2025-05-02 04:20:24
4975,18,234,view,2025-05-02 05:05:01
4976,259,234,like,2025-05-02 04:25:37
4977,115,234,like,2025-05-02 04:09:02
4978,236,234,like,2025-05-02 04:29:54
4979,108,235,view,2025-08-01 05:57:18
4980,181,235,view,2025-08-01 06:04:33
4981,155,235,like,2025-08-01 06:27:22
4982,247,235,view,2025-08-01 07:04:39
4983,182,235,view,2025-08-01 07:07:33
4984,44,235,view,2025-08-01 06:02:41
4985,45,235,like,2025-08-01 07:34:47
4986,122,235,view,2025-08-01 06:23:01
4987,112,235,like,2025-08-01 06:24:23
4988,72,235,view,2025-08-01 06:38:42
4989,123,235,like,2025-08-01 07:10:31
4990,62,236,follow,2025-05-31 05:40:05
4991,268,236,view,2025-05-31 05:26:06
4992,39,236,follow,2025-05-31 06:01:33
4993,215,236,like,2025-05-31 07:45:09
4994,162,236,like,2025-05-31 07:09:21
4995,24,236,view,2025-05-31 05:54:40
4996,280,236,view,2025-05-31 06:28:32
4997,268,236,view,2025-05-31 06:51:48
4998,206,236,view,2025-05-31 05:58:14
4999,144,236,view,2025-05-31 06:36:25
5000,236,236,like,2025-05-31 06:36:10
5001,154,236,follow,2025-05-31 09:01:43
5002,109,236,follow,2025-05-31 06:13:31
5003,25,236,view,2025-05-31 05:56:59
5004,3,236,follow,2025-05-31 06:18:19
5005,64,236,like,2025-05-31 05:27:03
5006,247,236,view,2025-05-31 05:22:16
5007,14,236,view,2025-05-31 05:54:21
5008,57,236,like,2025-05-31 06:37:10
5009,116,236,view,2025-05-31 07:00:22
5010,114,236,view,2025-05-31 05:39:07
5011,252,236,follow,2025-05-31 05:59:55
5012,11,236,like,2025-05-31 07:39:36
5013,219,236,view,2025-05-31 05:22:47
5014,208,236,view,2025-05-31 07:00:20
5015,275,236,view,2025-05-31 06:43:48
5016,179,236,like,2025-05-31 05:32:09
5017,263,236,view,2025-05-31 05:20:48
5018,198,236,like,2025-05-31 08:21:08
5019,98,236,view,2025-05-31 06:00:16
5020,231,236,view,2025-05-31 07:16:25
5021,101,236,view,2025-05-31 05:43:58
5022,220,237,view,2025-09-17 13:01:40
5023,276,237,view,2025-09-17 13:54:29
5024,79,237,view,2025-09-17 14:14:54
5025,273,237,view,2025-09-17 12:33:02
5026,120,237,like,2025-09-17 12:35:55
5027,253,237,follow,2025-09-17 14:59:57
5028,16,237,view,2025-09-17 13:36:30
5029,127,237,view,2025-09-17 12:28:17
5030,99,237,view,2025-09-17 14:48:01
5031,175,237,view,2025-09-17 14:15:40
5032,238,237,view,2025-09-17 12:50:57
5033,56,237,view,2025-09-17 12:47:44
5034,297,237,follow,2025-09-17 14:04:49
5035,137,237,view,2025-09-17 13:10:03
5036,144,237,view,2025-09-17 15:04:23
5037,116,237,view,2025-09-17 13:39:49
5038,103,237,view,2025-09-17 12:58:18
5039,270,237,view,2025-09-17 13:39:12
5040,154,237,view,2025-09-17 13:13:21
5041,60,237,follow,2025-09-17 13:40:43
5042,233,237,view,2025-09-17 14:22:05
5043,70,237,like,2025-09-17 12:58:00
5044,239,237,follow,2025-09-17 12:37:49
5045,178,237,follow,2025-09-17 12:30:23
5046,36,237,view,2025-09-17 14:55:33
5047,229,237,view,2025-09-17 12:31:00
5048,148,237,like,2025-09-17 12:25:40
5049,110,237,like,2025-09-17 12:48:59
5050,33,237,like,2025-09-17 12:31:17
5051,40,237,follow,2025-09-17 13:23:48
5052,200,237,view,2025-09-17 13:47:02
5053,254,237,like,2025-09-17 12:27:05
5054,280,237,like,2025-09-17 14:22:42
5055,162,237,view,2025-09-17 13:58:56
5056,237,237,like,2025-09-17 12:58:30
5057,96,237,like,2025-09-17 12:28:03
5058,235,237,view,2025-09-17 13:58:08
5059,205,237,view,2025-09-17 12:49:02
5060,205,238,view,2025-08-15 02:11:43
5061,206,238,view,2025-08-15 01:07:22
5062,39,238,like,2025-08-15 01:02:23
5063,125,238,view,2025-08-15 00:18:44
5064,137,238,view,2025-08-15 02:01:29
5065,52,238,view,2025-08-15 01:43:31
5066,190,238,view,2025-08-15 01:11:09
5067,231,238,view,2025-08-15 00:04:56
5068,180,238,view,2025-08-15 01:06:56
5069,288,238,view,2025-08-15 00:26:56
5070,279,238,like,2025-08-15 00:06:58
5071,164,238,view,2025-08-15 01:13:08
5072,142,238,view,2025-08-15 00:33:38
5073,100,238,like,2025-08-15 00:42:27
5074,55,238,view,2025-08-15 00:29:58
5075,40,238,view,2025-08-15 01:24:37
5076,205,238,like,2025-08-15 01:27:39
5077,146,238,view,2025-08-15 03:19:20
5078,193,238,view,2025-08-15 01:06:04
5079,96,238,like,2025-08-15 00:49:35
5080,56,238,view,2025-08-15 00:25:13
5081,165,238,like,2025-08-15 00:06:31
5082,185,239,view,2025-09-27 12:48:41
5083,130,239,follow,2025-09-27 10:54:02
5084,58,239,view,2025-09-27 11:28:26
5085,47,239,view,2025-09-27 12:57:24
5086,177,239,follow,2025-09-27 10:35:48
5087,93,239,view,2025-09-27 12:33:06
5088,168,239,like,2025-09-27 12:46:43
5089,180,239,view,2025-09-27 10:43:04
5090,95,239,follow,2025-09-27 11:13:28
5091,245,239,follow,2025-09-27 10:55:45
5092,114,239,like,2025-09-27 11:04:08
5093,130,239,like,2025-09-27 10:55:49
5094,230,239,like,2025-09-27 12:21:48
5095,44,239,view,2025-09-27 12:58:54
5096,227,239,view,2025-09-27 10:32:48
5097,156,239,view,2025-09-27 10:38:09
5098,37,239,view,2025-09-27 11:40:30
5099,174,239,follow,2025-09-27 10:43:11
5100,268,239,view,2025-09-27 10:30:34
5101,104,239,view,2025-09-27 10:29:56
5102,62,239,view,2025-09-27 11:08:28
5103,220,239,view,2025-09-27 11:38:42
5104,100,239,like,2025-09-27 11:30:17
5105,161,239,view,2025-09-27 11:01:11
5106,67,239,like,2025-09-27 12:08:45
5107,224,239,view,2025-09-27 10:52:39
5108,179,239,like,2025-09-27 12:10:54
5109,227,239,follow,2025-09-27 10:43:41
5110,232,240,follow,2025-08-11 02:14:04
5111,62,240,like,2025-08-11 01:44:25
5112,202,240,view,2025-08-11 03:20:02
5113,6,240,view,2025-08-11 02:07:46
5114,200,240,follow,2025-08-11 02:13:59
5115,37,240,like,2025-08-11 01:31:37
5116,97,240,view,2025-08-11 01:36:46
5117,122,240,view,2025-08-11 03:28:43
5118,86,240,view,2025-08-11 03:59:02
5119,38,240,view,2025-08-11 02:23:30
5120,101,240,view,2025-08-11 02:32:07
5121,129,240,view,2025-08-11 01:35:13
5122,179,240,view,2025-08-11 02:09:08
5123,284,240,view,2025-08-11 01:38:40
5124,267,240,view,2025-08-11 04:00:32
5125,201,240,view,2025-08-11 01:30:16
5126,275,240,view,2025-08-11 04:40:03
5127,174,240,like,2025-08-11 02:08:06
5128,40,240,view,2025-08-11 01:47:49
5129,43,241,view,2025-04-22 13:10:04
5130,147,241,view,2025-04-22 11:12:05
5131,160,241,view,2025-04-22 10:39:15
5132,202,241,view,2025-04-22 10:46:42
5133,234,241,view,2025-04-22 10:13:50
5134,21,241,view,2025-04-22 10:12:28
5135,180,241,view,2025-04-22 11:51:35
5136,133,241,follow,2025-04-22 10:17:06
5137,205,241,view,2025-04-22 11:33:17
5138,153,241,view,2025-04-22 10:39:22
5139,131,242,like,2025-03-12 07:31:05
5140,218,242,like,2025-03-12 07:49:33
5141,199,242,view,2025-03-12 07:26:52
5142,272,242,view,2025-03-12 07:10:37
5143,145,242,view,2025-03-12 08:55:15
5144,56,242,view,2025-03-12 07:08:39
5145,113,242,follow,2025-03-12 06:39:44
5146,299,242,view,2025-03-12 06:45:22
5147,20,242,like,2025-03-12 08:57:08
5148,54,242,like,2025-03-12 07:08:15
5149,137,242,view,2025-03-12 08:37:04
5150,58,242,view,2025-03-12 09:10:42
5151,265,242,follow,2025-03-12 08:15:47
5152,23,242,view,2025-03-12 07:16:47
5153,171,243,like,2025-04-28 09:06:47
5154,19,243,like,2025-04-28 09:07:19
5155,123,244,view,2025-02-10 05:40:38
5156,197,244,view,2025-02-10 04:08:32
5157,37,244,follow,2025-02-10 05:34:13
5158,45,244,view,2025-02-10 03:37:54
5159,182,244,view,2025-02-10 03:12:47
5160,108,244,follow,2025-02-10 06:21:44
5161,176,244,view,2025-02-10 04:34:59
5162,272,244,like,2025-02-10 05:22:01
5163,206,244,view,2025-02-10 03:51:57
5164,6,244,view,2025-02-10 03:41:18
5165,57,244,view,2025-02-10 03:36:30
5166,101,244,view,2025-02-10 03:39:31
5167,156,244,view,2025-02-10 03:12:36
5168,79,244,like,2025-02-10 04:08:27
5169,168,244,follow,2025-02-10 03:39:53
5170,20,244,like,2025-02-10 05:52:02
5171,271,244,like,2025-02-10 04:18:34
5172,28,244,like,2025-02-10 05:35:38
5173,183,245,view,2025-09-11 10:18:47
5174,120,245,view,2025-09-11 11:38:33
5175,24,245,view,2025-09-11 10:33:07
5176,272,245,follow,2025-09-11 12:04:50
5177,162,245,view,2025-09-11 11:32:14
5178,215,245,view,2025-09-11 10:24:07
5179,276,245,view,2025-09-11 10:36:47
5180,74,245,view,2025-09-11 10:46:02
5181,177,245,like,2025-09-11 10:06:06
5182,82,245,like,2025-09-11 10:59:53
5183,200,245,view,2025-09-11 10:25:04
5184,62,245,like,2025-09-11 10:04:59
5185,226,245,follow,2025-09-11 10:11:34
5186,173,245,view,2025-09-11 11:20:22
5187,158,245,like,2025-09-11 10:35:52
5188,211,246,view,2025-03-12 23:05:01
5189,95,246,like,2025-03-12 23:18:04
5190,163,246,view,2025-03-12 23:44:41
5191,172,246,view,2025-03-12 22:40:20
5192,246,246,like,2025-03-12 23:51:14
5193,48,246,like,2025-03-12 22:22:50
5194,211,246,like,2025-03-13 00:31:00
5195,124,246,like,2025-03-12 23:54:11
5196,133,246,like,2025-03-12 23:05:43
5197,256,246,follow,2025-03-12 23:26:09
5198,39,246,view,2025-03-12 22:32:50
5199,24,246,view,2025-03-12 22:24:06
5200,208,246,view,2025-03-12 22:21:59
5201,251,246,view,2025-03-12 22:55:50
5202,109,247,view,2025-04-10 00:27:52
5203,155,247,view,2025-04-09 22:00:21
5204,36,247,view,2025-04-09 23:29:55
5205,198,247,view,2025-04-09 21:53:23
5206,217,247,view,2025-04-09 21:18:18
5207,269,247,follow,2025-04-09 21:58:28
5208,299,247,like,2025-04-10 00:01:59
5209,250,247,follow,2025-04-09 22:01:40
5210,279,247,view,2025-04-09 22:03:42
5211,256,247,like,2025-04-09 21:32:34
5212,231,247,view,2025-04-09 22:01:22
5213,21,247,like,2025-04-09 21:38:20
5214,233,247,like,2025-04-09 22:49:56
5215,189,247,like,2025-04-09 22:00:56
5216,195,247,view,2025-04-09 21:27:39
5217,220,247,view,2025-04-09 22:15:00
5218,234,247,view,2025-04-09 21:34:02
5219,190,247,like,2025-04-09 22:25:36
5220,16,247,view,2025-04-09 23:40:14
5221,167,247,view,2025-04-09 21:20:42
5222,3,247,view,2025-04-09 22:20:46
5223,300,248,follow,2025-01-06 03:26:26
5224,241,248,view,2025-01-06 04:05:45
5225,96,248,view,2025-01-06 03:00:15
5226,69,248,like,2025-01-06 02:56:52
5227,124,248,view,2025-01-06 03:19:15
5228,1,248,follow,2025-01-06 04:38:09
5229,287,248,view,2025-01-06 04:34:05
5230,22,248,view,2025-01-06 04:32:50
5231,81,248,view,2025-01-06 04:12:24
5232,253,248,like,2025-01-06 03:02:17
5233,167,248,like,2025-01-06 03:14:40
5234,28,248,view,2025-01-06 04:29:44
5235,209,248,view,2025-01-06 04:53:33
5236,266,248,view,2025-01-06 02:28:16
5237,275,248,follow,2025-01-06 03:55:27
5238,200,248,view,2025-01-06 02:39:52
5239,77,248,like,2025-01-06 04:50:37
5240,270,248,view,2025-01-06 03:55:59
5241,228,248,view,2025-01-06 02:48:45
5242,300,248,view,2025-01-06 02:37:22
5243,26,248,like,2025-01-06 02:53:55
5244,153,248,view,2025-01-06 02:55:59
5245,144,248,like,2025-01-06 02:45:08
5246,130,248,view,2025-01-06 02:59:58
5247,168,248,like,2025-01-06 02:35:57
5248,245,248,view,2025-01-06 03:42:56
5249,136,248,like,2025-01-06 02:44:28
5250,111,248,view,2025-01-06 04:49:32
5251,42,248,follow,2025-01-06 03:58:01
5252,61,248,view,2025-01-06 02:56:33
5253,150,248,like,2025-01-06 02:28:58
5254,129,248,view,2025-01-06 02:44:51
5255,2,248,view,2025-01-06 03:41:52
5256,114,248,like,2025-01-06 03:04:44
5257,127,248,view,2025-01-06 03:18:18
5258,106,248,view,2025-01-06 02:29:37
5259,265,249,like,2025-09-24 15:41:47
5260,114,249,view,2025-09-24 17:18:15
5261,62,250,like,2025-01-29 19:24:39
5262,234,250,view,2025-01-29 21:00:30
5263,278,250,view,2025-01-29 20:01:41
5264,34,250,view,2025-01-29 19:13:04
5265,56,250,view,2025-01-29 18:54:06
5266,262,250,like,2025-01-29 19:24:52
5267,278,250,like,2025-01-29 19:18:19
5268,96,250,like,2025-01-29 20:21:42
5269,48,250,view,2025-01-29 20:10:58
5270,278,250,view,2025-01-29 19:19:05
5271,203,250,view,2025-01-29 19:14:19
5272,17,250,like,2025-01-29 20:30:46
5273,131,250,like,2025-01-29 21:11:20
5274,257,250,like,2025-01-29 19:12:00
5275,172,251,like,2025-06-21 10:43:37
5276,276,251,view,2025-06-21 11:13:30
5277,215,251,follow,2025-06-21 10:20:31
5278,176,251,like,2025-06-21 11:07:08
5279,47,251,follow,2025-06-21 12:44:59
5280,123,251,view,2025-06-21 11:07:33
5281,235,251,view,2025-06-21 12:07:08
5282,182,251,follow,2025-06-21 11:40:51
5283,48,251,view,2025-06-21 12:43:01
5284,206,251,like,2025-06-21 11:48:51
5285,168,251,like,2025-06-21 10:30:52
5286,17,251,view,2025-06-21 11:31:14
5287,165,251,follow,2025-06-21 10:24:14
5288,43,252,view,2025-09-10 03:42:01
5289,286,252,view,2025-09-10 04:16:36
5290,24,252,view,2025-09-10 05:45:29
5291,261,252,like,2025-09-10 05:55:45
5292,56,252,view,2025-09-10 03:18:56
5293,2,252,view,2025-09-10 05:36:20
5294,200,252,like,2025-09-10 06:55:44
5295,76,252,view,2025-09-10 03:27:14
5296,162,252,like,2025-09-10 04:09:13
5297,221,252,view,2025-09-10 03:22:59
5298,76,252,like,2025-09-10 04:13:37
5299,24,252,view,2025-09-10 04:43:04
5300,3,252,follow,2025-09-10 04:15:26
5301,195,252,view,2025-09-10 04:48:46
5302,124,252,like,2025-09-10 03:17:52
5303,263,252,view,2025-09-10 04:43:58
5304,102,252,like,2025-09-10 04:26:06
5305,198,252,view,2025-09-10 05:12:04
5306,257,252,follow,2025-09-10 03:51:13
5307,274,252,like,2025-09-10 03:21:13
5308,253,252,view,2025-09-10 03:45:46
5309,106,252,like,2025-09-10 03:37:31
5310,256,252,view,2025-09-10 03:23:30
5311,1,252,view,2025-09-10 05:01:37
5312,58,252,follow,2025-09-10 05:42:44
5313,229,252,view,2025-09-10 04:23:44
5314,208,252,like,2025-09-10 05:41:34
5315,200,252,like,2025-09-10 04:15:21
5316,36,252,view,2025-09-10 04:53:37
5317,39,252,like,2025-09-10 04:51:15
5318,249,252,view,2025-09-10 03:31:02
5319,11,252,like,2025-09-10 03:45:23
5320,86,253,view,2025-09-02 07:41:03
5321,275,253,follow,2025-09-02 05:32:26
5322,219,253,like,2025-09-02 05:09:46
5323,273,253,like,2025-09-02 06:52:55
5324,185,253,follow,2025-09-02 05:48:37
5325,178,253,like,2025-09-02 05:20:22
5326,13,253,like,2025-09-02 05:59:19
5327,44,253,like,2025-09-02 06:09:14
5328,265,253,like,2025-09-02 06:42:15
5329,272,253,view,2025-09-02 07:20:33
5330,264,253,view,2025-09-02 04:56:58
5331,133,253,like,2025-09-02 04:58:31
5332,112,254,follow,2025-05-17 10:36:13
5333,228,254,view,2025-05-17 11:24:02
5334,160,254,view,2025-05-17 10:31:22
5335,28,254,view,2025-05-17 10:11:03
5336,201,254,view,2025-05-17 10:05:43
5337,235,254,like,2025-05-17 09:24:00
5338,76,254,like,2025-05-17 10:36:31
5339,272,256,follow,2025-07-10 21:08:04
5340,216,256,like,2025-07-10 21:19:52
5341,136,256,view,2025-07-10 21:29:24
5342,191,256,view,2025-07-10 22:11:19
5343,198,256,like,2025-07-10 20:56:50
5344,30,256,view,2025-07-10 21:41:50
5345,47,256,like,2025-07-10 21:17:19
5346,50,256,view,2025-07-10 21:08:48
5347,221,256,view,2025-07-10 22:25:30
5348,174,256,view,2025-07-10 21:00:57
5349,210,256,like,2025-07-10 21:25:54
5350,286,256,like,2025-07-10 21:12:54
5351,265,256,view,2025-07-10 22:59:52
5352,28,256,view,2025-07-10 22:28:32
5353,62,256,like,2025-07-10 21:00:02
5354,75,256,view,2025-07-10 23:01:28
5355,81,256,view,2025-07-10 22:14:39
5356,9,256,view,2025-07-10 20:58:44
5357,183,256,view,2025-07-10 23:34:55
5358,294,256,view,2025-07-11 00:04:28
5359,21,256,follow,2025-07-10 21:27:46
5360,236,256,like,2025-07-10 22:48:04
5361,170,256,view,2025-07-10 21:08:00
5362,11,256,view,2025-07-10 21:05:51
5363,105,256,view,2025-07-11 00:43:39
5364,288,256,view,2025-07-10 21:15:48
5365,162,256,view,2025-07-10 23:23:27
5366,185,256,view,2025-07-10 23:53:19
5367,129,256,view,2025-07-10 22:23:37
5368,273,256,view,2025-07-10 22:16:05
5369,28,256,like,2025-07-10 21:59:15
5370,145,256,view,2025-07-10 23:17:24
5371,193,256,like,2025-07-10 22:49:17
5372,184,256,view,2025-07-10 21:07:43
5373,294,256,view,2025-07-10 23:46:39
5374,216,256,view,2025-07-10 21:28:53
5375,42,257,like,2025-07-02 20:02:01
5376,138,257,view,2025-07-02 20:14:02
5377,219,257,view,2025-07-02 19:25:47
5378,157,257,view,2025-07-02 21:16:02
5379,35,257,view,2025-07-02 20:08:41
5380,120,257,follow,2025-07-02 19:04:19
5381,253,257,like,2025-07-02 22:34:25
5382,158,257,view,2025-07-02 20:24:50
5383,203,257,follow,2025-07-02 20:17:55
5384,95,257,like,2025-07-02 19:00:45
5385,56,257,follow,2025-07-02 19:22:51
5386,181,257,view,2025-07-02 19:04:22
5387,30,257,view,2025-07-02 21:04:07
5388,257,257,view,2025-07-02 21:02:28
5389,106,257,view,2025-07-02 19:03:21
5390,104,257,view,2025-07-02 19:54:44
5391,295,257,like,2025-07-02 19:11:16
5392,96,257,view,2025-07-02 18:57:52
5393,53,257,view,2025-07-02 20:02:58
5394,146,257,view,2025-07-02 20:13:41
5395,85,257,view,2025-07-02 20:02:38
5396,248,257,like,2025-07-02 20:11:19
5397,232,258,view,2025-03-03 13:21:17
5398,287,258,follow,2025-03-03 13:52:58
5399,110,258,like,2025-03-03 13:50:34
5400,195,258,view,2025-03-03 13:15:52
5401,70,258,view,2025-03-03 15:31:58
5402,266,258,like,2025-03-03 15:48:07
5403,39,258,view,2025-03-03 15:01:17
5404,129,258,follow,2025-03-03 13:10:41
5405,282,258,like,2025-03-03 13:15:31
5406,210,258,view,2025-03-03 13:40:31
5407,69,258,follow,2025-03-03 13:32:46
5408,65,258,like,2025-03-03 13:08:01
5409,80,259,view,2025-06-14 14:34:05
5410,152,259,like,2025-06-14 14:27:05
5411,131,259,follow,2025-06-14 16:36:12
5412,7,259,like,2025-06-14 13:54:23
5413,68,259,like,2025-06-14 15:11:56
5414,67,259,like,2025-06-14 13:58:18
5415,188,259,view,2025-06-14 15:43:34
5416,94,259,like,2025-06-14 14:43:03
5417,243,259,view,2025-06-14 16:09:48
5418,129,259,follow,2025-06-14 15:19:10
5419,233,259,follow,2025-06-14 14:08:28
5420,194,259,view,2025-06-14 14:11:54
5421,123,259,view,2025-06-14 16:05:15
5422,266,259,view,2025-06-14 14:21:37
5423,58,259,view,2025-06-14 14:21:11
5424,222,259,like,2025-06-14 15:11:39
5425,220,259,like,2025-06-14 13:54:55
5426,145,259,view,2025-06-14 15:41:22
5427,74,259,like,2025-06-14 14:54:23
5428,148,259,like,2025-06-14 15:42:08
5429,209,259,follow,2025-06-14 15:11:54
5430,94,259,view,2025-06-14 16:00:56
5431,260,259,view,2025-06-14 15:10:46
5432,6,259,like,2025-06-14 14:23:17
5433,37,259,view,2025-06-14 15:34:53
5434,84,259,follow,2025-06-14 14:02:44
5435,228,259,view,2025-06-14 15:33:27
5436,177,259,like,2025-06-14 14:10:14
5437,33,259,view,2025-06-14 15:34:42
5438,198,259,like,2025-06-14 14:26:20
5439,130,259,view,2025-06-14 14:21:12
5440,287,259,view,2025-06-14 15:19:37
5441,222,259,view,2025-06-14 14:58:31
5442,86,259,view,2025-06-14 14:12:18
5443,205,259,view,2025-06-14 14:52:46
5444,85,259,follow,2025-06-14 14:32:37
5445,151,259,view,2025-06-14 14:44:58
5446,1,259,follow,2025-06-14 15:58:34
5447,237,259,view,2025-06-14 17:10:54
5448,91,259,follow,2025-06-14 13:54:04
5449,34,260,follow,2025-05-30 07:03:22
5450,157,260,view,2025-05-30 04:01:56
5451,33,260,view,2025-05-30 04:19:13
5452,60,260,view,2025-05-30 04:02:46
5453,105,260,like,2025-05-30 04:39:18
5454,189,260,like,2025-05-30 05:08:40
5455,64,260,view,2025-05-30 06:41:31
5456,149,260,view,2025-05-30 04:05:18
5457,193,260,view,2025-05-30 03:58:18
5458,145,260,like,2025-05-30 06:26:11
5459,37,260,view,2025-05-30 06:28:51
5460,256,260,view,2025-05-30 04:35:35
5461,296,260,follow,2025-05-30 04:16:51
5462,199,260,like,2025-05-30 04:52:59
5463,155,260,follow,2025-05-30 04:18:34
5464,44,260,view,2025-05-30 04:26:46
5465,221,260,view,2025-05-30 03:57:33
5466,155,260,view,2025-05-30 06:31:30
5467,257,260,like,2025-05-30 06:49:36
5468,116,260,follow,2025-05-30 05:18:09
5469,181,260,view,2025-05-30 04:14:52
5470,144,260,like,2025-05-30 06:11:53
5471,199,260,follow,2025-05-30 05:14:52
5472,246,260,like,2025-05-30 06:05:22
5473,76,260,view,2025-05-30 04:27:17
5474,290,260,follow,2025-05-30 05:20:29
5475,76,260,like,2025-05-30 05:14:34
5476,232,260,like,2025-05-30 04:06:26
5477,197,260,view,2025-05-30 05:27:25
5478,67,260,like,2025-05-30 07:02:46
5479,242,260,view,2025-05-30 04:16:03
5480,66,260,like,2025-05-30 06:18:17
5481,230,260,view,2025-05-30 05:13:23
5482,243,260,view,2025-05-30 05:10:43
5483,59,260,view,2025-05-30 04:09:43
5484,180,260,view,2025-05-30 04:27:46
5485,18,260,view,2025-05-30 04:46:20
5486,3,260,view,2025-05-30 04:46:09
5487,195,260,view,2025-05-30 03:57:59
5488,13,260,view,2025-05-30 05:07:16
5489,173,261,follow,2025-09-20 01:02:09
5490,93,261,view,2025-09-20 02:30:22
5491,15,261,view,2025-09-20 01:28:45
5492,83,261,follow,2025-09-20 01:08:48
5493,106,261,view,2025-09-20 02:47:35
5494,62,261,view,2025-09-20 01:10:28
5495,197,261,like,2025-09-20 02:16:00
5496,32,261,like,2025-09-20 03:15:41
5497,96,261,view,2025-09-20 01:06:25
5498,193,261,view,2025-09-20 02:00:12
5499,256,261,like,2025-09-20 02:12:07
5500,38,261,view,2025-09-20 02:42:24
5501,34,261,view,2025-09-20 02:45:21
5502,250,261,view,2025-09-20 03:28:26
5503,233,261,view,2025-09-20 01:22:49
5504,189,261,view,2025-09-20 01:02:02
5505,237,261,view,2025-09-20 01:38:02
5506,87,261,view,2025-09-20 01:12:34
5507,267,261,like,2025-09-20 02:32:43
5508,247,261,like,2025-09-20 01:34:29
5509,248,261,view,2025-09-20 01:20:18
5510,217,261,view,2025-09-20 01:07:17
5511,149,261,view,2025-09-20 02:20:07
5512,280,261,view,2025-09-20 01:00:53
5513,56,261,view,2025-09-20 01:48:02
5514,184,261,like,2025-09-20 01:00:16
5515,69,261,view,2025-09-20 02:22:57
5516,284,261,like,2025-09-20 01:03:55
5517,263,261,view,2025-09-20 02:44:04
5518,211,261,follow,2025-09-20 01:41:01
5519,132,261,view,2025-09-20 03:13:44
5520,271,261,like,2025-09-20 01:17:12
5521,212,261,view,2025-09-20 00:58:34
5522,170,261,like,2025-09-20 01:15:57
5523,110,262,like,2025-03-10 01:00:53
5524,70,262,view,2025-03-10 01:08:53
5525,285,262,view,2025-03-10 01:16:38
5526,115,262,view,2025-03-10 02:30:02
5527,169,262,view,2025-03-10 02:30:56
5528,183,263,like,2025-04-26 00:26:09
5529,49,263,view,2025-04-25 23:42:15
5530,165,263,view,2025-04-25 22:37:47
5531,9,263,like,2025-04-25 22:58:32
5532,114,263,like,2025-04-25 22:48:29
5533,223,263,view,2025-04-25 22:37:35
5534,282,263,follow,2025-04-25 22:34:07
5535,2,263,view,2025-04-26 00:08:42
5536,71,263,follow,2025-04-25 23:03:11
5537,125,263,like,2025-04-25 23:56:14
5538,133,263,follow,2025-04-25 23:17:13
5539,42,263,view,2025-04-26 00:00:10
5540,33,263,follow,2025-04-25 22:53:39
5541,266,263,view,2025-04-26 00:58:25
5542,276,263,view,2025-04-25 22:43:27
5543,282,263,like,2025-04-25 22:34:12
5544,34,263,like,2025-04-25 23:06:19
5545,63,263,view,2025-04-26 00:04:41
5546,22,263,like,2025-04-26 00:42:26
5547,26,263,like,2025-04-25 22:58:26
5548,65,263,view,2025-04-25 22:48:55
5549,14,263,view,2025-04-26 01:02:53
5550,221,263,follow,2025-04-25 22:49:08
5551,86,263,follow,2025-04-25 22:36:25
5552,178,263,view,2025-04-25 22:39:27
5553,170,263,like,2025-04-26 01:03:53
5554,62,263,like,2025-04-25 22:55:16
5555,179,263,like,2025-04-25 23:01:51
5556,281,263,view,2025-04-25 23:34:00
5557,145,263,view,2025-04-25 22:58:46
5558,52,264,like,2025-02-22 13:43:18
5559,296,264,like,2025-02-22 14:12:08
5560,54,264,like,2025-02-22 12:26:25
5561,17,264,view,2025-02-22 12:58:22
5562,38,264,view,2025-02-22 12:34:21
5563,191,264,view,2025-02-22 11:23:33
5564,138,264,view,2025-02-22 11:51:30
5565,157,264,like,2025-02-22 13:01:05
5566,113,264,follow,2025-02-22 13:03:37
5567,72,264,follow,2025-02-22 11:35:33
5568,236,264,like,2025-02-22 14:30:11
5569,27,265,view,2025-01-16 04:09:24
5570,284,265,view,2025-01-16 00:49:47
5571,38,265,view,2025-01-16 03:08:38
5572,77,265,follow,2025-01-16 00:42:44
5573,283,265,view,2025-01-16 00:57:11
5574,128,265,follow,2025-01-16 01:02:39
5575,5,265,follow,2025-01-16 01:33:08
5576,96,265,view,2025-01-16 00:48:20
5577,7,265,like,2025-01-16 01:36:05
5578,222,265,like,2025-01-16 01:05:43
5579,115,265,like,2025-01-16 00:57:10
5580,184,265,like,2025-01-16 01:11:24
5581,238,265,follow,2025-01-16 01:12:40
5582,65,265,view,2025-01-16 02:50:55
5583,286,265,view,2025-01-16 00:42:37
5584,165,265,like,2025-01-16 01:07:45
5585,57,265,like,2025-01-16 00:48:40
5586,227,265,like,2025-01-16 02:09:04
5587,64,265,like,2025-01-16 01:33:07
5588,231,265,follow,2025-01-16 00:47:19
5589,76,265,view,2025-01-16 03:15:21
5590,176,265,like,2025-01-16 00:52:14
5591,20,265,view,2025-01-16 01:49:51
5592,106,265,view,2025-01-16 02:28:05
5593,189,265,like,2025-01-16 01:54:28
5594,237,265,follow,2025-01-16 01:44:49
5595,249,265,view,2025-01-16 01:56:29
5596,19,265,like,2025-01-16 01:36:19
5597,115,265,view,2025-01-16 00:55:26
5598,163,265,like,2025-01-16 01:21:55
5599,81,265,like,2025-01-16 03:02:33
5600,29,265,view,2025-01-16 01:11:26
5601,145,265,view,2025-01-16 02:03:08
5602,178,265,view,2025-01-16 02:05:33
5603,203,265,view,2025-01-16 02:41:27
5604,236,266,view,2025-04-10 10:13:12
5605,253,266,follow,2025-04-10 12:37:58
5606,150,266,like,2025-04-10 10:04:46
5607,121,266,view,2025-04-10 09:57:07
5608,152,266,follow,2025-04-10 11:16:04
5609,259,266,like,2025-04-10 09:47:03
5610,195,266,view,2025-04-10 09:32:14
5611,37,266,like,2025-04-10 10:46:36
5612,225,266,like,2025-04-10 09:45:33
5613,32,267,view,2025-08-26 19:08:10
5614,162,267,view,2025-08-26 19:50:02
5615,50,267,follow,2025-08-26 19:12:19
5616,219,267,follow,2025-08-26 19:29:17
5617,294,267,view,2025-08-26 21:29:57
5618,34,267,view,2025-08-26 19:09:51
5619,41,267,view,2025-08-26 20:13:26
5620,266,267,view,2025-08-26 21:13:02
5621,255,267,view,2025-08-26 19:12:20
5622,292,267,view,2025-08-26 20:25:46
5623,161,267,follow,2025-08-26 20:33:46
5624,257,267,like,2025-08-26 19:43:52
5625,44,267,view,2025-08-26 20:19:45
5626,14,267,view,2025-08-26 20:10:45
5627,51,267,view,2025-08-26 21:05:02
5628,147,267,like,2025-08-26 20:04:06
5629,297,267,view,2025-08-26 20:16:12
5630,9,267,view,2025-08-26 20:32:23
5631,116,267,like,2025-08-26 19:34:01
5632,252,267,view,2025-08-26 19:15:30
5633,98,267,view,2025-08-26 19:05:23
5634,16,267,follow,2025-08-26 19:03:02
5635,226,267,view,2025-08-26 22:42:32
5636,137,267,follow,2025-08-26 19:26:16
5637,56,267,view,2025-08-26 19:38:35
5638,101,267,view,2025-08-26 20:05:59
5639,267,267,like,2025-08-26 21:27:23
5640,136,267,like,2025-08-26 22:42:08
5641,128,267,view,2025-08-26 19:04:40
5642,193,267,like,2025-08-26 19:22:21
5643,172,267,view,2025-08-26 20:23:03
5644,279,267,view,2025-08-26 20:19:50
5645,162,267,view,2025-08-26 19:13:22
5646,160,268,like,2025-08-16 05:06:18
5647,169,268,view,2025-08-16 06:22:25
5648,91,268,like,2025-08-16 04:01:47
5649,164,268,view,2025-08-16 06:11:14
5650,205,268,view,2025-08-16 04:51:49
5651,9,268,view,2025-08-16 04:00:33
5652,91,268,view,2025-08-16 03:53:53
5653,228,268,view,2025-08-16 04:31:33
5654,75,268,view,2025-08-16 05:18:29
5655,211,268,like,2025-08-16 04:24:09
5656,219,268,follow,2025-08-16 03:46:58
5657,195,268,view,2025-08-16 04:04:07
5658,48,268,view,2025-08-16 03:48:26
5659,26,268,like,2025-08-16 05:18:02
5660,284,268,follow,2025-08-16 05:18:28
5661,164,268,view,2025-08-16 04:23:27
5662,107,268,follow,2025-08-16 05:15:50
5663,35,268,view,2025-08-16 07:10:36
5664,121,268,like,2025-08-16 03:52:08
5665,199,268,like,2025-08-16 05:35:56
5666,79,268,like,2025-08-16 03:53:14
5667,20,268,view,2025-08-16 04:12:53
5668,99,268,view,2025-08-16 06:43:18
5669,13,268,like,2025-08-16 03:55:22
5670,157,268,like,2025-08-16 03:55:09
5671,295,268,view,2025-08-16 04:44:38
5672,286,268,view,2025-08-16 03:52:27
5673,161,268,follow,2025-08-16 04:06:12
5674,175,268,view,2025-08-16 04:54:56
5675,27,268,view,2025-08-16 04:30:57
5676,259,268,like,2025-08-16 04:46:56
5677,199,268,follow,2025-08-16 04:53:33
5678,13,268,follow,2025-08-16 05:54:16
5679,51,268,follow,2025-08-16 03:55:49
5680,60,268,view,2025-08-16 03:47:24
5681,87,268,follow,2025-08-16 03:56:43
5682,16,268,view,2025-08-16 04:31:52
5683,236,268,view,2025-08-16 04:31:09
5684,37,269,like,2025-04-02 03:07:15
5685,97,269,like,2025-04-02 03:20:20
5686,98,269,follow,2025-04-02 02:27:10
5687,243,269,view,2025-04-02 02:04:59
5688,227,269,view,2025-04-02 02:02:41
5689,182,269,like,2025-04-02 03:39:27
5690,235,269,view,2025-04-02 01:42:19
5691,206,269,view,2025-04-02 01:49:44
5692,273,269,view,2025-04-02 01:39:25
5693,88,269,view,2025-04-02 02:12:56
5694,1,269,view,2025-04-02 01:45:02
5695,82,269,view,2025-04-02 02:12:28
5696,196,269,like,2025-04-02 01:42:52
5697,49,269,like,2025-04-02 02:25:33
5698,147,269,follow,2025-04-02 03:01:02
5699,201,269,view,2025-04-02 01:51:00
5700,291,269,view,2025-04-02 01:39:26
5701,233,269,view,2025-04-02 03:29:10
5702,184,269,follow,2025-04-02 04:55:42
5703,111,269,view,2025-04-02 03:23:42
5704,44,269,view,2025-04-02 01:56:03
5705,29,269,view,2025-04-02 03:17:10
5706,266,269,view,2025-04-02 03:41:24
5707,36,269,view,2025-04-02 01:52:24
5708,38,269,like,2025-04-02 02:02:26
5709,240,269,like,2025-04-02 03:13:32
5710,203,269,view,2025-04-02 02:45:36
5711,35,269,follow,2025-04-02 03:07:35
5712,114,269,view,2025-04-02 04:04:02
5713,175,270,view,2025-08-27 18:08:22
5714,90,270,like,2025-08-27 18:08:17
5715,113,270,view,2025-08-27 18:01:34
5716,237,270,follow,2025-08-27 18:35:55
5717,45,270,view,2025-08-27 18:24:29
5718,122,270,view,2025-08-27 18:15:24
5719,13,270,follow,2025-08-27 18:36:48
5720,243,270,view,2025-08-27 18:47:32
5721,64,271,view,2025-02-26 06:57:48
5722,291,271,view,2025-02-26 06:53:19
5723,116,271,follow,2025-02-26 05:47:34
5724,120,271,like,2025-02-26 04:44:12
5725,102,271,view,2025-02-26 06:52:43
5726,90,271,view,2025-02-26 06:20:53
5727,12,271,view,2025-02-26 04:59:43
5728,300,271,view,2025-02-26 04:47:51
5729,104,271,view,2025-02-26 04:46:33
5730,132,271,view,2025-02-26 04:37:29
5731,198,271,like,2025-02-26 06:37:02
5732,104,271,view,2025-02-26 04:38:37
5733,278,271,follow,2025-02-26 04:54:36
5734,277,271,like,2025-02-26 06:08:23
5735,227,271,view,2025-02-26 04:55:17
5736,59,271,like,2025-02-26 06:41:36
5737,160,271,follow,2025-02-26 04:37:40
5738,210,271,like,2025-02-26 06:19:30
5739,202,271,like,2025-02-26 05:34:20
5740,86,271,like,2025-02-26 04:43:07
5741,186,271,like,2025-02-26 05:17:19
5742,9,271,like,2025-02-26 05:16:43
5743,146,271,view,2025-02-26 04:49:43
5744,103,271,view,2025-02-26 06:35:42
5745,164,271,view,2025-02-26 07:07:08
5746,55,271,view,2025-02-26 04:36:23
5747,49,271,view,2025-02-26 04:41:40
5748,27,271,like,2025-02-26 05:17:27
5749,203,271,like,2025-02-26 04:49:48
5750,298,271,like,2025-02-26 04:35:33
5751,136,271,follow,2025-02-26 04:32:44
5752,159,271,like,2025-02-26 04:56:58
5753,161,271,view,2025-02-26 08:21:56
5754,163,271,view,2025-02-26 04:42:04
5755,32,271,like,2025-02-26 06:18:48
5756,48,271,view,2025-02-26 04:45:03
5757,43,271,like,2025-02-26 04:47:53
5758,117,272,follow,2025-03-12 22:19:21
5759,13,272,view,2025-03-12 21:19:47
5760,271,272,view,2025-03-12 21:09:20
5761,96,272,follow,2025-03-12 19:52:15
5762,140,272,like,2025-03-12 20:48:17
5763,151,272,view,2025-03-12 19:56:43
5764,165,272,follow,2025-03-12 22:16:14
5765,73,273,view,2025-04-27 07:21:40
5766,177,273,follow,2025-04-27 07:09:04
5767,56,273,view,2025-04-27 05:47:12
5768,163,273,follow,2025-04-27 05:53:50
5769,238,273,view,2025-04-27 05:22:55
5770,290,273,view,2025-04-27 06:09:01
5771,198,273,like,2025-04-27 05:36:00
5772,140,273,view,2025-04-27 07:43:58
5773,140,273,like,2025-04-27 05:29:53
5774,131,273,view,2025-04-27 06:15:26
5775,74,273,like,2025-04-27 06:41:45
5776,158,273,follow,2025-04-27 05:25:22
5777,242,273,follow,2025-04-27 06:20:52
5778,279,273,like,2025-04-27 05:40:22
5779,293,273,view,2025-04-27 05:53:13
5780,91,273,like,2025-04-27 05:41:22
5781,125,273,like,2025-04-27 05:36:54
5782,258,273,view,2025-04-27 06:12:23
5783,259,273,view,2025-04-27 05:23:29
5784,280,273,follow,2025-04-27 07:09:32
5785,132,273,like,2025-04-27 06:22:19
5786,149,273,follow,2025-04-27 06:31:28
5787,148,273,view,2025-04-27 05:39:32
5788,9,273,view,2025-04-27 08:03:18
5789,300,273,view,2025-04-27 07:19:05
5790,168,273,view,2025-04-27 06:12:46
5791,1,273,view,2025-04-27 05:53:24
5792,245,273,like,2025-04-27 06:07:48
5793,255,273,view,2025-04-27 05:47:14
5794,105,273,view,2025-04-27 05:29:05
5795,26,273,like,2025-04-27 05:25:59
5796,101,273,follow,2025-04-27 06:30:06
5797,285,273,follow,2025-04-27 05:59:36
5798,153,273,follow,2025-04-27 05:53:45
5799,28,273,like,2025-04-27 07:23:21
5800,287,273,view,2025-04-27 07:06:46
5801,121,273,like,2025-04-27 07:11:14
5802,281,273,view,2025-04-27 05:58:22
5803,8,273,like,2025-04-27 06:27:15
5804,5,274,view,2025-08-25 14:45:34
5805,213,274,like,2025-08-25 14:32:13
5806,127,274,view,2025-08-25 14:26:43
5807,1,274,view,2025-08-25 15:06:53
5808,238,274,like,2025-08-25 15:19:39
5809,192,274,view,2025-08-25 15:45:57
5810,59,274,view,2025-08-25 15:50:29
5811,160,274,view,2025-08-25 15:20:35
5812,278,274,view,2025-08-25 16:10:52
5813,214,274,like,2025-08-25 16:22:59
5814,275,274,view,2025-08-25 14:29:31
5815,300,274,view,2025-08-25 16:28:13
5816,222,274,view,2025-08-25 14:28:42
5817,246,274,view,2025-08-25 14:39:09
5818,221,274,follow,2025-08-25 14:46:02
5819,31,274,like,2025-08-25 15:17:58
5820,255,274,view,2025-08-25 14:55:45
5821,178,274,view,2025-08-25 14:41:39
5822,146,274,view,2025-08-25 15:51:38
5823,60,274,view,2025-08-25 14:47:58
5824,298,274,view,2025-08-25 15:54:15
5825,144,274,view,2025-08-25 16:11:28
5826,29,274,like,2025-08-25 14:33:03
5827,15,274,view,2025-08-25 14:46:27
5828,141,274,follow,2025-08-25 15:30:52
5829,290,274,view,2025-08-25 16:58:11
5830,293,274,like,2025-08-25 14:32:44
5831,265,275,like,2025-01-10 23:58:58
5832,128,275,like,2025-01-11 00:22:12
5833,224,275,like,2025-01-10 23:35:28
5834,38,275,follow,2025-01-11 00:18:14
5835,151,275,like,2025-01-11 00:56:20
5836,82,275,view,2025-01-11 01:43:15
5837,58,275,view,2025-01-10 23:36:18
5838,9,275,like,2025-01-10 23:19:01
5839,166,275,like,2025-01-10 23:27:20
5840,122,275,view,2025-01-11 01:31:40
5841,188,275,like,2025-01-11 01:27:09
5842,88,275,follow,2025-01-11 00:02:42
5843,273,275,like,2025-01-10 23:17:04
5844,27,275,view,2025-01-10 23:23:48
5845,89,275,like,2025-01-10 23:09:47
5846,71,275,view,2025-01-10 23:26:47
5847,144,275,view,2025-01-10 23:10:44
5848,254,275,like,2025-01-10 23:57:33
5849,31,275,view,2025-01-11 00:38:49
5850,154,275,follow,2025-01-10 23:09:10
5851,64,276,follow,2025-09-27 01:46:35
5852,199,276,view,2025-09-27 03:07:51
5853,256,276,view,2025-09-27 02:40:03
5854,178,276,follow,2025-09-27 03:41:06
5855,171,276,like,2025-09-27 02:07:13
5856,225,276,view,2025-09-27 03:42:34
5857,173,276,follow,2025-09-27 03:24:49
5858,85,276,view,2025-09-27 01:19:40
5859,49,276,view,2025-09-27 02:02:03
5860,9,276,view,2025-09-27 02:09:54
5861,261,276,like,2025-09-27 01:37:07
5862,141,276,view,2025-09-27 01:33:49
5863,258,276,like,2025-09-27 01:19:38
5864,281,276,like,2025-09-27 01:28:26
5865,65,276,like,2025-09-27 01:32:25
5866,19,276,view,2025-09-27 01:22:30
5867,268,276,view,2025-09-27 01:39:21
5868,26,277,like,2025-07-05 13:22:09
5869,260,277,view,2025-07-05 14:43:13
5870,43,277,view,2025-07-05 13:53:33
5871,5,277,like,2025-07-05 14:17:59
5872,271,277,view,2025-07-05 14:35:52
5873,231,277,view,2025-07-05 13:23:58
5874,92,277,view,2025-07-05 13:14:51
5875,119,277,like,2025-07-05 13:18:19
5876,222,277,view,2025-07-05 14:26:27
5877,26,277,view,2025-07-05 12:25:40
5878,104,277,like,2025-07-05 12:44:05
5879,287,277,like,2025-07-05 12:22:07
5880,278,277,follow,2025-07-05 12:21:05
5881,97,277,view,2025-07-05 12:24:01
5882,266,277,view,2025-07-05 13:10:26
5883,144,277,like,2025-07-05 12:51:39
5884,7,277,view,2025-07-05 12:22:29
5885,114,277,like,2025-07-05 12:23:45
5886,114,277,like,2025-07-05 14:49:13
5887,10,277,view,2025-07-05 13:22:22
5888,221,277,view,2025-07-05 12:52:49
5889,254,277,view,2025-07-05 13:01:44
5890,152,277,view,2025-07-05 13:08:55
5891,104,277,like,2025-07-05 14:17:55
5892,217,277,view,2025-07-05 14:02:34
5893,153,277,follow,2025-07-05 12:22:50
5894,204,277,view,2025-07-05 12:42:22
5895,96,277,like,2025-07-05 12:33:56
5896,50,278,view,2025-06-21 16:59:42
5897,126,278,like,2025-06-21 16:18:06
5898,291,278,like,2025-06-21 17:55:07
5899,237,278,view,2025-06-21 18:34:53
5900,275,278,view,2025-06-21 16:07:45
5901,111,278,like,2025-06-21 16:10:14
5902,218,278,view,2025-06-21 15:59:11
5903,286,278,view,2025-06-21 16:18:59
5904,37,278,like,2025-06-21 16:33:17
5905,199,278,view,2025-06-21 19:19:38
5906,233,278,like,2025-06-21 16:41:17
5907,22,278,like,2025-06-21 16:10:52
5908,210,278,view,2025-06-21 16:50:02
5909,212,278,like,2025-06-21 16:55:45
5910,51,278,follow,2025-06-21 16:17:14
5911,13,278,view,2025-06-21 17:01:06
5912,13,279,view,2025-06-14 15:40:01
5913,155,279,like,2025-06-14 14:36:33
5914,204,279,follow,2025-06-14 15:00:24
5915,68,279,like,2025-06-14 15:47:25
5916,13,280,view,2025-01-28 12:57:54
5917,191,280,view,2025-01-28 11:49:42
5918,70,280,view,2025-01-28 12:55:41
5919,244,281,view,2025-06-30 09:25:11
5920,61,281,like,2025-06-30 09:36:39
5921,145,281,view,2025-06-30 09:09:49
5922,195,281,view,2025-06-30 09:37:43
5923,246,281,like,2025-06-30 10:00:40
5924,53,281,like,2025-06-30 10:07:50
5925,222,281,view,2025-06-30 09:24:02
5926,135,281,follow,2025-06-30 10:37:00
5927,276,281,follow,2025-06-30 12:42:17
5928,151,281,view,2025-06-30 09:06:42
5929,182,281,view,2025-06-30 09:06:04
5930,19,281,follow,2025-06-30 09:55:51
5931,288,281,view,2025-06-30 10:58:19
5932,292,281,follow,2025-06-30 09:07:24
5933,34,281,view,2025-06-30 09:49:09
5934,121,281,like,2025-06-30 10:55:30
5935,53,281,view,2025-06-30 09:57:03
5936,91,281,view,2025-06-30 09:19:03
5937,119,281,view,2025-06-30 10:39:03
5938,265,282,view,2025-01-06 15:24:26
5939,230,282,like,2025-01-06 13:27:12
5940,5,282,view,2025-01-06 13:43:46
5941,170,282,view,2025-01-06 15:20:18
5942,282,282,view,2025-01-06 14:20:29
5943,251,282,view,2025-01-06 15:11:11
5944,261,282,view,2025-01-06 13:26:32
5945,162,282,follow,2025-01-06 13:34:57
5946,269,282,view,2025-01-06 14:23:14
5947,16,282,like,2025-01-06 15:23:07
5948,172,282,like,2025-01-06 14:23:10
5949,76,282,view,2025-01-06 14:00:49
5950,166,282,follow,2025-01-06 13:35:14
5951,291,282,view,2025-01-06 13:21:49
5952,99,282,view,2025-01-06 13:26:29
5953,89,282,follow,2025-01-06 13:28:48
5954,171,282,view,2025-01-06 13:56:54
5955,143,282,view,2025-01-06 15:21:39
5956,237,282,like,2025-01-06 13:36:55
5957,103,282,like,2025-01-06 15:04:27
5958,263,282,view,2025-01-06 13:20:35
5959,100,282,view,2025-01-06 13:30:46
5960,123,283,view,2025-02-05 12:20:24
5961,243,283,like,2025-02-05 12:48:04
5962,119,283,like,2025-02-05 12:36:22
5963,232,284,view,2025-09-16 00:48:45
5964,167,284,like,2025-09-16 02:36:28
5965,260,284,like,2025-09-16 00:51:40
5966,106,284,like,2025-09-16 02:57:35
5967,293,284,view,2025-09-16 00:58:43
5968,299,284,view,2025-09-16 01:04:39
5969,286,284,like,2025-09-16 01:08:59
5970,163,284,follow,2025-09-16 00:50:06
5971,265,284,view,2025-09-16 04:02:53
5972,67,284,view,2025-09-16 00:51:16
5973,277,284,view,2025-09-16 02:47:54
5974,217,284,view,2025-09-16 01:25:32
5975,138,284,view,2025-09-16 02:44:54
5976,95,284,view,2025-09-16 01:40:56
5977,57,284,like,2025-09-16 02:13:13
5978,177,284,view,2025-09-16 00:57:04
5979,109,284,view,2025-09-16 02:01:26
5980,283,284,view,2025-09-16 01:50:58
5981,60,284,view,2025-09-16 00:45:54
5982,169,284,view,2025-09-16 01:26:38
5983,234,284,like,2025-09-16 02:56:20
5984,122,284,like,2025-09-16 01:24:57
5985,14,284,view,2025-09-16 03:04:43
5986,276,284,view,2025-09-16 00:52:21
5987,39,284,view,2025-09-16 00:54:07
5988,295,284,follow,2025-09-16 02:52:53
5989,56,284,like,2025-09-16 01:59:30
5990,31,284,view,2025-09-16 01:25:49
5991,289,284,like,2025-09-16 01:32:30
5992,19,284,view,2025-09-16 01:08:30
5993,112,284,like,2025-09-16 02:00:34
5994,252,285,like,2025-08-04 15:25:49
5995,106,285,view,2025-08-04 15:09:27
5996,161,285,view,2025-08-04 16:07:33
5997,283,285,view,2025-08-04 16:24:37
5998,100,285,view,2025-08-04 14:43:35
5999,125,286,view,2025-01-24 01:31:18
6000,237,286,view,2025-01-24 02:00:26
6001,68,286,like,2025-01-24 01:44:33
6002,25,286,like,2025-01-24 03:46:30
6003,81,286,view,2025-01-24 04:26:42
6004,35,286,like,2025-01-24 02:22:24
6005,70,286,like,2025-01-24 02:45:59
6006,71,286,follow,2025-01-24 01:32:41
6007,293,286,follow,2025-01-24 02:02:43
6008,80,286,view,2025-01-24 01:28:39
6009,100,286,view,2025-01-24 02:34:52
6010,117,286,like,2025-01-24 01:56:51
6011,277,286,like,2025-01-24 02:01:14
6012,59,286,like,2025-01-24 01:32:10
6013,52,286,view,2025-01-24 02:32:53
6014,83,286,view,2025-01-24 02:01:04
6015,284,286,like,2025-01-24 02:41:13
6016,74,286,view,2025-01-24 01:49:02
6017,130,286,follow,2025-01-24 04:49:30
6018,44,286,view,2025-01-24 02:43:38
6019,72,286,view,2025-01-24 03:34:44
6020,93,286,like,2025-01-24 01:41:43
6021,253,286,view,2025-01-24 03:28:57
6022,8,286,view,2025-01-24 03:10:28
6023,108,286,view,2025-01-24 03:51:28
6024,78,286,like,2025-01-24 02:23:03
6025,290,286,view,2025-01-24 01:53:57
6026,107,286,like,2025-01-24 01:49:18
6027,156,286,view,2025-01-24 02:21:13
6028,174,286,like,2025-01-24 03:26:33
6029,89,287,view,2025-05-18 01:29:27
6030,137,287,like,2025-05-17 22:51:05
6031,5,287,like,2025-05-17 23:14:08
6032,75,287,like,2025-05-17 23:25:35
6033,46,287,view,2025-05-17 23:07:45
6034,123,287,view,2025-05-18 02:00:41
6035,67,287,view,2025-05-17 22:42:30
6036,17,287,view,2025-05-18 00:44:18
6037,268,287,view,2025-05-18 01:27:14
6038,152,287,like,2025-05-17 23:47:28
6039,205,287,follow,2025-05-17 23:44:22
6040,259,287,view,2025-05-18 00:22:13
6041,224,287,view,2025-05-17 23:20:37
6042,239,287,view,2025-05-17 23:44:20
6043,216,287,view,2025-05-18 00:55:21
6044,261,288,follow,2025-01-20 00:26:29
6045,155,288,follow,2025-01-19 23:29:58
6046,69,288,view,2025-01-20 01:43:28
6047,225,288,like,2025-01-19 22:56:07
6048,52,288,follow,2025-01-20 00:14:54
6049,158,288,follow,2025-01-20 00:20:43
6050,114,288,view,2025-01-20 00:09:28
6051,109,288,follow,2025-01-19 22:43:26
6052,149,288,view,2025-01-19 22:46:28
6053,204,288,view,2025-01-20 00:03:18
6054,97,288,view,2025-01-19 22:45:24
6055,3,288,like,2025-01-19 22:53:28
6056,79,288,like,2025-01-19 22:37:27
6057,230,288,view,2025-01-20 02:02:42
6058,110,288,like,2025-01-19 23:04:02
6059,140,288,view,2025-01-20 02:10:14
6060,234,288,like,2025-01-19 22:47:18
6061,54,288,like,2025-01-19 23:13:12
6062,178,288,view,2025-01-19 23:44:11
6063,197,288,view,2025-01-20 00:39:39
6064,266,288,like,2025-01-19 22:46:53
6065,278,288,view,2025-01-20 00:00:59
6066,87,288,follow,2025-01-20 01:48:40
6067,231,288,view,2025-01-19 23:16:55
6068,44,288,view,2025-01-20 00:46:24
6069,172,288,view,2025-01-20 01:37:54
6070,179,288,follow,2025-01-19 23:11:24
6071,260,288,like,2025-01-19 23:14:23
6072,151,288,like,2025-01-19 23:02:44
6073,264,288,like,2025-01-19 23:14:51
6074,144,288,like,2025-01-20 01:36:41
6075,90,288,like,2025-01-19 22:41:47
6076,219,289,view,2025-03-04 20:14:16
6077,169,289,view,2025-03-04 19:46:16
6078,150,289,view,2025-03-04 19:59:09
6079,254,289,view,2025-03-04 18:56:55
6080,97,289,view,2025-03-04 19:26:53
6081,299,289,view,2025-03-04 19:08:37
6082,69,289,like,2025-03-04 19:04:44
6083,288,290,follow,2025-05-02 01:30:02
6084,109,290,like,2025-05-02 04:41:02
6085,161,290,view,2025-05-02 01:53:27
6086,244,290,view,2025-05-02 01:36:35
6087,270,290,follow,2025-05-02 03:05:50
6088,64,290,view,2025-05-02 02:45:38
6089,224,290,follow,2025-05-02 01:42:28
6090,119,290,view,2025-05-02 02:13:44
6091,20,290,like,2025-05-02 03:42:48
6092,182,290,view,2025-05-02 02:51:27
6093,233,290,view,2025-05-02 01:47:48
6094,197,290,view,2025-05-02 02:11:57
6095,189,290,view,2025-05-02 03:33:21
6096,240,290,view,2025-05-02 01:34:04
6097,250,290,view,2025-05-02 01:47:48
6098,51,290,view,2025-05-02 02:49:04
6099,29,290,view,2025-05-02 01:37:10
6100,22,290,view,2025-05-02 02:30:43
6101,163,290,view,2025-05-02 02:07:13
6102,2,290,like,2025-05-02 02:47:31
6103,168,291,like,2025-06-06 13:56:18
6104,222,291,follow,2025-06-06 14:11:46
6105,75,291,view,2025-06-06 12:45:29
6106,54,291,view,2025-06-06 12:46:53
6107,252,291,view,2025-06-06 13:29:52
6108,106,291,view,2025-06-06 14:14:06
6109,130,291,view,2025-06-06 13:13:45
6110,218,291,like,2025-06-06 14:11:30
6111,219,291,like,2025-06-06 13:27:15
6112,63,291,like,2025-06-06 13:00:53
6113,93,291,view,2025-06-06 13:56:13
6114,79,291,view,2025-06-06 14:11:00
6115,51,291,like,2025-06-06 12:47:53
6116,230,291,view,2025-06-06 12:51:42
6117,61,291,view,2025-06-06 12:58:57
6118,63,291,like,2025-06-06 14:49:47
6119,16,291,view,2025-06-06 14:34:24
6120,181,291,view,2025-06-06 13:35:31
6121,104,291,like,2025-06-06 12:54:02
6122,289,291,view,2025-06-06 12:51:00
6123,225,292,like,2025-03-03 02:27:13
6124,240,292,like,2025-03-03 03:49:45
6125,200,292,view,2025-03-03 02:22:34
6126,238,292,like,2025-03-03 02:19:37
6127,114,292,follow,2025-03-03 02:38:59
6128,70,292,view,2025-03-03 03:57:46
6129,14,292,view,2025-03-03 03:40:24
6130,249,292,view,2025-03-03 03:15:41
6131,9,292,view,2025-03-03 02:29:08
6132,37,292,like,2025-03-03 03:51:35
6133,246,292,like,2025-03-03 03:15:01
6134,203,292,like,2025-03-03 02:33:05
6135,45,292,follow,2025-03-03 02:34:18
6136,197,292,view,2025-03-03 02:26:37
6137,31,292,view,2025-03-03 02:35:02
6138,151,292,view,2025-03-03 04:48:18
6139,136,292,like,2025-03-03 05:23:29
6140,116,292,view,2025-03-03 02:16:21
6141,79,292,like,2025-03-03 03:15:05
6142,80,292,view,2025-03-03 02:12:12
6143,192,292,like,2025-03-03 02:17:33
6144,14,292,like,2025-03-03 03:34:51
6145,3,292,view,2025-03-03 02:22:30
6146,167,292,view,2025-03-03 03:53:06
6147,230,292,view,2025-03-03 03:48:33
6148,88,292,like,2025-03-03 04:27:54
6149,27,292,like,2025-03-03 05:03:32
6150,40,292,view,2025-03-03 03:50:28
6151,45,292,view,2025-03-03 02:42:21
6152,238,292,like,2025-03-03 04:00:08
6153,249,292,view,2025-03-03 02:56:29
6154,206,292,view,2025-03-03 03:19:29
6155,247,292,view,2025-03-03 02:24:38
6156,1,292,view,2025-03-03 05:58:00
6157,64,293,view,2025-05-18 03:20:30
6158,150,293,view,2025-05-18 06:32:44
6159,146,293,view,2025-05-18 03:21:58
6160,141,294,view,2025-03-17 18:39:21
6161,300,294,like,2025-03-17 18:45:16
6162,229,294,follow,2025-03-17 16:05:29
6163,257,294,view,2025-03-17 16:25:42
6164,77,294,follow,2025-03-17 16:20:54
6165,89,294,view,2025-03-17 18:57:21
6166,25,294,like,2025-03-17 17:28:43
6167,72,294,like,2025-03-17 17:15:02
6168,229,294,view,2025-03-17 16:57:13
6169,191,294,follow,2025-03-17 17:24:15
6170,72,294,like,2025-03-17 17:34:09
6171,153,294,view,2025-03-17 16:41:04
6172,173,294,view,2025-03-17 16:10:51
6173,36,294,follow,2025-03-17 16:03:20
6174,239,294,view,2025-03-17 17:26:55
6175,86,294,like,2025-03-17 16:40:54
6176,194,294,like,2025-03-17 16:21:26
6177,201,294,like,2025-03-17 16:13:09
6178,29,294,like,2025-03-17 16:13:59
6179,33,294,view,2025-03-17 17:04:37
6180,210,294,like,2025-03-17 17:13:30
6181,214,294,follow,2025-03-17 16:02:43
6182,104,294,view,2025-03-17 17:53:42
6183,129,294,view,2025-03-17 16:10:05
6184,78,294,follow,2025-03-17 16:24:27
6185,119,294,view,2025-03-17 17:56:01
6186,299,294,like,2025-03-17 16:23:18
6187,117,294,like,2025-03-17 16:35:48
6188,117,294,view,2025-03-17 16:08:24
6189,20,294,follow,2025-03-17 17:10:29
6190,128,294,like,2025-03-17 17:27:45
6191,273,294,like,2025-03-17 16:40:50
6192,83,294,like,2025-03-17 16:01:13
6193,139,294,view,2025-03-17 16:53:58
6194,251,294,view,2025-03-17 16:09:16
6195,77,294,view,2025-03-17 16:40:08
6196,269,295,like,2025-03-09 11:36:25
6197,181,295,view,2025-03-09 11:16:49
6198,85,295,view,2025-03-09 11:42:10
6199,75,295,view,2025-03-09 11:04:21
6200,26,295,view,2025-03-09 10:56:53
6201,99,295,like,2025-03-09 11:21:12
6202,44,295,view,2025-03-09 12:05:09
6203,26,295,view,2025-03-09 11:41:58
6204,230,295,view,2025-03-09 10:44:33
6205,247,295,view,2025-03-09 10:49:43
6206,119,295,view,2025-03-09 12:05:30
6207,241,295,view,2025-03-09 10:58:29
6208,87,295,follow,2025-03-09 12:25:57
6209,7,295,view,2025-03-09 11:43:32
6210,255,295,view,2025-03-09 11:22:36
6211,221,295,view,2025-03-09 12:37:46
6212,152,295,view,2025-03-09 12:35:31
6213,8,296,view,2025-05-28 12:31:25
6214,70,296,like,2025-05-28 10:22:40
6215,114,296,view,2025-05-28 10:00:10
6216,263,296,view,2025-05-28 10:06:45
6217,281,296,like,2025-05-28 12:51:18
6218,123,296,view,2025-05-28 12:51:19
6219,139,296,view,2025-05-28 13:02:43
6220,11,296,view,2025-05-28 11:37:29
6221,211,296,follow,2025-05-28 11:22:59
6222,223,296,like,2025-05-28 10:58:16
6223,45,296,like,2025-05-28 11:57:11
6224,8,296,like,2025-05-28 10:02:23
6225,207,296,view,2025-05-28 13:10:34
6226,283,296,follow,2025-05-28 12:09:16
6227,190,296,view,2025-05-28 11:21:15
6228,235,296,view,2025-05-28 10:06:29
6229,138,296,view,2025-05-28 11:10:31
6230,233,296,view,2025-05-28 10:13:44
6231,134,296,view,2025-05-28 13:17:08
6232,274,296,view,2025-05-28 11:45:21
6233,107,296,like,2025-05-28 11:51:14
6234,258,296,like,2025-05-28 10:07:45
6235,288,297,view,2025-05-28 16:33:21
6236,164,297,view,2025-05-28 17:21:50
6237,269,297,like,2025-05-28 18:10:12
6238,287,297,like,2025-05-28 19:26:50
6239,255,297,follow,2025-05-28 18:00:36
6240,153,297,view,2025-05-28 16:46:10
6241,232,297,like,2025-05-28 16:53:02
6242,28,297,view,2025-05-28 17:17:52
6243,113,297,follow,2025-05-28 17:22:50
6244,161,297,like,2025-05-28 17:25:44
6245,258,297,view,2025-05-28 16:48:40
6246,149,297,view,2025-05-28 17:39:39
6247,103,298,view,2025-04-25 00:09:04
6248,254,298,like,2025-04-25 00:02:38
6249,249,298,view,2025-04-25 00:13:41
6250,55,298,like,2025-04-25 00:13:18
6251,48,298,view,2025-04-25 01:24:37
6252,130,298,view,2025-04-25 01:54:34
6253,127,298,view,2025-04-25 00:07:35
6254,272,298,follow,2025-04-25 00:27:44
6255,67,298,like,2025-04-25 00:47:47
6256,209,298,like,2025-04-25 01:30:14
6257,61,298,follow,2025-04-24 23:41:53
6258,220,298,view,2025-04-25 00:06:33
6259,209,298,view,2025-04-25 01:15:24
6260,271,298,view,2025-04-24 23:44:52
6261,214,298,like,2025-04-25 02:48:04
6262,166,298,view,2025-04-25 02:35:14
6263,83,298,view,2025-04-24 23:43:21
6264,108,298,view,2025-04-24 23:48:38
6265,88,298,view,2025-04-25 01:39:47
6266,190,298,follow,2025-04-25 02:38:47
6267,228,298,like,2025-04-25 00:33:40
6268,49,298,like,2025-04-25 02:19:13
6269,119,298,like,2025-04-24 23:42:19
6270,114,300,follow,2025-06-05 23:46:35
6271,272,300,like,2025-06-05 23:09:50
6272,143,300,like,2025-06-05 23:23:10
6273,81,300,view,2025-06-05 22:23:44
6274,153,300,view,2025-06-05 23:19:37
6275,162,300,view,2025-06-06 01:07:35
6276,26,300,like,2025-06-05 23:07:05
6277,220,300,view,2025-06-05 23:24:01
6278,229,300,like,2025-06-06 00:35:28
6279,4,300,view,2025-06-06 00:45:16
6280,31,300,view,2025-06-05 23:35:58
6281,6,300,follow,2025-06-05 22:36:42
6282,57,300,view,2025-06-05 22:51:26
6283,95,300,like,2025-06-05 23:20:20
6284,93,300,view,2025-06-05 23:38:00
6285,212,300,like,2025-06-05 22:19:53
6286,94,300,view,2025-06-05 22:32:41
6287,99,300,view,2025-06-05 23:48:03
6288,41,300,follow,2025-06-05 22:55:37
6289,41,300,view,2025-06-05 23:03:49
6290,33,300,view,2025-06-06 01:17:33
6291,237,300,view,2025-06-06 00:57:48
6292,54,300,view,2025-06-05 22:27:44
6293,62,300,view,2025-06-06 01:05:18
6294,134,300,view,2025-06-06 01:41:29
6295,177,300,view,2025-06-05 23:09:48
6296,43,300,follow,2025-06-05 22:27:27
6297,96,300,like,2025-06-05 22:18:47
6298,168,300,like,2025-06-05 23:24:13
6299,125,300,like,2025-06-05 23:56:49
6300,253,300,view,2025-06-05 22:56:18
6301,259,300,view,2025-06-06 01:07:20
6302,11,300,view,2025-06-05 22:55:27
6303,184,300,view,2025-06-05 23:52:23
6304,110,300,like,2025-06-06 00:07:11
6305,177,300,view,2025-06-05 22:41:25
6306,41,300,like,2025-06-06 00:40:28
6307,65,300,like,2025-06-06 00:37:06
6308,246,301,view,2025-06-08 02:08:20
6309,161,301,like,2025-06-08 03:16:32
6310,191,301,like,2025-06-08 02:40:31
6311,286,301,view,2025-06-08 03:47:05
6312,50,301,view,2025-06-08 02:51:33
6313,159,301,view,2025-06-08 01:25:31
6314,188,301,view,2025-06-08 01:37:09
6315,31,302,like,2025-04-24 07:20:31
6316,208,303,view,2025-07-16 21:39:46
6317,152,303,view,2025-07-16 22:00:37
6318,172,303,view,2025-07-16 22:39:52
6319,258,303,view,2025-07-16 22:11:24
6320,24,303,view,2025-07-16 21:23:44
6321,248,303,view,2025-07-16 21:48:05
6322,175,303,view,2025-07-16 23:52:46
6323,218,303,view,2025-07-16 21:37:26
6324,47,303,like,2025-07-16 22:13:06
6325,19,303,follow,2025-07-16 23:34:49
6326,94,303,view,2025-07-16 21:25:20
6327,8,303,view,2025-07-16 23:07:23
6328,103,303,like,2025-07-16 21:30:08
6329,236,303,view,2025-07-16 21:24:13
6330,125,303,like,2025-07-17 00:54:14
6331,278,303,follow,2025-07-16 23:54:54
6332,48,303,view,2025-07-16 22:04:48
6333,146,303,view,2025-07-16 21:47:26
6334,274,303,view,2025-07-16 22:00:09
6335,273,304,view,2025-06-30 07:19:30
6336,195,304,view,2025-06-30 06:28:09
6337,77,304,view,2025-06-30 07:07:36
6338,10,304,view,2025-06-30 07:52:58
6339,12,304,follow,2025-06-30 05:59:24
6340,268,304,follow,2025-06-30 06:45:29
6341,138,304,view,2025-06-30 06:59:37
6342,286,304,view,2025-06-30 06:03:34
6343,12,304,view,2025-06-30 07:09:45
6344,134,304,view,2025-06-30 07:19:54
6345,131,304,like,2025-06-30 06:29:07
6346,3,304,view,2025-06-30 06:37:58
6347,129,304,view,2025-06-30 06:25:08
6348,231,304,like,2025-06-30 05:57:17
6349,43,304,view,2025-06-30 06:08:10
6350,15,304,view,2025-06-30 06:17:37
6351,291,304,view,2025-06-30 05:56:08
6352,236,304,view,2025-06-30 06:47:42
6353,161,304,view,2025-06-30 08:19:38
6354,143,304,view,2025-06-30 09:14:01
6355,203,304,follow,2025-06-30 06:11:19
6356,145,304,view,2025-06-30 07:54:47
6357,51,304,view,2025-06-30 07:23:28
6358,264,304,view,2025-06-30 07:53:12
6359,29,304,view,2025-06-30 08:35:12
6360,80,304,view,2025-06-30 08:12:34
6361,220,304,follow,2025-06-30 06:59:08
6362,247,304,view,2025-06-30 06:32:28
6363,101,304,view,2025-06-30 07:11:33
6364,186,304,view,2025-06-30 07:39:12
6365,265,304,view,2025-06-30 07:57:11
6366,174,304,follow,2025-06-30 06:17:18
6367,290,304,view,2025-06-30 05:55:13
6368,196,304,follow,2025-06-30 06:51:39
6369,286,305,like,2025-06-15 21:47:54
6370,70,305,view,2025-06-15 22:35:36
6371,12,305,follow,2025-06-15 21:05:24
6372,154,305,like,2025-06-15 21:19:40
6373,123,305,view,2025-06-15 23:05:01
6374,86,305,view,2025-06-15 21:06:04
6375,172,305,view,2025-06-15 20:17:44
6376,220,305,view,2025-06-15 22:05:48
6377,30,305,like,2025-06-15 20:25:53
6378,180,305,follow,2025-06-15 21:36:10
6379,3,305,view,2025-06-15 20:46:27
6380,58,305,view,2025-06-15 23:15:09
6381,37,305,view,2025-06-15 23:43:07
6382,1,305,like,2025-06-15 21:58:56
6383,300,305,view,2025-06-15 20:16:10
6384,279,305,view,2025-06-15 21:00:10
6385,196,305,view,2025-06-15 20:31:56
6386,176,305,view,2025-06-15 20:18:56
6387,14,305,like,2025-06-15 21:39:47
6388,297,305,follow,2025-06-15 20:50:19
6389,95,305,view,2025-06-15 20:53:11
6390,288,305,like,2025-06-15 20:20:39
6391,65,305,view,2025-06-15 21:39:16
6392,180,305,like,2025-06-15 21:09:20
6393,89,305,view,2025-06-15 21:53:56
6394,59,305,like,2025-06-15 21:11:51
6395,180,305,view,2025-06-15 20:24:45
6396,199,305,like,2025-06-15 20:42:27
6397,223,305,view,2025-06-15 20:37:48
6398,104,305,like,2025-06-15 21:46:21
6399,253,305,like,2025-06-15 20:36:14
6400,34,305,follow,2025-06-15 22:30:25
6401,263,305,follow,2025-06-15 22:29:06
6402,178,305,view,2025-06-15 21:16:56
6403,200,306,follow,2025-05-19 11:19:05
6404,68,306,view,2025-05-19 10:22:31
6405,122,306,view,2025-05-19 10:23:16
6406,181,306,like,2025-05-19 11:49:16
6407,112,306,view,2025-05-19 10:31:15
6408,89,306,view,2025-05-19 11:23:31
6409,54,306,view,2025-05-19 10:30:04
6410,118,306,like,2025-05-19 10:59:15
6411,16,306,like,2025-05-19 11:59:29
6412,13,306,view,2025-05-19 10:23:52
6413,48,306,follow,2025-05-19 10:42:00
6414,247,306,view,2025-05-19 11:03:04
6415,213,306,like,2025-05-19 12:16:58
6416,204,306,view,2025-05-19 10:27:23
6417,268,306,like,2025-05-19 13:42:23
6418,230,306,view,2025-05-19 10:27:39
6419,128,306,view,2025-05-19 12:35:58
6420,66,306,follow,2025-05-19 10:30:11
6421,9,306,view,2025-05-19 11:27:10
6422,124,306,like,2025-05-19 10:54:01
6423,69,306,follow,2025-05-19 12:30:53
6424,240,306,view,2025-05-19 12:23:18
6425,225,306,follow,2025-05-19 12:30:58
6426,92,306,view,2025-05-19 10:30:04
6427,216,306,view,2025-05-19 11:24:06
6428,24,306,like,2025-05-19 11:18:05
6429,192,306,view,2025-05-19 13:36:17
6430,299,306,follow,2025-05-19 12:50:43
6431,57,306,view,2025-05-19 11:40:35
6432,16,306,like,2025-05-19 10:27:22
6433,247,307,view,2025-06-01 02:06:12
6434,225,307,view,2025-06-01 02:06:43
6435,115,307,follow,2025-06-01 02:31:06
6436,12,307,view,2025-06-01 02:20:02
6437,100,307,view,2025-06-01 02:52:59
6438,223,307,like,2025-06-01 02:12:17
6439,266,307,view,2025-06-01 04:06:02
6440,232,307,view,2025-06-01 02:52:47
6441,71,307,view,2025-06-01 03:26:20
6442,208,307,view,2025-06-01 02:22:05
6443,63,307,follow,2025-06-01 02:08:56
6444,18,307,view,2025-06-01 04:15:48
6445,74,307,view,2025-06-01 03:32:34
6446,53,307,like,2025-06-01 02:51:47
6447,104,307,follow,2025-06-01 04:28:11
6448,254,307,follow,2025-06-01 02:17:16
6449,287,307,view,2025-06-01 02:10:34
6450,292,307,view,2025-06-01 04:16:20
6451,81,307,like,2025-06-01 03:55:50
6452,3,307,like,2025-06-01 03:35:44
6453,264,307,view,2025-06-01 02:22:46
6454,267,307,view,2025-06-01 04:11:45
6455,197,307,view,2025-06-01 02:45:22
6456,62,307,view,2025-06-01 04:47:59
6457,97,307,view,2025-06-01 04:25:07
6458,180,307,like,2025-06-01 02:23:49
6459,148,307,view,2025-06-01 02:07:18
6460,297,307,like,2025-06-01 02:32:38
6461,126,307,view,2025-06-01 03:28:35
6462,197,307,like,2025-06-01 02:05:24
6463,145,307,like,2025-06-01 04:40:15
6464,163,307,view,2025-06-01 02:53:11
6465,98,307,like,2025-06-01 03:00:33
6466,117,307,view,2025-06-01 02:11:32
6467,238,307,view,2025-06-01 03:57:42
6468,298,307,like,2025-06-01 03:50:02
6469,108,307,like,2025-06-01 03:31:51
6470,164,308,follow,2025-02-05 00:17:27
6471,32,308,view,2025-02-04 22:26:29
6472,271,308,view,2025-02-04 23:37:40
6473,90,308,view,2025-02-04 22:56:50
6474,275,308,follow,2025-02-05 00:47:58
6475,256,308,like,2025-02-04 23:20:27
6476,19,308,view,2025-02-05 00:19:16
6477,234,308,view,2025-02-04 22:35:29
6478,269,308,view,2025-02-04 22:16:30
6479,273,309,follow,2025-08-15 00:42:24
6480,257,309,like,2025-08-15 00:32:08
6481,205,309,view,2025-08-15 00:09:29
6482,284,309,like,2025-08-15 01:21:55
6483,2,309,view,2025-08-15 00:56:55
6484,215,309,view,2025-08-15 00:04:37
6485,225,309,view,2025-08-15 01:31:23
6486,66,309,view,2025-08-15 01:01:04
6487,111,309,view,2025-08-15 01:42:38
6488,299,309,like,2025-08-15 00:06:55
6489,266,309,view,2025-08-15 00:48:30
6490,39,309,view,2025-08-14 23:57:44
6491,14,309,view,2025-08-15 01:11:32
6492,200,309,like,2025-08-15 02:06:08
6493,90,309,view,2025-08-15 02:12:14
6494,258,309,like,2025-08-14 23:58:07
6495,290,309,like,2025-08-14 23:57:21
6496,46,309,like,2025-08-15 00:41:08
6497,41,309,follow,2025-08-15 01:00:17
6498,104,309,like,2025-08-15 00:05:27
6499,210,309,follow,2025-08-15 02:34:32
6500,3,309,view,2025-08-15 02:29:53
6501,216,309,view,2025-08-15 03:29:18
6502,204,309,like,2025-08-15 00:02:10
6503,175,309,view,2025-08-15 02:43:57
6504,267,309,view,2025-08-15 00:13:21
6505,242,309,like,2025-08-15 01:20:46
6506,234,309,follow,2025-08-15 00:08:27
6507,181,309,view,2025-08-15 00:11:17
6508,184,309,view,2025-08-15 02:20:30
6509,147,309,like,2025-08-15 01:05:32
6510,275,309,view,2025-08-15 01:06:53
6511,42,309,view,2025-08-15 00:55:54
6512,20,309,follow,2025-08-15 00:49:53
6513,183,309,like,2025-08-15 00:45:20
6514,263,309,like,2025-08-15 02:50:11
6515,219,309,follow,2025-08-15 01:59:59
6516,69,309,follow,2025-08-14 23:59:43
6517,197,309,view,2025-08-15 01:26:29
6518,156,309,view,2025-08-15 03:09:01
6519,213,310,follow,2025-07-18 17:32:59
6520,70,310,follow,2025-07-18 16:08:46
6521,209,310,view,2025-07-18 16:50:37
6522,47,310,view,2025-07-18 16:14:26
6523,159,310,like,2025-07-18 18:44:36
6524,137,310,view,2025-07-18 16:13:38
6525,175,310,like,2025-07-18 16:32:05
6526,176,310,follow,2025-07-18 17:37:24
6527,218,310,follow,2025-07-18 16:04:58
6528,221,310,like,2025-07-18 16:41:38
6529,105,310,view,2025-07-18 17:06:59
6530,24,310,view,2025-07-18 18:45:07
6531,287,310,view,2025-07-18 16:48:48
6532,300,310,like,2025-07-18 16:56:57
6533,197,310,view,2025-07-18 16:08:47
6534,152,310,view,2025-07-18 17:45:53
6535,166,310,like,2025-07-18 16:38:14
6536,261,310,like,2025-07-18 17:04:47
6537,100,311,like,2025-09-24 08:29:37
6538,251,311,view,2025-09-24 11:35:00
6539,174,311,view,2025-09-24 08:32:19
6540,260,311,view,2025-09-24 11:12:45
6541,4,311,view,2025-09-24 08:56:45
6542,143,311,view,2025-09-24 10:06:25
6543,83,311,view,2025-09-24 10:37:51
6544,215,311,view,2025-09-24 08:50:31
6545,269,311,like,2025-09-24 09:28:38
6546,162,311,like,2025-09-24 09:00:10
6547,221,311,view,2025-09-24 08:54:17
6548,274,311,view,2025-09-24 08:27:29
6549,187,311,follow,2025-09-24 10:09:50
6550,294,311,view,2025-09-24 08:19:06
6551,169,311,view,2025-09-24 09:57:51
6552,128,311,like,2025-09-24 08:48:29
6553,49,311,follow,2025-09-24 08:19:35
6554,105,311,view,2025-09-24 10:38:48
6555,25,311,view,2025-09-24 09:04:53
6556,225,312,like,2025-03-21 15:35:55
6557,223,312,view,2025-03-21 15:21:00
6558,214,312,follow,2025-03-21 16:59:35
6559,35,312,view,2025-03-21 15:19:19
6560,232,312,follow,2025-03-21 16:27:39
6561,10,313,view,2025-03-13 10:49:34
6562,18,313,like,2025-03-13 07:22:38
6563,103,313,like,2025-03-13 07:48:17
6564,88,313,view,2025-03-13 07:34:15
6565,244,313,view,2025-03-13 08:49:21
6566,47,314,view,2025-05-22 21:33:03
6567,36,314,view,2025-05-22 18:59:15
6568,127,314,view,2025-05-22 20:38:30
6569,87,314,like,2025-05-22 19:38:30
6570,15,314,follow,2025-05-22 19:14:42
6571,243,314,view,2025-05-22 19:08:54
6572,187,314,view,2025-05-22 19:33:21
6573,297,314,view,2025-05-22 18:53:47
6574,233,314,like,2025-05-22 19:33:58
6575,197,314,like,2025-05-22 18:53:03
6576,272,314,view,2025-05-22 20:00:50
6577,25,314,view,2025-05-22 19:52:02
6578,188,314,view,2025-05-22 20:01:34
6579,235,314,view,2025-05-22 19:02:02
6580,194,314,like,2025-05-22 20:21:06
6581,155,314,view,2025-05-22 21:55:23
6582,273,314,view,2025-05-22 19:21:00
6583,107,314,view,2025-05-22 18:53:48
6584,19,314,like,2025-05-22 18:52:03
6585,45,314,like,2025-05-22 21:26:40
6586,138,314,like,2025-05-22 19:28:54
6587,5,314,view,2025-05-22 19:05:24
6588,191,314,like,2025-05-22 20:27:56
6589,196,314,view,2025-05-22 18:55:21
6590,159,314,like,2025-05-22 19:57:17
6591,220,314,view,2025-05-22 19:11:55
6592,218,314,like,2025-05-22 20:19:16
6593,194,314,like,2025-05-22 19:37:47
6594,227,314,like,2025-05-22 19:47:14
6595,147,314,like,2025-05-22 20:27:03
6596,91,314,follow,2025-05-22 18:59:45
6597,199,314,like,2025-05-22 19:06:29
6598,233,314,view,2025-05-22 21:51:43
6599,189,314,view,2025-05-22 20:30:14
6600,44,315,view,2025-09-01 11:03:02
6601,155,315,follow,2025-09-01 09:52:13
6602,117,315,view,2025-09-01 09:57:09
6603,250,315,view,2025-09-01 12:26:27
6604,45,315,like,2025-09-01 10:17:33
6605,63,315,follow,2025-09-01 13:17:07
6606,14,315,view,2025-09-01 09:56:49
6607,72,315,view,2025-09-01 09:53:53
6608,282,315,like,2025-09-01 11:07:14
6609,244,315,view,2025-09-01 12:14:50
6610,135,315,like,2025-09-01 11:58:48
6611,196,315,like,2025-09-01 10:01:25
6612,84,315,follow,2025-09-01 10:14:04
6613,238,315,view,2025-09-01 10:21:30
6614,227,315,view,2025-09-01 10:48:48
6615,121,315,view,2025-09-01 10:02:19
6616,71,315,view,2025-09-01 10:48:22
6617,229,315,view,2025-09-01 09:48:52
6618,281,315,view,2025-09-01 10:44:46
6619,19,315,like,2025-09-01 09:57:29
6620,108,315,like,2025-09-01 09:52:11
6621,188,315,like,2025-09-01 10:01:37
6622,19,316,follow,2025-03-07 17:14:00
6623,42,316,like,2025-03-07 15:22:44
6624,79,316,view,2025-03-07 15:36:59
6625,83,316,like,2025-03-07 16:48:04
6626,41,316,view,2025-03-07 17:22:10
6627,263,316,like,2025-03-07 15:27:47
6628,12,316,view,2025-03-07 16:18:06
6629,220,316,like,2025-03-07 17:28:03
6630,207,316,view,2025-03-07 16:07:04
6631,228,316,like,2025-03-07 15:02:28
6632,126,316,view,2025-03-07 16:16:47
6633,129,316,view,2025-03-07 17:22:54
6634,92,316,view,2025-03-07 16:14:53
6635,241,316,follow,2025-03-07 15:06:44
6636,144,316,view,2025-03-07 16:52:28
6637,25,316,view,2025-03-07 15:44:11
6638,224,316,view,2025-03-07 15:32:51
6639,49,316,view,2025-03-07 15:04:42
6640,213,316,follow,2025-03-07 15:15:39
6641,14,316,like,2025-03-07 15:32:27
6642,129,316,view,2025-03-07 15:09:35
6643,186,316,follow,2025-03-07 15:02:17
6644,155,316,view,2025-03-07 15:10:01
6645,156,316,like,2025-03-07 17:08:23
6646,300,317,view,2025-01-03 15:00:51
6647,198,317,view,2025-01-03 16:07:11
6648,212,317,view,2025-01-03 15:24:51
6649,261,317,like,2025-01-03 16:32:07
6650,173,317,view,2025-01-03 15:40:33
6651,123,317,view,2025-01-03 15:04:40
6652,142,317,like,2025-01-03 16:53:58
6653,69,317,view,2025-01-03 15:08:28
6654,300,317,view,2025-01-03 15:30:19
6655,3,317,view,2025-01-03 15:02:42
6656,162,317,view,2025-01-03 15:14:35
6657,71,317,follow,2025-01-03 15:03:35
6658,54,317,like,2025-01-03 16:18:38
6659,146,317,view,2025-01-03 16:07:09
6660,251,317,view,2025-01-03 16:26:08
6661,227,317,like,2025-01-03 15:01:56
6662,230,317,like,2025-01-03 15:33:49
6663,74,317,view,2025-01-03 15:08:20
6664,130,317,view,2025-01-03 15:34:35
6665,263,317,follow,2025-01-03 15:32:30
6666,300,317,follow,2025-01-03 15:27:04
6667,202,317,view,2025-01-03 18:43:25
6668,248,317,view,2025-01-03 15:27:39
6669,217,317,like,2025-01-03 15:01:30
6670,265,317,like,2025-01-03 15:38:32
6671,30,317,view,2025-01-03 15:03:49
6672,79,317,like,2025-01-03 15:08:29
6673,262,317,like,2025-01-03 16:20:24
6674,291,317,view,2025-01-03 15:35:48
6675,168,317,like,2025-01-03 15:01:36
6676,131,317,view,2025-01-03 15:19:40
6677,186,317,follow,2025-01-03 15:51:37
6678,95,317,view,2025-01-03 15:20:25
6679,135,317,view,2025-01-03 15:03:22
6680,8,318,like,2025-03-02 20:21:09
6681,142,318,view,2025-03-02 18:13:26
6682,214,318,view,2025-03-02 21:49:27
6683,166,318,like,2025-03-02 19:07:10
6684,21,318,follow,2025-03-02 18:14:24
6685,235,318,like,2025-03-02 18:37:10
6686,45,318,view,2025-03-02 18:34:54
6687,230,318,view,2025-03-02 18:43:12
6688,73,318,view,2025-03-02 19:56:49
6689,240,318,follow,2025-03-02 18:13:13
6690,22,318,view,2025-03-02 19:31:03
6691,54,318,like,2025-03-02 18:24:19
6692,130,318,like,2025-03-02 18:37:36
6693,218,318,like,2025-03-02 18:18:28
6694,63,318,view,2025-03-02 18:53:26
6695,37,318,view,2025-03-02 18:34:12
6696,252,318,view,2025-03-02 19:00:46
6697,50,318,view,2025-03-02 18:13:05
6698,188,319,view,2025-08-02 11:19:04
6699,96,319,view,2025-08-02 11:19:20
6700,245,319,view,2025-08-02 12:30:51
6701,259,319,view,2025-08-02 12:14:37
6702,122,319,like,2025-08-02 10:15:40
6703,151,319,like,2025-08-02 11:21:09
6704,299,319,view,2025-08-02 10:20:36
6705,160,319,view,2025-08-02 10:36:07
6706,295,319,view,2025-08-02 12:43:14
6707,158,319,view,2025-08-02 10:42:36
6708,78,319,follow,2025-08-02 12:08:11
6709,2,319,view,2025-08-02 10:33:01
6710,26,319,view,2025-08-02 12:28:12
6711,26,319,view,2025-08-02 10:28:28
6712,278,319,view,2025-08-02 12:14:45
6713,50,319,view,2025-08-02 11:15:28
6714,86,319,like,2025-08-02 12:26:40
6715,271,319,view,2025-08-02 10:26:07
6716,253,319,view,2025-08-02 10:28:09
6717,139,319,like,2025-08-02 10:15:38
6718,55,319,view,2025-08-02 12:22:28
6719,143,319,like,2025-08-02 11:23:04
6720,119,319,view,2025-08-02 10:36:02
6721,261,319,follow,2025-08-02 11:40:44
6722,191,319,like,2025-08-02 12:51:00
6723,75,319,follow,2025-08-02 10:21:57
6724,239,319,like,2025-08-02 10:21:55
6725,186,319,like,2025-08-02 10:34:08
6726,196,319,view,2025-08-02 10:14:42
6727,255,319,like,2025-08-02 11:18:51
6728,260,319,like,2025-08-02 12:47:12
6729,254,320,view,2025-02-26 14:43:47
6730,110,320,view,2025-02-26 14:03:38
6731,124,320,view,2025-02-26 15:34:35
6732,171,320,view,2025-02-26 14:24:24
6733,119,320,view,2025-02-26 14:26:37
6734,219,320,view,2025-02-26 15:42:40
6735,216,320,view,2025-02-26 14:15:57
6736,260,321,view,2025-08-23 12:14:02
6737,87,321,like,2025-08-23 13:38:30
6738,153,321,like,2025-08-23 11:12:59
6739,170,321,like,2025-08-23 10:37:29
6740,42,321,view,2025-08-23 10:57:24
6741,183,321,like,2025-08-23 11:17:20
6742,171,321,view,2025-08-23 10:41:46
6743,182,321,like,2025-08-23 12:00:21
6744,298,321,follow,2025-08-23 13:42:21
6745,283,321,like,2025-08-23 12:34:05
6746,124,321,view,2025-08-23 10:37:05
6747,1,321,view,2025-08-23 11:58:10
6748,242,321,view,2025-08-23 10:32:15
6749,140,321,view,2025-08-23 10:38:45
6750,287,321,view,2025-08-23 12:59:49
6751,12,321,view,2025-08-23 10:38:51
6752,214,321,view,2025-08-23 10:33:15
6753,82,321,view,2025-08-23 12:57:28
6754,202,321,view,2025-08-23 10:43:42
6755,7,321,view,2025-08-23 11:01:33
6756,209,321,view,2025-08-23 10:30:17
6757,288,321,like,2025-08-23 12:11:26
6758,256,321,like,2025-08-23 10:36:00
6759,191,321,view,2025-08-23 13:05:45
6760,106,321,view,2025-08-23 11:43:42
6761,84,321,follow,2025-08-23 11:32:13
6762,124,321,like,2025-08-23 10:56:42
6763,33,321,like,2025-08-23 10:42:56
6764,2,321,view,2025-08-23 11:01:32
6765,157,321,follow,2025-08-23 11:06:37
6766,67,321,follow,2025-08-23 12:14:54
6767,137,321,like,2025-08-23 11:22:10
6768,196,321,follow,2025-08-23 11:55:17
6769,295,321,view,2025-08-23 12:35:25
6770,190,321,view,2025-08-23 12:31:33
6771,16,321,view,2025-08-23 12:00:57
6772,114,321,like,2025-08-23 11:07:30
6773,61,322,view,2025-06-30 14:23:56
6774,174,322,like,2025-06-30 15:19:13
6775,259,322,like,2025-06-30 15:11:50
6776,249,322,view,2025-06-30 14:35:55
6777,253,322,like,2025-06-30 14:24:34
6778,33,322,view,2025-06-30 16:03:52
6779,219,322,view,2025-06-30 16:49:51
6780,283,322,view,2025-06-30 15:38:00
6781,181,322,follow,2025-06-30 14:43:05
6782,271,322,view,2025-06-30 16:43:11
6783,100,322,follow,2025-06-30 15:15:19
6784,233,322,view,2025-06-30 17:01:24
6785,194,322,view,2025-06-30 17:11:11
6786,26,322,view,2025-06-30 14:41:14
6787,77,322,follow,2025-06-30 17:12:32
6788,39,322,view,2025-06-30 16:35:20
6789,16,322,view,2025-06-30 14:31:19
6790,64,322,view,2025-06-30 14:14:35
6791,99,322,like,2025-06-30 14:33:37
6792,133,322,view,2025-06-30 15:57:13
6793,286,322,like,2025-06-30 14:49:18
6794,110,322,like,2025-06-30 16:25:06
6795,269,322,follow,2025-06-30 14:53:32
6796,160,323,view,2025-07-16 23:36:11
6797,196,323,view,2025-07-16 23:53:11
6798,250,323,view,2025-07-17 00:41:05
6799,68,323,view,2025-07-17 02:17:06
6800,68,323,like,2025-07-16 23:43:45
6801,125,323,view,2025-07-16 23:41:01
6802,273,323,view,2025-07-17 00:27:20
6803,41,323,view,2025-07-16 23:49:15
6804,37,323,like,2025-07-17 02:08:07
6805,37,323,like,2025-07-17 02:20:10
6806,230,323,view,2025-07-17 01:04:57
6807,258,323,view,2025-07-17 00:21:30
6808,228,323,view,2025-07-17 01:22:30
6809,164,323,view,2025-07-17 01:27:43
6810,232,323,like,2025-07-17 00:04:37
6811,276,323,follow,2025-07-16 23:58:40
6812,8,323,follow,2025-07-17 02:35:22
6813,277,323,like,2025-07-17 01:20:21
6814,269,323,view,2025-07-17 02:44:38
6815,95,323,view,2025-07-17 01:24:56
6816,242,323,view,2025-07-17 01:36:12
6817,128,323,follow,2025-07-17 01:46:26
6818,87,323,like,2025-07-17 00:09:20
6819,68,323,view,2025-07-16 23:54:39
6820,231,323,view,2025-07-16 23:40:18
6821,262,323,like,2025-07-17 00:44:00
6822,177,323,follow,2025-07-17 00:08:05
6823,164,323,like,2025-07-16 23:36:58
6824,263,323,view,2025-07-17 00:28:04
6825,93,323,view,2025-07-17 00:30:52
6826,119,323,view,2025-07-17 01:26:10
6827,188,323,like,2025-07-17 01:20:18
6828,278,323,view,2025-07-16 23:52:12
6829,50,323,view,2025-07-17 00:17:20
6830,21,324,view,2025-09-13 16:52:19
6831,79,324,like,2025-09-13 16:47:23
6832,229,324,follow,2025-09-13 16:24:21
6833,297,324,view,2025-09-13 14:16:12
6834,145,324,view,2025-09-13 13:57:29
6835,67,324,like,2025-09-13 14:52:55
6836,129,324,view,2025-09-13 14:00:39
6837,300,324,like,2025-09-13 16:34:03
6838,39,324,view,2025-09-13 13:57:46
6839,1,325,view,2025-04-05 19:35:48
6840,282,325,view,2025-04-05 21:59:52
6841,200,325,like,2025-04-05 20:21:41
6842,27,325,follow,2025-04-05 20:16:07
6843,10,325,view,2025-04-05 20:11:01
6844,297,325,view,2025-04-05 20:30:24
6845,286,325,view,2025-04-05 19:35:46
6846,105,325,view,2025-04-05 20:40:59
6847,199,325,view,2025-04-05 19:48:10
6848,14,325,view,2025-04-05 19:52:18
6849,57,325,view,2025-04-05 20:22:58
6850,237,325,like,2025-04-05 19:54:20
6851,82,325,view,2025-04-05 21:41:49
6852,247,325,follow,2025-04-05 21:13:29
6853,86,325,view,2025-04-05 23:15:08
6854,207,325,view,2025-04-05 21:11:27
6855,57,325,view,2025-04-05 19:56:21
6856,7,325,view,2025-04-05 20:40:49
6857,4,326,view,2025-03-16 18:46:44
6858,72,326,view,2025-03-16 16:15:11
6859,220,326,view,2025-03-16 16:30:27
6860,44,326,view,2025-03-16 18:02:52
6861,161,326,like,2025-03-16 15:53:48
6862,167,326,like,2025-03-16 16:19:28
6863,88,326,like,2025-03-16 17:09:20
6864,131,326,view,2025-03-16 16:50:13
6865,161,326,view,2025-03-16 17:37:33
6866,143,326,view,2025-03-16 16:38:16
6867,252,326,view,2025-03-16 16:35:38
6868,26,326,like,2025-03-16 17:18:58
6869,267,326,view,2025-03-16 16:54:29
6870,60,326,view,2025-03-16 17:31:36
6871,247,326,like,2025-03-16 16:09:40
6872,262,326,view,2025-03-16 15:57:03
6873,141,326,like,2025-03-16 17:06:24
6874,64,326,view,2025-03-16 17:52:39
6875,161,326,like,2025-03-16 17:51:13
6876,232,326,view,2025-03-16 16:29:39
6877,141,326,view,2025-03-16 16:07:51
6878,237,326,view,2025-03-16 15:55:20
6879,24,326,view,2025-03-16 16:37:57
6880,182,326,view,2025-03-16 19:00:59
6881,187,326,view,2025-03-16 16:26:52
6882,180,326,like,2025-03-16 17:00:58
6883,238,326,view,2025-03-16 16:45:31
6884,233,326,like,2025-03-16 18:20:48
6885,6,326,view,2025-03-16 16:49:07
6886,144,326,like,2025-03-16 16:22:51
6887,232,326,like,2025-03-16 18:15:52
6888,172,326,like,2025-03-16 16:49:59
6889,86,326,view,2025-03-16 16:35:08
6890,168,327,like,2025-04-29 04:09:13
6891,153,327,like,2025-04-29 03:37:39
6892,135,327,like,2025-04-29 04:22:40
6893,120,327,view,2025-04-29 03:48:20
6894,285,327,follow,2025-04-29 03:20:03
6895,51,327,like,2025-04-29 03:17:37
6896,37,327,view,2025-04-29 03:43:03
6897,28,327,view,2025-04-29 04:27:03
6898,53,327,like,2025-04-29 03:59:02
6899,287,327,view,2025-04-29 04:53:50
6900,196,327,follow,2025-04-29 04:39:39
6901,79,327,like,2025-04-29 03:58:46
6902,111,327,view,2025-04-29 04:29:22
6903,21,327,like,2025-04-29 04:22:57
6904,122,327,view,2025-04-29 04:28:00
6905,78,327,view,2025-04-29 04:47:28
6906,201,327,view,2025-04-29 03:30:16
6907,247,327,follow,2025-04-29 03:14:17
6908,11,327,view,2025-04-29 05:01:34
6909,241,327,view,2025-04-29 04:03:45
6910,56,327,view,2025-04-29 04:33:16
6911,262,327,like,2025-04-29 04:00:13
6912,81,328,view,2025-06-15 23:21:58
6913,9,328,view,2025-06-15 23:00:53
6914,221,328,view,2025-06-15 23:28:24
6915,167,328,view,2025-06-16 01:04:55
6916,231,328,view,2025-06-15 22:17:28
6917,82,328,like,2025-06-16 00:24:46
6918,151,328,view,2025-06-15 23:33:56
6919,181,328,view,2025-06-15 22:24:29
6920,189,328,view,2025-06-15 22:17:35
6921,61,329,like,2025-06-16 07:36:40
6922,233,329,like,2025-06-16 07:53:14
6923,250,330,view,2025-01-14 01:44:57
6924,193,330,view,2025-01-14 01:50:31
6925,173,330,like,2025-01-14 02:18:40
6926,174,330,view,2025-01-14 01:59:00
6927,256,330,like,2025-01-14 02:15:29
6928,174,330,follow,2025-01-14 02:19:09
6929,35,330,view,2025-01-14 01:59:03
6930,200,330,like,2025-01-14 03:04:52
6931,210,330,view,2025-01-14 01:44:55
6932,259,330,view,2025-01-14 03:42:55
6933,14,330,view,2025-01-14 02:41:36
6934,138,330,view,2025-01-14 02:26:50
6935,285,330,follow,2025-01-14 04:05:57
6936,276,330,view,2025-01-14 02:26:39
6937,214,330,view,2025-01-14 01:44:31
6938,194,330,follow,2025-01-14 02:30:03
6939,141,330,follow,2025-01-14 01:45:06
6940,114,330,like,2025-01-14 03:01:00
6941,144,331,view,2025-09-12 11:26:04
6942,229,331,like,2025-09-12 11:26:14
6943,92,331,view,2025-09-12 11:12:01
6944,37,331,view,2025-09-12 11:03:10
6945,226,331,view,2025-09-12 13:16:59
6946,298,331,like,2025-09-12 11:49:38
6947,58,331,view,2025-09-12 11:32:01
6948,155,331,like,2025-09-12 11:31:07
6949,217,331,follow,2025-09-12 10:56:01
6950,137,331,like,2025-09-12 13:47:10
6951,31,332,view,2025-06-09 19:55:00
6952,20,332,like,2025-06-09 22:38:40
6953,24,332,view,2025-06-09 19:40:24
6954,4,332,like,2025-06-09 19:38:55
6955,218,332,follow,2025-06-09 19:41:25
6956,214,332,view,2025-06-09 20:09:21
6957,212,332,view,2025-06-09 20:14:00
6958,72,332,view,2025-06-09 22:05:15
6959,298,332,view,2025-06-09 21:05:34
6960,267,332,follow,2025-06-09 20:29:25
6961,20,332,view,2025-06-09 22:21:25
6962,248,333,view,2025-09-22 19:11:26
6963,260,333,like,2025-09-22 19:22:48
6964,75,333,like,2025-09-22 19:41:31
6965,108,333,follow,2025-09-22 18:51:46
6966,43,333,view,2025-09-22 19:11:28
6967,87,333,view,2025-09-22 20:50:25
6968,218,333,view,2025-09-22 19:31:50
6969,194,333,like,2025-09-22 19:23:47
6970,208,333,view,2025-09-22 19:08:10
6971,195,333,view,2025-09-22 19:14:11
6972,47,333,view,2025-09-22 20:27:23
6973,297,334,like,2025-08-09 15:33:39
6974,192,334,view,2025-08-09 14:53:15
6975,18,334,view,2025-08-09 14:54:36
6976,142,334,view,2025-08-09 14:40:23
6977,250,334,view,2025-08-09 14:17:16
6978,117,334,like,2025-08-09 14:18:07
6979,48,334,view,2025-08-09 14:17:22
6980,159,334,view,2025-08-09 15:02:13
6981,294,334,view,2025-08-09 14:46:22
6982,44,334,like,2025-08-09 14:24:40
6983,267,334,view,2025-08-09 14:30:53
6984,205,334,like,2025-08-09 15:45:31
6985,79,334,view,2025-08-09 15:24:01
6986,14,334,view,2025-08-09 15:47:44
6987,41,334,follow,2025-08-09 15:13:07
6988,119,334,follow,2025-08-09 15:23:00
6989,14,334,follow,2025-08-09 14:18:24
6990,114,334,view,2025-08-09 14:53:55
6991,49,334,like,2025-08-09 14:30:49
6992,187,334,follow,2025-08-09 15:27:37
6993,279,334,like,2025-08-09 14:25:35
6994,162,334,view,2025-08-09 14:45:31
6995,194,334,like,2025-08-09 14:18:18
6996,224,334,like,2025-08-09 14:28:29
6997,175,334,like,2025-08-09 15:08:41
6998,165,334,like,2025-08-09 16:33:46
6999,171,334,view,2025-08-09 14:42:32
7000,21,334,like,2025-08-09 14:13:28
7001,85,334,like,2025-08-09 14:11:43
7002,132,334,like,2025-08-09 16:51:30
7003,175,334,like,2025-08-09 14:49:12
7004,28,334,like,2025-08-09 14:13:53
7005,244,334,view,2025-08-09 15:31:15
7006,168,334,like,2025-08-09 14:58:56
7007,65,335,view,2025-01-21 22:17:36
7008,258,335,view,2025-01-22 00:22:00
7009,130,335,like,2025-01-21 21:46:40
7010,218,335,view,2025-01-21 22:18:04
7011,214,335,view,2025-01-21 23:05:15
7012,244,335,view,2025-01-21 22:37:38
7013,211,335,follow,2025-01-21 22:55:28
7014,227,335,follow,2025-01-21 22:03:48
7015,37,336,view,2025-08-20 01:32:11
7016,295,336,view,2025-08-20 01:10:59
7017,3,336,follow,2025-08-20 00:29:37
7018,258,336,like,2025-08-20 01:39:04
7019,37,336,view,2025-08-20 01:19:33
7020,187,336,follow,2025-08-20 01:49:15
7021,253,336,follow,2025-08-20 01:08:40
7022,147,336,like,2025-08-20 01:13:27
7023,149,336,like,2025-08-20 00:47:10
7024,41,336,like,2025-08-20 00:25:44
7025,203,336,view,2025-08-20 01:04:06
7026,203,336,like,2025-08-20 00:25:29
7027,9,336,like,2025-08-20 01:06:25
7028,143,336,like,2025-08-20 02:41:34
7029,47,336,follow,2025-08-20 01:55:58
7030,121,336,view,2025-08-20 01:04:41
7031,176,336,view,2025-08-20 01:39:25
7032,81,336,view,2025-08-20 01:09:56
7033,13,336,view,2025-08-20 00:43:25
7034,12,336,view,2025-08-20 00:48:34
7035,225,336,view,2025-08-20 02:06:24
7036,270,336,follow,2025-08-20 00:22:46
7037,281,336,follow,2025-08-20 01:47:07
7038,79,336,view,2025-08-20 00:59:09
7039,41,336,view,2025-08-20 00:48:07
7040,270,336,view,2025-08-20 00:50:44
7041,39,336,view,2025-08-20 01:42:02
7042,253,336,follow,2025-08-20 01:09:46
7043,294,336,view,2025-08-20 01:04:27
7044,203,336,follow,2025-08-20 00:25:20
7045,164,336,view,2025-08-20 02:48:26
7046,295,336,like,2025-08-20 01:55:59
7047,13,336,view,2025-08-20 02:13:18
7048,155,336,view,2025-08-20 01:01:52
7049,158,336,view,2025-08-20 01:13:20
7050,215,336,like,2025-08-20 00:39:38
7051,109,336,view,2025-08-20 00:26:46
7052,11,337,like,2025-04-28 04:46:45
7053,1,337,follow,2025-04-28 03:42:27
7054,198,337,view,2025-04-28 03:48:54
7055,280,337,view,2025-04-28 03:36:53
7056,43,337,view,2025-04-28 03:38:33
7057,197,337,like,2025-04-28 04:38:44
7058,226,337,follow,2025-04-28 07:11:10
7059,166,337,view,2025-04-28 05:00:55
7060,33,337,view,2025-04-28 04:36:27
7061,220,337,like,2025-04-28 03:56:25
7062,287,337,follow,2025-04-28 04:35:07
7063,85,337,view,2025-04-28 05:45:28
7064,213,337,like,2025-04-28 04:51:01
7065,249,337,like,2025-04-28 06:33:41
7066,174,337,view,2025-04-28 04:04:51
7067,33,337,like,2025-04-28 04:04:41
7068,201,337,view,2025-04-28 03:44:12
7069,283,337,like,2025-04-28 03:36:28
7070,216,337,follow,2025-04-28 04:14:42
7071,234,337,follow,2025-04-28 03:43:54
7072,275,337,like,2025-04-28 05:49:36
7073,295,337,view,2025-04-28 03:47:10
7074,129,337,view,2025-04-28 05:32:36
7075,95,337,view,2025-04-28 04:34:08
7076,75,337,view,2025-04-28 03:53:38
7077,293,337,view,2025-04-28 04:16:38
7078,25,337,view,2025-04-28 03:52:57
7079,149,337,follow,2025-04-28 04:57:11
7080,289,337,like,2025-04-28 05:42:01
7081,98,337,like,2025-04-28 04:38:38
7082,69,337,view,2025-04-28 03:48:53
7083,293,337,like,2025-04-28 04:27:14
7084,6,337,like,2025-04-28 04:09:39
7085,102,337,follow,2025-04-28 06:23:22
7086,49,337,view,2025-04-28 03:36:59
7087,186,337,view,2025-04-28 03:47:49
7088,235,337,like,2025-04-28 04:23:11
7089,106,337,view,2025-04-28 06:47:38
7090,256,338,like,2025-09-14 15:08:51
7091,141,338,follow,2025-09-14 15:33:34
7092,6,338,view,2025-09-14 14:51:46
7093,298,338,view,2025-09-14 15:06:14
7094,288,338,view,2025-09-14 14:35:49
7095,128,338,like,2025-09-14 16:29:13
7096,119,338,follow,2025-09-14 15:38:17
7097,63,338,follow,2025-09-14 15:53:04
7098,222,338,like,2025-09-14 15:21:21
7099,31,338,follow,2025-09-14 15:32:20
7100,148,338,like,2025-09-14 16:04:04
7101,219,338,follow,2025-09-14 16:05:23
7102,214,338,view,2025-09-14 14:47:24
7103,56,338,view,2025-09-14 15:35:00
7104,81,338,view,2025-09-14 15:14:43
7105,81,338,follow,2025-09-14 16:56:08
7106,198,338,like,2025-09-14 15:49:19
7107,183,338,like,2025-09-14 16:20:20
7108,74,338,like,2025-09-14 16:35:10
7109,102,338,view,2025-09-14 15:52:08
7110,108,338,like,2025-09-14 15:44:50
7111,13,338,view,2025-09-14 15:57:52
7112,51,338,like,2025-09-14 14:51:02
7113,290,338,view,2025-09-14 15:05:12
7114,253,338,view,2025-09-14 14:48:13
7115,142,338,view,2025-09-14 17:17:23
7116,127,338,follow,2025-09-14 14:41:39
7117,253,338,view,2025-09-14 15:59:39
7118,280,338,view,2025-09-14 16:13:38
7119,142,338,like,2025-09-14 15:43:48
7120,79,338,like,2025-09-14 15:18:58
7121,153,338,follow,2025-09-14 14:37:25
7122,18,338,like,2025-09-14 15:58:12
7123,82,338,view,2025-09-14 14:51:23
7124,18,338,view,2025-09-14 14:54:04
7125,254,338,follow,2025-09-14 15:32:45
7126,96,338,view,2025-09-14 15:58:31
7127,115,338,view,2025-09-14 16:00:19
7128,240,338,follow,2025-09-14 14:37:17
7129,31,339,view,2025-03-20 08:11:26
7130,135,339,view,2025-03-20 08:00:03
7131,196,339,view,2025-03-20 07:08:08
7132,167,339,like,2025-03-20 07:53:22
7133,69,339,view,2025-03-20 07:09:13
7134,183,340,view,2025-07-25 16:06:14
7135,34,340,follow,2025-07-25 16:07:13
7136,15,340,view,2025-07-25 17:30:21
7137,205,340,like,2025-07-25 16:12:44
7138,288,340,view,2025-07-25 16:31:02
7139,87,340,view,2025-07-25 18:12:43
7140,27,340,view,2025-07-25 18:17:00
7141,12,340,view,2025-07-25 19:37:34
7142,93,340,view,2025-07-25 16:09:22
7143,16,340,view,2025-07-25 19:31:06
7144,114,340,view,2025-07-25 18:05:08
7145,285,340,view,2025-07-25 17:06:25
7146,59,340,view,2025-07-25 17:01:25
7147,289,340,view,2025-07-25 16:02:32
7148,144,340,view,2025-07-25 16:55:20
7149,191,340,view,2025-07-25 17:05:15
7150,109,340,like,2025-07-25 19:41:23
7151,265,340,like,2025-07-25 16:31:30
7152,184,340,view,2025-07-25 16:59:10
7153,70,340,view,2025-07-25 17:43:42
7154,181,340,like,2025-07-25 18:56:34
7155,199,341,follow,2025-06-25 19:45:51
7156,40,341,view,2025-06-25 19:37:24
7157,150,341,view,2025-06-25 21:41:46
7158,130,341,view,2025-06-25 19:28:33
7159,243,341,follow,2025-06-25 21:41:41
7160,286,341,view,2025-06-25 21:04:47
7161,44,341,view,2025-06-25 19:41:12
7162,180,342,like,2025-02-17 07:03:21
7163,26,342,view,2025-02-17 06:32:04
7164,43,342,like,2025-02-17 07:32:48
7165,140,342,view,2025-02-17 07:47:25
7166,137,342,like,2025-02-17 09:22:31
7167,168,342,like,2025-02-17 07:04:35
7168,57,342,view,2025-02-17 06:44:50
7169,11,342,view,2025-02-17 06:58:33
7170,159,342,view,2025-02-17 06:28:19
7171,281,342,view,2025-02-17 06:51:52
7172,244,342,like,2025-02-17 06:14:17
7173,3,342,follow,2025-02-17 07:37:38
7174,197,342,like,2025-02-17 07:03:56
7175,140,342,view,2025-02-17 06:18:30
7176,66,342,like,2025-02-17 07:14:36
7177,40,342,view,2025-02-17 07:19:01
7178,2,342,view,2025-02-17 09:01:43
7179,18,342,view,2025-02-17 06:56:51
7180,180,342,view,2025-02-17 07:28:51
7181,201,342,view,2025-02-17 08:32:56
7182,252,342,follow,2025-02-17 06:52:30
7183,21,342,follow,2025-02-17 06:48:46
7184,110,342,view,2025-02-17 06:26:00
7185,167,342,follow,2025-02-17 06:34:01
7186,105,342,view,2025-02-17 07:37:27
7187,246,342,follow,2025-02-17 06:49:20
7188,257,342,view,2025-02-17 08:33:43
7189,47,342,like,2025-02-17 07:31:51
7190,13,343,like,2025-07-07 02:53:59
7191,300,343,like,2025-07-07 03:46:40
7192,156,343,view,2025-07-07 02:46:41
7193,170,343,view,2025-07-07 03:07:40
7194,258,343,like,2025-07-07 04:32:54
7195,295,343,follow,2025-07-07 02:54:56
7196,228,343,like,2025-07-07 03:11:39
7197,33,343,like,2025-07-07 05:58:31
7198,280,343,view,2025-07-07 03:50:34
7199,160,343,view,2025-07-07 05:13:21
7200,209,343,like,2025-07-07 03:35:05
7201,288,343,view,2025-07-07 04:02:48
7202,135,343,like,2025-07-07 03:50:46
7203,7,343,view,2025-07-07 03:23:19
7204,96,343,view,2025-07-07 03:08:28
7205,115,344,view,2025-09-20 06:55:23
7206,98,344,view,2025-09-20 09:16:55
7207,9,344,like,2025-09-20 08:15:48
7208,84,344,view,2025-09-20 07:17:04
7209,196,344,view,2025-09-20 07:50:59
7210,142,344,view,2025-09-20 07:05:21
7211,47,344,like,2025-09-20 09:29:14
7212,59,344,view,2025-09-20 06:44:07
7213,176,344,follow,2025-09-20 06:31:57
7214,244,344,view,2025-09-20 07:14:17
7215,103,344,follow,2025-09-20 09:02:33
7216,232,344,view,2025-09-20 06:26:39
7217,285,344,view,2025-09-20 06:32:49
7218,299,344,view,2025-09-20 07:28:48
7219,193,344,follow,2025-09-20 06:30:36
7220,112,344,view,2025-09-20 06:24:59
7221,146,346,view,2025-03-22 19:20:24
7222,229,346,view,2025-03-22 19:51:30
7223,119,346,view,2025-03-22 21:57:23
7224,53,346,like,2025-03-22 21:53:37
7225,257,346,view,2025-03-22 19:08:32
7226,171,346,view,2025-03-22 20:08:30
7227,104,346,view,2025-03-22 19:22:40
7228,90,346,view,2025-03-22 19:16:37
7229,93,346,view,2025-03-22 19:17:03
7230,154,346,view,2025-03-22 19:27:14
7231,112,346,view,2025-03-22 19:14:51
7232,189,346,view,2025-03-22 20:40:03
7233,169,346,view,2025-03-22 19:39:06
7234,227,346,follow,2025-03-22 19:07:55
7235,13,346,view,2025-03-22 19:55:17
7236,25,346,follow,2025-03-22 20:04:42
7237,295,346,follow,2025-03-22 21:01:49
7238,134,346,view,2025-03-22 20:50:28
7239,218,346,view,2025-03-22 20:26:58
7240,289,346,like,2025-03-22 20:51:15
7241,12,346,view,2025-03-22 20:44:05
7242,25,346,view,2025-03-22 20:25:21
7243,127,346,like,2025-03-22 19:43:39
7244,197,346,view,2025-03-22 19:30:43
7245,138,346,view,2025-03-22 20:12:52
7246,252,346,like,2025-03-22 19:06:43
7247,275,346,view,2025-03-22 21:47:57
7248,280,346,view,2025-03-22 19:56:45
7249,87,346,view,2025-03-22 20:13:56
7250,31,346,like,2025-03-22 19:18:18
7251,54,346,view,2025-03-22 19:49:51
7252,94,346,view,2025-03-22 19:08:05
7253,116,346,view,2025-03-22 20:23:34
7254,54,346,like,2025-03-22 19:41:22
7255,168,346,view,2025-03-22 19:28:04
7256,43,347,view,2025-09-19 09:59:23
7257,243,347,view,2025-09-19 07:38:05
7258,149,347,like,2025-09-19 07:50:03
7259,121,347,view,2025-09-19 09:43:10
7260,275,347,view,2025-09-19 07:58:50
7261,84,347,like,2025-09-19 07:47:12
7262,246,347,like,2025-09-19 07:52:50
7263,52,347,follow,2025-09-19 09:55:28
7264,278,347,view,2025-09-19 08:01:52
7265,216,347,view,2025-09-19 07:36:22
7266,13,347,view,2025-09-19 08:20:22
7267,165,347,view,2025-09-19 08:21:28
7268,205,347,view,2025-09-19 07:59:44
7269,236,347,view,2025-09-19 08:51:42
7270,24,347,like,2025-09-19 08:24:02
7271,245,347,like,2025-09-19 08:40:42
7272,140,347,view,2025-09-19 08:54:52
7273,32,347,like,2025-09-19 08:51:39
7274,118,347,view,2025-09-19 07:53:19
7275,154,347,view,2025-09-19 10:10:32
7276,153,347,like,2025-09-19 08:01:20
7277,97,347,like,2025-09-19 07:35:57
7278,183,347,view,2025-09-19 09:07:02
7279,283,347,view,2025-09-19 08:02:21
7280,7,347,follow,2025-09-19 08:02:56
7281,181,347,view,2025-09-19 07:45:10
7282,155,347,like,2025-09-19 08:36:52
7283,229,347,like,2025-09-19 07:57:36
7284,25,347,view,2025-09-19 10:11:16
7285,236,347,like,2025-09-19 08:31:51
7286,233,347,view,2025-09-19 08:43:01
7287,286,347,like,2025-09-19 08:08:00
7288,80,347,like,2025-09-19 07:36:40
7289,300,347,view,2025-09-19 10:15:22
7290,292,347,like,2025-09-19 09:57:43
7291,231,347,view,2025-09-19 07:59:48
7292,294,348,view,2025-07-31 08:19:00
7293,227,348,like,2025-07-31 09:18:04
7294,263,348,view,2025-07-31 08:02:15
7295,51,348,follow,2025-07-31 09:03:05
7296,215,348,view,2025-07-31 08:22:33
7297,130,348,view,2025-07-31 07:27:01
7298,208,348,view,2025-07-31 08:41:40
7299,213,348,view,2025-07-31 06:44:25
7300,40,348,follow,2025-07-31 07:04:04
7301,148,348,view,2025-07-31 07:01:50
7302,207,348,view,2025-07-31 07:55:11
7303,123,348,like,2025-07-31 06:49:37
7304,286,348,follow,2025-07-31 08:46:47
7305,258,348,view,2025-07-31 07:16:56
7306,214,348,like,2025-07-31 07:12:12
7307,105,348,follow,2025-07-31 08:47:21
7308,92,348,like,2025-07-31 10:02:50
7309,210,348,view,2025-07-31 08:20:27
7310,72,348,like,2025-07-31 07:44:08
7311,59,348,view,2025-07-31 07:54:23
7312,201,348,like,2025-07-31 08:44:09
7313,58,348,view,2025-07-31 07:14:39
7314,100,348,like,2025-07-31 07:01:42
7315,189,348,view,2025-07-31 08:00:56
7316,93,349,view,2025-02-24 13:03:17
7317,14,349,view,2025-02-24 14:35:32
7318,135,349,view,2025-02-24 15:59:16
7319,26,349,like,2025-02-24 13:39:00
7320,163,349,follow,2025-02-24 13:30:39
7321,270,349,follow,2025-02-24 13:15:19
7322,148,349,follow,2025-02-24 13:01:54
7323,116,349,like,2025-02-24 14:08:48
7324,123,349,follow,2025-02-24 14:11:10
7325,25,349,like,2025-02-24 13:44:02
7326,54,349,view,2025-02-24 14:56:32
7327,26,349,follow,2025-02-24 13:13:40
7328,53,349,view,2025-02-24 13:05:36
7329,204,349,like,2025-02-24 13:23:43
7330,283,349,like,2025-02-24 14:23:33
7331,83,349,view,2025-02-24 14:01:43
7332,41,349,view,2025-02-24 13:07:55
7333,178,349,view,2025-02-24 15:08:59
7334,16,349,like,2025-02-24 14:45:26
7335,6,349,like,2025-02-24 14:36:46
7336,152,349,like,2025-02-24 14:29:52
7337,206,349,view,2025-02-24 13:00:13
7338,252,349,like,2025-02-24 13:35:20
7339,20,349,view,2025-02-24 12:56:39
7340,78,349,like,2025-02-24 13:33:18
7341,87,349,view,2025-02-24 14:44:45
7342,144,349,view,2025-02-24 14:51:21
7343,275,349,follow,2025-02-24 13:47:44
7344,172,349,view,2025-02-24 13:31:00
7345,257,350,like,2025-01-22 16:36:02
7346,99,350,view,2025-01-22 15:20:47
7347,94,350,like,2025-01-22 15:16:31
7348,52,350,like,2025-01-22 15:47:24
7349,81,350,view,2025-01-22 15:56:40
7350,212,350,view,2025-01-22 17:07:14
7351,107,350,like,2025-01-22 17:22:53
7352,223,350,like,2025-01-22 16:28:47
7353,10,350,view,2025-01-22 15:15:42
7354,196,350,like,2025-01-22 15:38:15
7355,12,350,view,2025-01-22 16:11:45
7356,106,350,follow,2025-01-22 17:08:07
7357,182,350,view,2025-01-22 14:59:57
7358,33,350,like,2025-01-22 17:16:02
7359,46,350,follow,2025-01-22 16:12:28
7360,71,350,like,2025-01-22 15:02:40
7361,81,350,like,2025-01-22 16:52:07
7362,255,350,like,2025-01-22 15:00:50
7363,108,350,view,2025-01-22 15:12:40
7364,263,350,follow,2025-01-22 18:11:49
7365,158,350,like,2025-01-22 16:34:38
7366,59,350,view,2025-01-22 15:08:29
7367,34,350,like,2025-01-22 15:15:22
7368,212,350,like,2025-01-22 15:11:57
7369,284,350,view,2025-01-22 16:56:14
7370,27,350,follow,2025-01-22 15:48:53
7371,197,350,view,2025-01-22 17:06:06
7372,138,350,view,2025-01-22 16:18:44
7373,242,350,view,2025-01-22 16:01:21
7374,66,350,view,2025-01-22 15:03:42
7375,135,350,view,2025-01-22 15:29:18
7376,218,351,view,2025-01-02 11:20:03
7377,142,351,follow,2025-01-02 12:46:29
7378,90,351,view,2025-01-02 11:16:00
7379,223,351,follow,2025-01-02 12:20:00
7380,293,351,like,2025-01-02 14:19:25
7381,174,351,like,2025-01-02 12:22:00
7382,289,351,follow,2025-01-02 11:23:41
7383,145,351,like,2025-01-02 11:19:25
7384,228,351,view,2025-01-02 12:16:30
7385,91,351,follow,2025-01-02 13:53:52
7386,245,351,view,2025-01-02 14:15:12
7387,131,351,view,2025-01-02 11:39:58
7388,167,351,view,2025-01-02 13:09:50
7389,292,351,view,2025-01-02 13:52:11
7390,77,351,view,2025-01-02 11:40:13
7391,69,351,view,2025-01-02 12:36:40
7392,253,351,like,2025-01-02 12:29:27
7393,277,351,view,2025-01-02 11:46:22
7394,252,351,view,2025-01-02 12:40:06
7395,32,351,view,2025-01-02 12:03:26
7396,65,351,like,2025-01-02 11:10:53
7397,281,351,view,2025-01-02 11:23:00
7398,72,351,view,2025-01-02 14:11:27
7399,222,351,view,2025-01-02 11:19:10
7400,299,351,view,2025-01-02 11:22:02
7401,177,352,view,2025-01-03 12:16:14
7402,70,352,follow,2025-01-03 11:48:37
7403,132,352,view,2025-01-03 14:50:08
7404,36,352,follow,2025-01-03 11:12:58
7405,214,352,view,2025-01-03 11:44:02
7406,48,352,like,2025-01-03 12:54:00
7407,52,352,like,2025-01-03 11:11:22
7408,165,352,like,2025-01-03 11:51:47
7409,139,352,like,2025-01-03 13:45:24
7410,8,352,view,2025-01-03 11:18:52
7411,208,352,like,2025-01-03 12:04:02
7412,223,352,follow,2025-01-03 12:21:56
7413,165,352,like,2025-01-03 11:08:53
7414,149,352,view,2025-01-03 12:17:38
7415,28,352,view,2025-01-03 11:17:28
7416,239,352,like,2025-01-03 11:14:24
7417,4,352,follow,2025-01-03 12:15:30
7418,283,352,view,2025-01-03 11:13:43
7419,132,352,follow,2025-01-03 11:19:59
7420,9,352,view,2025-01-03 12:51:24
7421,290,352,view,2025-01-03 13:03:28
7422,283,352,view,2025-01-03 11:14:26
7423,206,353,view,2025-01-08 02:24:40
7424,103,353,view,2025-01-08 04:22:22
7425,30,353,view,2025-01-08 01:40:34
7426,197,353,view,2025-01-08 03:15:39
7427,151,353,view,2025-01-08 01:08:17
7428,221,353,like,2025-01-08 01:15:20
7429,120,353,view,2025-01-08 01:26:59
7430,54,353,like,2025-01-08 01:59:40
7431,6,353,view,2025-01-08 04:09:49
7432,46,353,view,2025-01-08 01:48:53
7433,160,353,view,2025-01-08 04:33:48
7434,194,353,like,2025-01-08 02:30:13
7435,47,354,view,2025-09-12 22:23:29
7436,225,355,view,2025-09-21 05:20:32
7437,183,355,view,2025-09-21 07:23:28
7438,151,355,like,2025-09-21 06:16:07
7439,232,355,view,2025-09-21 05:16:40
7440,246,355,like,2025-09-21 06:16:45
7441,169,355,view,2025-09-21 05:17:48
7442,232,355,view,2025-09-21 05:45:26
7443,3,355,view,2025-09-21 05:25:53
7444,151,355,like,2025-09-21 07:04:27
7445,226,355,like,2025-09-21 05:25:45
7446,34,355,view,2025-09-21 08:46:11
7447,112,355,view,2025-09-21 06:05:02
7448,16,355,follow,2025-09-21 06:21:44
7449,81,355,view,2025-09-21 05:34:39
7450,95,355,like,2025-09-21 06:46:10
7451,68,355,view,2025-09-21 07:08:19
7452,242,355,like,2025-09-21 07:21:49
7453,51,355,like,2025-09-21 06:00:23
7454,213,355,view,2025-09-21 05:46:15
7455,115,355,view,2025-09-21 07:14:34
7456,285,355,like,2025-09-21 08:01:50
7457,113,355,view,2025-09-21 07:14:18
7458,253,355,view,2025-09-21 05:39:39
7459,150,355,like,2025-09-21 05:17:14
7460,196,355,view,2025-09-21 07:51:02
7461,6,355,view,2025-09-21 05:30:13
7462,245,355,view,2025-09-21 05:46:54
7463,144,355,like,2025-09-21 05:52:19
7464,63,356,like,2025-07-31 00:01:41
7465,146,356,view,2025-07-30 22:21:49
7466,232,356,view,2025-07-30 22:29:30
7467,168,356,view,2025-07-30 21:56:55
7468,22,356,like,2025-07-30 23:46:30
7469,60,356,view,2025-07-31 00:19:22
7470,240,356,follow,2025-07-30 21:57:34
7471,58,356,view,2025-07-30 23:39:56
7472,8,357,view,2025-03-22 19:27:27
7473,294,357,like,2025-03-22 19:49:48
7474,47,357,view,2025-03-22 21:12:05
7475,222,357,view,2025-03-22 18:55:19
7476,152,357,view,2025-03-22 20:30:10
7477,292,357,like,2025-03-22 19:17:43
7478,95,357,like,2025-03-22 21:52:21
7479,239,357,like,2025-03-22 18:58:50
7480,26,357,view,2025-03-22 21:08:15
7481,105,357,follow,2025-03-22 19:48:57
7482,156,357,view,2025-03-22 20:31:34
7483,83,357,view,2025-03-22 19:16:36
7484,246,357,like,2025-03-22 19:04:47
7485,46,357,view,2025-03-22 19:40:20
7486,300,357,like,2025-03-22 19:19:19
7487,1,357,view,2025-03-22 20:39:40
7488,275,357,view,2025-03-22 19:30:15
7489,285,357,like,2025-03-22 20:49:06
7490,206,357,follow,2025-03-22 19:02:23
7491,121,357,like,2025-03-22 22:05:50
7492,161,357,view,2025-03-22 20:00:39
7493,186,357,view,2025-03-22 20:00:08
7494,61,357,follow,2025-03-22 20:44:43
7495,3,357,view,2025-03-22 20:18:46
7496,184,357,follow,2025-03-22 20:15:11
7497,20,358,like,2025-02-24 03:57:25
7498,291,358,follow,2025-02-24 03:57:23
7499,26,358,view,2025-02-24 04:22:10
7500,40,358,view,2025-02-24 02:38:55
7501,109,358,like,2025-02-24 01:15:36
7502,213,358,like,2025-02-24 01:09:28
7503,246,358,view,2025-02-24 01:29:34
7504,116,358,view,2025-02-24 01:33:21
7505,52,358,view,2025-02-24 03:15:09
7506,120,358,view,2025-02-24 01:14:06
7507,128,358,like,2025-02-24 02:37:35
7508,177,358,view,2025-02-24 01:11:13
7509,177,358,view,2025-02-24 01:44:15
7510,148,358,view,2025-02-24 01:35:37
7511,130,358,follow,2025-02-24 01:06:26
7512,216,358,view,2025-02-24 02:38:51
7513,198,358,like,2025-02-24 03:13:57
7514,51,358,follow,2025-02-24 01:32:52
7515,203,358,view,2025-02-24 02:48:41
7516,166,358,view,2025-02-24 01:14:09
7517,48,358,view,2025-02-24 01:04:22
7518,57,358,view,2025-02-24 01:13:45
7519,117,358,like,2025-02-24 01:30:14
7520,70,358,follow,2025-02-24 03:29:45
7521,244,358,follow,2025-02-24 02:16:24
7522,56,358,view,2025-02-24 01:12:24
7523,292,358,view,2025-02-24 03:06:26
7524,87,358,like,2025-02-24 01:34:55
7525,74,358,view,2025-02-24 03:34:16
7526,15,358,like,2025-02-24 03:58:10
7527,192,358,follow,2025-02-24 01:12:01
7528,111,358,like,2025-02-24 01:06:10
7529,238,358,like,2025-02-24 01:08:05
7530,175,358,view,2025-02-24 01:38:00
7531,188,358,view,2025-02-24 02:59:41
7532,223,358,follow,2025-02-24 01:03:25
7533,150,358,view,2025-02-24 01:54:21
7534,244,358,view,2025-02-24 01:45:05
7535,27,359,like,2025-03-29 21:23:56
7536,13,359,like,2025-03-29 20:38:41
7537,238,359,view,2025-03-29 20:31:47
7538,180,359,view,2025-03-29 19:33:07
7539,23,359,view,2025-03-29 19:31:50
7540,243,359,view,2025-03-29 19:18:35
7541,187,360,view,2025-08-29 00:14:22
7542,186,360,like,2025-08-28 22:19:47
7543,271,360,like,2025-08-28 22:38:52
7544,233,360,like,2025-08-28 23:00:31
7545,227,360,view,2025-08-28 22:40:01
7546,49,360,like,2025-08-28 22:40:44
7547,274,360,like,2025-08-28 22:31:39
7548,204,360,view,2025-08-28 22:29:34
7549,10,360,like,2025-08-28 22:34:40
7550,193,360,like,2025-08-29 00:14:44
7551,144,360,follow,2025-08-29 00:18:00
7552,294,360,view,2025-08-28 23:24:48
7553,262,360,view,2025-08-28 23:50:44
7554,192,360,view,2025-08-28 23:06:58
7555,179,360,like,2025-08-28 22:43:53
7556,4,360,like,2025-08-28 22:43:01
7557,135,360,view,2025-08-28 23:24:33
7558,171,360,view,2025-08-28 23:08:08
7559,98,360,follow,2025-08-28 22:54:15
7560,165,360,view,2025-08-28 23:20:13
7561,297,360,follow,2025-08-28 22:20:49
7562,267,360,view,2025-08-28 23:43:30
7563,265,360,like,2025-08-29 00:26:48
7564,300,360,view,2025-08-28 22:23:46
7565,225,360,view,2025-08-29 01:13:11
7566,290,360,view,2025-08-28 22:26:25
7567,39,360,follow,2025-08-28 23:01:53
7568,168,360,view,2025-08-28 23:44:37
7569,136,360,view,2025-08-28 23:27:55
7570,211,360,view,2025-08-28 22:51:18
7571,157,360,view,2025-08-28 23:58:33
7572,60,360,like,2025-08-28 23:15:55
7573,112,360,view,2025-08-28 23:38:36
7574,190,360,like,2025-08-28 23:33:29
7575,100,360,view,2025-08-28 22:34:02
7576,259,360,view,2025-08-29 00:47:49
7577,231,360,view,2025-08-28 23:16:59
7578,246,361,like,2025-02-02 00:08:50
7579,113,361,view,2025-02-02 01:00:58
7580,13,361,view,2025-02-02 02:21:32
7581,169,361,view,2025-02-01 23:42:50
7582,111,361,view,2025-02-02 02:02:26
7583,142,361,view,2025-02-02 00:38:14
7584,239,361,like,2025-02-01 23:44:32
7585,34,361,view,2025-02-02 01:52:19
7586,127,361,view,2025-02-02 02:57:21
7587,152,361,follow,2025-02-02 01:20:53
7588,268,361,view,2025-02-02 00:19:40
7589,151,361,view,2025-02-02 01:42:14
7590,201,361,view,2025-02-02 01:07:44
7591,135,361,view,2025-02-02 00:15:40
7592,36,361,like,2025-02-01 23:59:11
7593,176,361,follow,2025-02-01 23:46:05
7594,43,361,like,2025-02-01 23:52:04
7595,234,361,view,2025-02-01 23:55:43
7596,285,361,like,2025-02-02 01:50:00
7597,213,361,view,2025-02-01 23:52:32
7598,293,361,view,2025-02-02 02:07:24
7599,173,361,view,2025-02-02 00:05:57
7600,205,361,view,2025-02-02 01:53:47
7601,57,361,like,2025-02-02 00:50:09
7602,43,361,like,2025-02-02 02:19:32
7603,128,361,like,2025-02-01 23:56:44
7604,182,361,view,2025-02-02 00:11:52
7605,29,361,view,2025-02-01 23:51:19
7606,297,361,like,2025-02-01 23:48:33
7607,190,361,view,2025-02-01 23:43:35
7608,67,361,view,2025-02-02 01:33:53
7609,129,361,like,2025-02-02 00:06:16
7610,237,361,like,2025-02-02 01:47:58
7611,126,361,view,2025-02-02 00:14:35
7612,11,361,view,2025-02-01 23:59:02
7613,54,361,follow,2025-02-02 00:05:06
7614,61,361,view,2025-02-01 23:45:30
7615,12,361,view,2025-02-02 01:57:35
7616,55,362,follow,2025-06-15 06:10:45
7617,42,362,like,2025-06-15 05:18:57
7618,104,363,view,2025-07-01 10:05:20
7619,180,363,view,2025-07-01 10:05:56
7620,237,363,like,2025-07-01 10:16:01
7621,158,363,view,2025-07-01 10:19:48
7622,100,363,view,2025-07-01 10:35:14
7623,90,363,follow,2025-07-01 10:07:14
7624,204,363,view,2025-07-01 10:02:02
7625,37,363,like,2025-07-01 11:57:44
7626,296,363,like,2025-07-01 12:46:57
7627,203,363,view,2025-07-01 10:12:38
7628,276,363,view,2025-07-01 10:01:53
7629,9,363,like,2025-07-01 10:01:55
7630,62,363,view,2025-07-01 10:33:14
7631,296,363,view,2025-07-01 10:14:16
7632,100,363,view,2025-07-01 12:22:15
7633,182,363,view,2025-07-01 10:57:49
7634,290,363,like,2025-07-01 11:00:54
7635,79,363,like,2025-07-01 10:50:34
7636,104,363,like,2025-07-01 10:16:47
7637,82,363,view,2025-07-01 10:06:35
7638,278,363,view,2025-07-01 10:21:34
7639,115,364,view,2025-05-18 00:30:23
7640,264,364,view,2025-05-18 00:22:21
7641,128,364,like,2025-05-17 23:10:35
7642,260,364,follow,2025-05-17 23:32:12
7643,65,364,view,2025-05-17 23:37:54
7644,299,364,like,2025-05-17 23:56:43
7645,228,364,view,2025-05-17 23:44:26
7646,175,364,follow,2025-05-18 01:36:47
7647,208,364,like,2025-05-17 23:08:10
7648,225,364,follow,2025-05-17 23:17:05
7649,275,364,view,2025-05-17 23:02:22
7650,40,364,like,2025-05-17 22:58:32
7651,99,364,view,2025-05-17 23:29:38
7652,183,364,view,2025-05-18 00:57:33
7653,260,364,view,2025-05-17 23:23:50
7654,107,364,like,2025-05-17 23:47:54
7655,47,364,like,2025-05-17 23:29:50
7656,68,364,view,2025-05-17 22:53:59
7657,24,364,view,2025-05-18 00:11:10
7658,92,364,view,2025-05-18 01:30:01
7659,263,364,like,2025-05-18 00:38:20
7660,93,364,view,2025-05-18 00:09:06
7661,121,364,view,2025-05-17 23:12:38
7662,140,364,view,2025-05-18 00:21:51
7663,214,364,follow,2025-05-17 23:41:13
7664,9,364,view,2025-05-18 00:43:59
7665,107,364,view,2025-05-18 00:41:50
7666,81,364,like,2025-05-17 23:07:52
7667,169,364,like,2025-05-18 00:02:11
7668,124,364,view,2025-05-17 23:26:44
7669,137,364,view,2025-05-18 00:29:53
7670,271,364,view,2025-05-17 23:34:40
7671,31,364,like,2025-05-18 01:37:17
7672,249,365,follow,2025-02-02 13:18:04
7673,61,365,view,2025-02-02 14:35:56
7674,102,365,follow,2025-02-02 13:01:34
7675,199,365,view,2025-02-02 14:16:39
7676,257,365,like,2025-02-02 14:27:01
7677,206,365,follow,2025-02-02 12:56:24
7678,197,365,like,2025-02-02 13:08:20
7679,71,365,view,2025-02-02 13:03:08
7680,4,365,view,2025-02-02 15:04:12
7681,37,365,like,2025-02-02 12:59:54
7682,26,365,view,2025-02-02 14:07:49
7683,258,365,view,2025-02-02 14:19:42
7684,218,365,follow,2025-02-02 13:02:34
7685,23,365,view,2025-02-02 12:43:26
7686,253,365,view,2025-02-02 14:51:08
7687,58,365,view,2025-02-02 12:55:35
7688,111,365,view,2025-02-02 14:40:53
7689,144,365,view,2025-02-02 14:13:52
7690,271,365,view,2025-02-02 12:55:07
7691,31,365,follow,2025-02-02 15:00:15
7692,131,365,view,2025-02-02 14:37:27
7693,230,365,view,2025-02-02 13:50:59
7694,65,366,view,2025-07-17 03:02:59
7695,20,366,view,2025-07-17 01:59:39
7696,111,366,view,2025-07-17 02:03:48
7697,3,366,view,2025-07-17 03:20:19
7698,149,366,view,2025-07-17 03:15:38
7699,48,366,view,2025-07-17 03:24:14
7700,231,366,view,2025-07-17 00:58:33
7701,278,366,view,2025-07-17 00:58:58
7702,271,366,view,2025-07-17 01:16:44
7703,89,366,view,2025-07-17 03:20:01
7704,91,366,view,2025-07-17 01:08:06
7705,184,366,view,2025-07-17 02:50:58
7706,108,366,like,2025-07-17 01:30:30
7707,258,366,like,2025-07-17 00:52:45
7708,226,367,follow,2025-07-22 21:26:17
7709,54,367,view,2025-07-22 23:19:44
7710,250,367,view,2025-07-22 22:19:46
7711,93,367,view,2025-07-22 23:33:16
7712,51,367,follow,2025-07-22 21:56:00
7713,25,367,view,2025-07-22 21:49:05
7714,164,367,like,2025-07-22 21:25:40
7715,50,367,like,2025-07-22 21:17:05
7716,180,367,follow,2025-07-22 22:53:08
7717,210,367,view,2025-07-22 22:53:29
7718,225,367,view,2025-07-22 21:51:19
7719,300,367,view,2025-07-22 21:49:23
7720,246,367,view,2025-07-22 23:11:50
7721,224,367,follow,2025-07-22 22:22:43
7722,16,367,view,2025-07-22 21:19:58
7723,64,367,view,2025-07-22 21:56:06
7724,66,367,view,2025-07-22 22:45:18
7725,168,367,like,2025-07-22 22:23:47
7726,87,367,view,2025-07-22 22:40:09
7727,116,367,view,2025-07-22 21:56:40
7728,5,367,view,2025-07-22 22:04:22
7729,43,367,view,2025-07-22 21:30:38
7730,194,367,like,2025-07-23 00:11:28
7731,273,367,view,2025-07-22 21:31:27
7732,7,367,view,2025-07-22 21:16:24
7733,216,367,view,2025-07-22 23:53:45
7734,174,367,view,2025-07-22 22:50:24
7735,155,367,view,2025-07-22 21:30:48
7736,59,367,view,2025-07-22 22:37:09
7737,221,367,like,2025-07-22 23:16:23
7738,1,367,like,2025-07-22 21:17:50
7739,118,368,like,2025-08-14 02:04:56
7740,221,368,view,2025-08-14 02:03:23
7741,73,368,like,2025-08-14 02:21:37
7742,221,368,like,2025-08-14 04:03:25
7743,59,368,view,2025-08-14 04:08:29
7744,72,368,like,2025-08-14 02:33:10
7745,119,368,follow,2025-08-14 04:14:40
7746,262,368,like,2025-08-14 02:02:49
7747,222,368,view,2025-08-14 04:21:32
7748,171,368,view,2025-08-14 02:01:35
7749,293,368,view,2025-08-14 02:54:47
7750,119,368,like,2025-08-14 03:48:07
7751,230,368,view,2025-08-14 03:00:08
7752,282,368,view,2025-08-14 04:08:10
7753,80,368,view,2025-08-14 03:43:31
7754,77,368,view,2025-08-14 03:00:09
7755,282,368,view,2025-08-14 02:28:43
7756,174,368,view,2025-08-14 02:16:33
7757,110,368,view,2025-08-14 02:05:46
7758,8,368,like,2025-08-14 04:34:57
7759,251,368,view,2025-08-14 02:01:05
7760,297,368,follow,2025-08-14 02:38:53
7761,76,368,like,2025-08-14 04:01:56
7762,233,368,view,2025-08-14 02:32:16
7763,128,368,like,2025-08-14 02:53:10
7764,4,368,like,2025-08-14 03:58:10
7765,171,368,view,2025-08-14 02:29:39
7766,262,368,like,2025-08-14 02:09:33
7767,236,368,follow,2025-08-14 02:08:09
7768,209,368,follow,2025-08-14 02:04:16
7769,144,368,view,2025-08-14 02:34:58
7770,266,368,view,2025-08-14 05:01:36
7771,76,368,like,2025-08-14 02:39:24
7772,62,368,like,2025-08-14 05:20:48
7773,253,368,view,2025-08-14 02:10:24
7774,252,368,like,2025-08-14 03:19:59
7775,281,369,view,2025-05-08 08:27:00
7776,145,369,view,2025-05-08 08:07:40
7777,141,369,view,2025-05-08 08:10:46
7778,20,369,view,2025-05-08 08:24:56
7779,209,369,view,2025-05-08 08:08:23
7780,67,369,view,2025-05-08 08:09:58
7781,165,369,like,2025-05-08 08:08:45
7782,205,369,like,2025-05-08 08:38:10
7783,253,369,view,2025-05-08 08:24:28
7784,66,369,view,2025-05-08 09:21:15
7785,74,369,follow,2025-05-08 09:58:19
7786,206,369,view,2025-05-08 08:45:00
7787,181,369,view,2025-05-08 09:49:13
7788,184,369,view,2025-05-08 08:26:47
7789,84,369,view,2025-05-08 08:10:29
7790,73,369,view,2025-05-08 08:20:06
7791,206,369,like,2025-05-08 08:16:10
7792,249,369,follow,2025-05-08 08:07:57
7793,156,369,view,2025-05-08 10:53:18
7794,184,369,like,2025-05-08 09:25:46
7795,53,369,follow,2025-05-08 09:14:32
7796,68,369,like,2025-05-08 08:15:00
7797,14,369,view,2025-05-08 08:15:36
7798,155,369,view,2025-05-08 08:31:53
7799,68,369,view,2025-05-08 09:33:36
7800,163,369,view,2025-05-08 08:43:17
7801,138,369,view,2025-05-08 09:58:34
7802,50,369,follow,2025-05-08 08:25:57
7803,2,369,like,2025-05-08 09:10:41
7804,93,369,view,2025-05-08 10:09:19
7805,234,370,view,2025-03-30 11:29:27
7806,65,370,like,2025-03-30 13:36:29
7807,156,370,like,2025-03-30 12:12:42
7808,255,370,view,2025-03-30 11:35:09
7809,238,370,view,2025-03-30 12:11:37
7810,200,370,view,2025-03-30 12:14:30
7811,132,371,view,2025-08-22 13:48:12
7812,1,371,view,2025-08-22 14:32:17
7813,292,371,like,2025-08-22 12:19:37
7814,299,371,view,2025-08-22 11:37:16
7815,57,371,view,2025-08-22 13:50:53
7816,186,371,view,2025-08-22 13:13:57
7817,271,371,view,2025-08-22 12:29:16
7818,15,372,follow,2025-05-10 18:06:50
7819,103,372,view,2025-05-10 18:38:26
7820,72,372,follow,2025-05-10 18:30:42
7821,168,372,like,2025-05-10 18:28:03
7822,228,372,view,2025-05-10 18:34:17
7823,63,372,like,2025-05-10 19:38:20
7824,106,372,view,2025-05-10 18:46:32
7825,63,372,view,2025-05-10 18:18:52
7826,145,372,view,2025-05-10 18:52:43
7827,209,372,view,2025-05-10 20:42:59
7828,191,373,follow,2025-07-19 21:58:07
7829,167,373,view,2025-07-19 21:29:36
7830,20,373,view,2025-07-19 21:53:50
7831,232,373,follow,2025-07-19 21:54:56
7832,234,373,view,2025-07-19 23:51:11
7833,285,373,view,2025-07-19 21:20:58
7834,67,373,like,2025-07-19 23:11:42
7835,137,373,view,2025-07-19 23:19:20
7836,193,373,view,2025-07-19 21:23:28
7837,247,373,like,2025-07-19 22:36:50
7838,189,373,like,2025-07-19 23:47:07
7839,191,373,view,2025-07-19 21:57:47
7840,211,373,view,2025-07-19 22:02:45
7841,168,373,like,2025-07-19 21:39:34
7842,258,373,like,2025-07-20 00:46:59
7843,226,373,view,2025-07-19 23:35:31
7844,227,374,view,2025-06-08 16:54:39
7845,122,374,like,2025-06-08 17:04:07
7846,113,374,like,2025-06-08 15:21:31
7847,296,374,view,2025-06-08 14:59:17
7848,49,374,view,2025-06-08 15:21:01
7849,41,374,view,2025-06-08 14:34:31
7850,124,374,view,2025-06-08 16:24:26
7851,69,374,like,2025-06-08 14:32:02
7852,188,374,view,2025-06-08 16:08:24
7853,225,374,view,2025-06-08 14:42:52
7854,114,374,like,2025-06-08 14:51:39
7855,177,374,like,2025-06-08 17:38:35
7856,169,374,like,2025-06-08 17:10:43
7857,6,374,like,2025-06-08 14:31:48
7858,290,374,view,2025-06-08 14:58:20
7859,79,374,follow,2025-06-08 15:43:44
7860,167,374,like,2025-06-08 14:35:03
7861,14,374,follow,2025-06-08 16:56:54
7862,83,374,view,2025-06-08 15:09:09
7863,43,374,follow,2025-06-08 15:07:42
7864,134,374,view,2025-06-08 15:00:24
7865,148,374,like,2025-06-08 16:09:26
7866,299,374,like,2025-06-08 15:12:37
7867,199,374,view,2025-06-08 14:49:05
7868,270,374,view,2025-06-08 16:17:55
7869,98,374,view,2025-06-08 16:32:40
7870,56,374,like,2025-06-08 14:51:47
7871,248,374,view,2025-06-08 15:20:25
7872,169,374,view,2025-06-08 14:47:42
7873,222,374,view,2025-06-08 15:38:11
7874,198,374,view,2025-06-08 14:47:21
7875,47,374,view,2025-06-08 14:34:02
7876,120,374,like,2025-06-08 15:18:13
7877,137,375,follow,2025-09-06 02:29:56
7878,256,375,view,2025-09-06 00:50:23
7879,81,375,like,2025-09-06 02:01:31
7880,55,375,like,2025-09-06 02:23:49
7881,4,375,follow,2025-09-06 01:15:03
7882,265,375,follow,2025-09-06 01:42:02
7883,250,375,view,2025-09-06 03:04:47
7884,124,375,like,2025-09-06 01:58:20
7885,100,375,view,2025-09-06 00:51:52
7886,284,375,view,2025-09-06 00:52:09
7887,232,375,view,2025-09-06 01:03:50
7888,288,375,like,2025-09-06 02:14:45
7889,272,375,view,2025-09-06 01:03:48
7890,3,375,view,2025-09-06 02:43:11
7891,84,375,view,2025-09-06 01:14:43
7892,62,375,view,2025-09-06 01:00:10
7893,106,375,view,2025-09-06 01:04:50
7894,185,375,view,2025-09-06 00:50:19
7895,1,375,view,2025-09-06 03:51:16
7896,206,375,like,2025-09-06 01:37:23
7897,17,375,like,2025-09-06 01:56:39
7898,112,375,like,2025-09-06 02:18:04
7899,291,375,view,2025-09-06 01:09:17
7900,209,375,like,2025-09-06 02:18:32
7901,34,375,view,2025-09-06 01:20:04
7902,235,375,follow,2025-09-06 01:00:12
7903,37,375,view,2025-09-06 01:04:07
7904,258,375,view,2025-09-06 04:27:21
7905,164,375,view,2025-09-06 03:48:19
7906,296,375,view,2025-09-06 02:47:46
7907,193,375,follow,2025-09-06 03:06:49
7908,99,375,view,2025-09-06 01:34:51
7909,13,375,like,2025-09-06 00:54:01
7910,280,375,view,2025-09-06 01:13:39
7911,167,375,follow,2025-09-06 03:08:17
7912,274,375,like,2025-09-06 02:03:21
7913,105,376,like,2025-02-14 07:28:32
7914,171,376,follow,2025-02-14 07:39:41
7915,140,376,view,2025-02-14 07:45:02
7916,231,376,view,2025-02-14 09:10:07
7917,229,376,view,2025-02-14 07:00:56
7918,200,376,view,2025-02-14 07:19:40
7919,152,376,view,2025-02-14 06:32:18
7920,39,377,view,2025-07-14 06:48:23
7921,172,377,view,2025-07-14 08:17:36
7922,67,377,view,2025-07-14 08:09:09
7923,289,377,view,2025-07-14 07:27:35
7924,169,377,follow,2025-07-14 07:11:18
7925,127,377,like,2025-07-14 08:30:06
7926,175,377,like,2025-07-14 09:52:58
7927,27,377,follow,2025-07-14 08:17:01
7928,187,377,view,2025-07-14 06:48:37
7929,196,377,view,2025-07-14 09:35:32
7930,112,377,view,2025-07-14 07:27:23
7931,54,377,follow,2025-07-14 09:28:18
7932,298,377,view,2025-07-14 07:05:29
7933,287,377,view,2025-07-14 07:19:01
7934,152,377,view,2025-07-14 07:20:19
7935,10,377,follow,2025-07-14 07:35:51
7936,291,377,view,2025-07-14 10:02:45
7937,153,377,view,2025-07-14 08:18:09
7938,78,377,view,2025-07-14 09:06:27
7939,65,377,view,2025-07-14 07:19:40
7940,254,377,like,2025-07-14 07:50:49
7941,22,377,view,2025-07-14 06:52:44
7942,204,377,like,2025-07-14 07:03:07
7943,243,377,like,2025-07-14 07:51:16
7944,148,377,like,2025-07-14 07:25:43
7945,67,377,view,2025-07-14 06:50:36
7946,50,377,view,2025-07-14 07:42:06
7947,117,378,view,2025-07-22 21:04:50
7948,144,378,view,2025-07-22 22:39:33
7949,174,378,view,2025-07-22 21:44:02
7950,125,378,like,2025-07-22 20:35:18
7951,136,378,view,2025-07-22 20:29:49
7952,277,378,view,2025-07-22 22:00:20
7953,124,378,view,2025-07-22 21:30:01
7954,95,378,view,2025-07-22 20:31:05
7955,150,378,view,2025-07-22 20:38:02
7956,131,378,like,2025-07-22 20:32:02
7957,83,378,view,2025-07-22 22:03:40
7958,49,378,like,2025-07-22 20:37:25
7959,260,378,follow,2025-07-22 20:36:12
7960,299,378,view,2025-07-22 22:30:52
7961,270,378,view,2025-07-22 20:38:49
7962,20,379,like,2025-06-21 19:50:59
7963,181,379,like,2025-06-21 19:36:53
7964,136,379,view,2025-06-21 21:00:40
7965,171,379,view,2025-06-21 21:45:04
7966,127,379,follow,2025-06-21 19:39:58
7967,194,379,view,2025-06-21 19:32:00
7968,129,379,like,2025-06-21 20:38:43
7969,212,379,follow,2025-06-21 20:24:57
7970,86,379,like,2025-06-21 21:13:23
7971,204,379,like,2025-06-21 20:49:28
7972,137,379,view,2025-06-21 19:50:51
7973,47,379,view,2025-06-21 20:48:03
7974,180,379,view,2025-06-21 21:24:48
7975,81,379,follow,2025-06-21 21:40:25
7976,140,379,view,2025-06-21 20:35:11
7977,264,379,follow,2025-06-21 20:32:46
7978,106,379,follow,2025-06-21 19:39:42
7979,265,379,like,2025-06-21 20:40:06
7980,197,379,like,2025-06-21 19:34:12
7981,110,379,view,2025-06-21 20:23:10
7982,91,379,like,2025-06-21 19:30:03
7983,45,379,like,2025-06-21 21:27:39
7984,202,379,view,2025-06-21 19:49:09
7985,279,379,follow,2025-06-21 21:17:38
7986,38,379,like,2025-06-21 19:52:19
7987,2,379,view,2025-06-21 22:12:26
7988,178,379,view,2025-06-21 19:52:59
7989,169,379,like,2025-06-21 19:35:10
7990,156,379,view,2025-06-21 22:21:23
7991,222,380,view,2025-07-27 01:31:14
7992,158,380,follow,2025-07-27 02:54:01
7993,71,380,like,2025-07-27 01:01:51
7994,98,380,like,2025-07-27 00:09:33
7995,96,380,view,2025-07-27 01:33:46
7996,105,380,like,2025-07-26 23:58:56
7997,103,380,view,2025-07-27 00:29:53
7998,282,380,view,2025-07-27 01:12:17
7999,211,380,view,2025-07-27 00:24:22
8000,251,380,follow,2025-07-26 23:59:29
8001,107,380,like,2025-07-27 00:29:36
8002,138,380,like,2025-07-27 01:35:12
8003,201,380,like,2025-07-27 00:16:10
8004,293,380,view,2025-07-27 00:21:01
8005,286,380,like,2025-07-26 23:51:41
8006,253,380,view,2025-07-27 00:38:41
8007,264,380,view,2025-07-27 02:08:34
8008,214,380,follow,2025-07-27 00:47:02
8009,129,380,like,2025-07-27 00:40:17
8010,32,380,like,2025-07-27 00:03:38
8011,151,380,view,2025-07-26 23:53:11
8012,233,380,view,2025-07-27 00:34:46
8013,85,380,view,2025-07-27 00:39:07
8014,207,380,view,2025-07-27 00:27:28
8015,161,380,view,2025-07-27 00:16:15
8016,206,380,view,2025-07-26 23:45:55
8017,28,380,view,2025-07-26 23:50:09
8018,13,380,view,2025-07-27 03:08:19
8019,111,380,view,2025-07-26 23:43:02
8020,208,380,view,2025-07-27 00:50:02
8021,130,380,view,2025-07-26 23:54:07
8022,192,380,like,2025-07-27 00:20:23
8023,15,380,follow,2025-07-27 00:17:07
8024,241,380,view,2025-07-27 00:13:34
8025,78,380,view,2025-07-27 02:19:50
8026,116,380,view,2025-07-26 23:47:58
8027,181,380,view,2025-07-27 01:44:34
8028,97,381,view,2025-08-05 12:53:43
8029,152,381,view,2025-08-05 15:45:07
8030,268,381,view,2025-08-05 13:22:45
8031,258,382,view,2025-07-18 07:11:29
8032,14,382,follow,2025-07-18 08:18:24
8033,97,382,view,2025-07-18 07:02:20
8034,79,382,view,2025-07-18 08:05:23
8035,240,382,view,2025-07-18 07:08:20
8036,260,382,like,2025-07-18 07:23:47
8037,120,382,view,2025-07-18 07:28:13
8038,290,382,view,2025-07-18 08:08:54
8039,125,382,like,2025-07-18 08:26:10
8040,217,382,like,2025-07-18 08:11:27
8041,94,382,like,2025-07-18 07:06:55
8042,11,382,view,2025-07-18 08:04:40
8043,108,382,like,2025-07-18 07:09:10
8044,123,382,view,2025-07-18 07:01:29
8045,158,382,like,2025-07-18 07:35:20
8046,167,382,view,2025-07-18 07:20:06
8047,30,383,view,2025-06-26 08:41:00
8048,268,383,view,2025-06-26 08:39:55
8049,223,383,like,2025-06-26 08:46:43
8050,180,383,view,2025-06-26 09:41:08
8051,203,383,view,2025-06-26 08:43:47
8052,13,383,view,2025-06-26 09:06:05
8053,223,383,like,2025-06-26 11:32:57
8054,276,383,like,2025-06-26 11:04:53
8055,34,383,view,2025-06-26 11:46:17
8056,34,383,like,2025-06-26 10:33:12
8057,74,383,like,2025-06-26 08:53:41
8058,73,383,view,2025-06-26 08:47:32
8059,300,383,follow,2025-06-26 09:46:12
8060,226,383,follow,2025-06-26 08:40:23
8061,241,383,view,2025-06-26 10:13:58
8062,234,383,view,2025-06-26 09:15:59
8063,291,383,view,2025-06-26 09:44:10
8064,252,383,like,2025-06-26 09:39:00
8065,89,383,like,2025-06-26 11:00:11
8066,126,383,like,2025-06-26 10:16:07
8067,25,383,like,2025-06-26 10:35:13
8068,165,383,view,2025-06-26 08:40:00
8069,30,383,follow,2025-06-26 09:40:01
8070,293,383,view,2025-06-26 09:16:02
8071,196,383,view,2025-06-26 09:11:10
8072,247,383,follow,2025-06-26 09:34:19
8073,227,383,like,2025-06-26 09:19:06
8074,237,383,view,2025-06-26 08:42:58
8075,40,383,follow,2025-06-26 08:45:24
8076,94,383,view,2025-06-26 08:54:56
8077,264,383,follow,2025-06-26 10:11:05
8078,91,383,like,2025-06-26 10:28:36
8079,37,383,like,2025-06-26 09:10:51
8080,291,383,like,2025-06-26 11:48:03
8081,227,383,view,2025-06-26 10:47:31
8082,93,384,like,2025-05-23 03:05:50
8083,39,384,like,2025-05-23 02:53:56
8084,97,385,like,2025-03-21 11:56:38
8085,265,385,view,2025-03-21 10:02:11
8086,149,385,view,2025-03-21 11:15:54
8087,154,385,like,2025-03-21 09:36:36
8088,71,385,view,2025-03-21 08:49:32
8089,78,385,view,2025-03-21 08:50:29
8090,130,385,view,2025-03-21 08:52:56
8091,130,385,view,2025-03-21 08:55:47
8092,174,385,like,2025-03-21 09:14:32
8093,13,385,view,2025-03-21 09:46:29
8094,27,385,view,2025-03-21 09:34:22
8095,284,385,view,2025-03-21 09:40:04
8096,88,385,like,2025-03-21 10:43:49
8097,258,385,like,2025-03-21 09:12:12
8098,77,385,like,2025-03-21 08:52:09
8099,293,385,view,2025-03-21 12:32:26
8100,223,385,like,2025-03-21 09:07:25
8101,275,385,view,2025-03-21 10:49:16
8102,296,385,view,2025-03-21 09:20:17
8103,48,385,like,2025-03-21 10:07:38
8104,207,385,follow,2025-03-21 09:32:45
8105,84,385,view,2025-03-21 08:59:27
8106,152,385,view,2025-03-21 10:58:01
8107,40,385,like,2025-03-21 11:08:09
8108,127,385,like,2025-03-21 09:39:12
8109,260,385,view,2025-03-21 08:48:59
8110,47,386,view,2025-04-11 09:55:52
8111,91,386,like,2025-04-11 10:53:10
8112,275,386,follow,2025-04-11 11:49:49
8113,35,386,view,2025-04-11 09:59:00
8114,41,386,like,2025-04-11 10:40:47
8115,163,386,view,2025-04-11 09:57:48
8116,90,386,like,2025-04-11 10:05:03
8117,62,386,like,2025-04-11 10:42:34
8118,282,387,like,2025-03-07 20:57:06
8119,167,387,like,2025-03-07 21:24:13
8120,291,387,view,2025-03-07 20:44:07
8121,211,387,follow,2025-03-07 20:41:12
8122,205,387,view,2025-03-07 21:34:10
8123,1,387,view,2025-03-07 20:18:10
8124,87,387,view,2025-03-07 20:40:52
8125,242,387,follow,2025-03-07 21:24:53
8126,277,387,view,2025-03-07 21:41:22
8127,135,387,view,2025-03-07 20:15:45
8128,65,387,like,2025-03-07 22:32:12
8129,215,387,like,2025-03-07 21:20:08
8130,195,387,follow,2025-03-07 20:53:25
8131,90,387,view,2025-03-07 21:24:05
8132,160,387,like,2025-03-07 20:14:36
8133,229,387,like,2025-03-07 21:57:52
8134,86,387,like,2025-03-07 20:19:46
8135,97,387,follow,2025-03-07 20:33:37
8136,97,387,view,2025-03-07 20:40:43
8137,178,387,view,2025-03-07 22:30:36
8138,65,387,follow,2025-03-07 21:44:28
8139,109,387,view,2025-03-07 20:28:25
8140,166,387,like,2025-03-07 21:05:20
8141,88,387,view,2025-03-07 21:04:42
8142,28,387,view,2025-03-07 20:18:17
8143,229,387,view,2025-03-07 20:22:23
8144,92,387,follow,2025-03-07 22:59:14
8145,150,387,like,2025-03-07 20:19:30
8146,282,387,like,2025-03-07 22:35:14
8147,153,388,like,2025-03-23 14:42:32
8148,164,388,like,2025-03-23 14:23:07
8149,67,388,view,2025-03-23 14:29:50
8150,25,388,like,2025-03-23 13:57:55
8151,115,388,view,2025-03-23 13:25:54
8152,116,388,view,2025-03-23 13:49:30
8153,278,388,view,2025-03-23 13:28:16
8154,203,388,like,2025-03-23 14:37:44
8155,95,388,view,2025-03-23 14:14:33
8156,243,388,like,2025-03-23 13:38:42
8157,274,388,follow,2025-03-23 14:11:25
8158,64,388,view,2025-03-23 14:58:49
8159,115,388,view,2025-03-23 15:47:06
8160,175,388,follow,2025-03-23 13:59:28
8161,119,388,like,2025-03-23 16:21:59
8162,20,388,like,2025-03-23 13:40:35
8163,10,388,like,2025-03-23 13:43:30
8164,199,388,view,2025-03-23 13:32:30
8165,264,388,view,2025-03-23 15:24:16
8166,216,388,view,2025-03-23 14:31:55
8167,148,388,view,2025-03-23 13:23:56
8168,85,388,view,2025-03-23 15:14:00
8169,33,388,follow,2025-03-23 14:32:55
8170,187,388,like,2025-03-23 14:34:59
8171,148,388,view,2025-03-23 14:46:06
8172,267,388,like,2025-03-23 15:13:10
8173,34,388,view,2025-03-23 13:59:32
8174,166,388,view,2025-03-23 14:32:29
8175,229,388,view,2025-03-23 13:25:40
8176,95,388,like,2025-03-23 14:10:56
8177,2,389,view,2025-07-27 14:45:39
8178,188,389,view,2025-07-27 16:05:23
8179,102,389,like,2025-07-27 15:43:50
8180,8,389,view,2025-07-27 14:56:08
8181,111,389,view,2025-07-27 14:42:01
8182,87,389,view,2025-07-27 13:44:23
8183,279,389,view,2025-07-27 13:59:16
8184,247,389,view,2025-07-27 14:02:51
8185,25,389,like,2025-07-27 15:37:02
8186,108,389,view,2025-07-27 13:54:28
8187,220,389,like,2025-07-27 14:56:11
8188,49,389,view,2025-07-27 16:33:31
8189,241,389,view,2025-07-27 15:57:44
8190,286,389,view,2025-07-27 14:32:21
8191,123,389,view,2025-07-27 13:43:33
8192,216,389,like,2025-07-27 13:57:54
8193,140,389,view,2025-07-27 15:40:26
8194,32,389,view,2025-07-27 13:52:43
8195,221,389,follow,2025-07-27 14:10:54
8196,204,389,follow,2025-07-27 16:12:54
8197,209,389,like,2025-07-27 14:17:32
8198,292,389,like,2025-07-27 16:04:12
8199,78,389,like,2025-07-27 14:47:45
8200,40,389,view,2025-07-27 16:37:50
8201,135,389,view,2025-07-27 13:51:14
8202,233,389,view,2025-07-27 14:33:50
8203,222,389,follow,2025-07-27 15:24:23
8204,250,389,view,2025-07-27 14:26:29
8205,258,390,view,2025-04-17 14:33:25
8206,119,390,follow,2025-04-17 11:04:44
8207,44,390,like,2025-04-17 13:46:15
8208,116,390,like,2025-04-17 13:10:53
8209,184,390,follow,2025-04-17 12:01:35
8210,92,390,view,2025-04-17 12:41:00
8211,39,390,like,2025-04-17 11:11:55
8212,168,390,view,2025-04-17 11:03:50
8213,201,390,view,2025-04-17 11:31:05
8214,139,390,view,2025-04-17 12:38:04
8215,155,390,follow,2025-04-17 10:56:02
8216,174,390,view,2025-04-17 11:00:48
8217,262,390,view,2025-04-17 11:48:07
8218,255,390,view,2025-04-17 12:14:20
8219,175,390,view,2025-04-17 12:29:33
8220,40,390,like,2025-04-17 12:36:21
8221,96,390,like,2025-04-17 12:27:51
8222,61,390,like,2025-04-17 11:16:44
8223,93,390,view,2025-04-17 12:11:10
8224,214,390,view,2025-04-17 11:10:48
8225,170,390,follow,2025-04-17 11:43:57
8226,260,390,like,2025-04-17 12:00:39
8227,124,390,view,2025-04-17 13:07:33
8228,136,390,view,2025-04-17 11:51:58
8229,124,390,view,2025-04-17 10:54:23
8230,75,390,follow,2025-04-17 12:09:53
8231,79,390,view,2025-04-17 10:51:09
8232,50,390,like,2025-04-17 11:57:48
8233,284,390,view,2025-04-17 11:26:10
8234,122,390,view,2025-04-17 12:03:35
8235,22,390,view,2025-04-17 11:22:39
8236,103,390,like,2025-04-17 11:44:08
8237,286,390,like,2025-04-17 10:58:57
8238,37,391,like,2025-04-15 11:44:10
8239,77,391,view,2025-04-15 09:18:54
8240,130,391,view,2025-04-15 08:51:23
8241,274,391,like,2025-04-15 10:01:55
8242,147,391,view,2025-04-15 08:36:43
8243,253,391,view,2025-04-15 10:24:36
8244,268,391,follow,2025-04-15 09:30:12
8245,174,391,view,2025-04-15 10:02:22
8246,188,391,view,2025-04-15 08:47:23
8247,187,391,like,2025-04-15 08:37:06
8248,261,391,view,2025-04-15 09:41:39
8249,68,391,like,2025-04-15 09:37:14
8250,97,391,view,2025-04-15 12:04:43
8251,172,391,view,2025-04-15 08:19:42
8252,261,391,view,2025-04-15 08:49:16
8253,154,391,like,2025-04-15 08:44:53
8254,5,391,like,2025-04-15 10:19:38
8255,232,391,follow,2025-04-15 08:21:42
8256,271,391,like,2025-04-15 08:38:13
8257,29,391,like,2025-04-15 08:26:31
8258,27,392,like,2025-03-09 10:19:25
8259,140,392,like,2025-03-09 10:00:35
8260,16,392,like,2025-03-09 12:13:18
8261,144,392,like,2025-03-09 10:20:21
8262,71,393,view,2025-07-08 20:42:11
8263,61,393,view,2025-07-08 19:28:16
8264,35,393,like,2025-07-08 19:34:06
8265,128,393,follow,2025-07-08 19:37:10
8266,132,393,like,2025-07-08 20:41:10
8267,261,394,view,2025-09-19 08:57:53
8268,191,394,follow,2025-09-19 08:00:01
8269,42,394,like,2025-09-19 08:24:05
8270,148,394,view,2025-09-19 08:51:57
8271,133,394,like,2025-09-19 08:32:58
8272,131,394,like,2025-09-19 09:05:25
8273,280,394,like,2025-09-19 08:48:20
8274,177,394,view,2025-09-19 07:49:44
8275,240,394,follow,2025-09-19 08:55:11
8276,39,394,follow,2025-09-19 10:56:46
8277,225,394,like,2025-09-19 10:53:50
8278,59,394,follow,2025-09-19 08:19:31
8279,201,394,like,2025-09-19 07:52:30
8280,104,394,view,2025-09-19 08:45:18
8281,115,394,view,2025-09-19 07:48:45
8282,12,394,view,2025-09-19 09:35:01
8283,144,394,view,2025-09-19 07:54:19
8284,97,394,like,2025-09-19 07:58:20
8285,43,394,view,2025-09-19 09:08:17
8286,40,394,like,2025-09-19 08:22:06
8287,300,394,view,2025-09-19 08:37:50
8288,68,394,like,2025-09-19 08:17:33
8289,108,394,like,2025-09-19 07:55:01
8290,277,394,view,2025-09-19 08:16:48
8291,243,394,follow,2025-09-19 08:08:48
8292,242,394,view,2025-09-19 09:42:46
8293,162,394,view,2025-09-19 08:22:12
8294,187,394,like,2025-09-19 08:07:59
8295,269,394,view,2025-09-19 07:47:12
8296,149,394,like,2025-09-19 07:47:32
8297,157,394,like,2025-09-19 08:44:58
8298,141,394,follow,2025-09-19 07:45:46
8299,255,394,follow,2025-09-19 10:24:46
8300,273,394,like,2025-09-19 07:51:27
8301,36,394,view,2025-09-19 07:47:31
8302,103,394,view,2025-09-19 09:50:48
8303,124,395,view,2025-03-04 19:03:19
8304,298,395,view,2025-03-04 18:44:11
8305,196,395,view,2025-03-04 20:37:20
8306,275,395,follow,2025-03-04 19:44:01
8307,41,395,view,2025-03-04 20:52:13
8308,232,395,view,2025-03-04 19:13:00
8309,260,395,view,2025-03-04 18:55:09
8310,298,395,follow,2025-03-04 19:27:21
8311,238,395,like,2025-03-04 19:00:35
8312,289,395,view,2025-03-04 19:25:38
8313,9,395,view,2025-03-04 19:00:05
8314,78,395,view,2025-03-04 18:44:00
8315,75,395,like,2025-03-04 18:42:20
8316,200,395,view,2025-03-04 19:39:13
8317,246,395,view,2025-03-04 18:46:04
8318,7,396,follow,2025-05-19 16:54:48
8319,2,396,view,2025-05-19 14:20:57
8320,261,396,view,2025-05-19 14:25:30
8321,141,396,view,2025-05-19 14:15:24
8322,44,396,view,2025-05-19 14:04:38
8323,45,396,like,2025-05-19 14:06:01
8324,130,396,view,2025-05-19 15:12:56
8325,269,397,view,2025-03-16 14:16:01
8326,281,397,like,2025-03-16 11:31:48
8327,123,397,view,2025-03-16 12:30:52
8328,169,397,view,2025-03-16 11:18:59
8329,22,397,view,2025-03-16 11:20:55
8330,240,397,like,2025-03-16 13:00:24
8331,218,397,view,2025-03-16 12:01:45
8332,119,397,follow,2025-03-16 11:44:11
8333,290,397,like,2025-03-16 15:03:03
8334,38,397,follow,2025-03-16 12:00:50
8335,299,397,like,2025-03-16 11:19:28
8336,130,397,follow,2025-03-16 15:12:11
8337,83,397,view,2025-03-16 12:32:20
8338,263,397,follow,2025-03-16 11:29:03
8339,30,397,like,2025-03-16 13:12:10
8340,189,397,view,2025-03-16 11:35:37
8341,220,397,like,2025-03-16 12:21:00
8342,249,397,like,2025-03-16 11:36:42
8343,147,397,view,2025-03-16 12:40:41
8344,233,397,follow,2025-03-16 13:29:52
8345,192,397,view,2025-03-16 12:06:57
8346,118,398,like,2025-02-14 06:36:18
8347,102,398,follow,2025-02-14 06:43:43
8348,111,398,view,2025-02-14 06:59:29
8349,59,398,view,2025-02-14 07:18:17
8350,27,398,follow,2025-02-14 07:32:28
8351,265,398,view,2025-02-14 07:12:57
8352,5,398,view,2025-02-14 07:34:08
8353,103,398,view,2025-02-14 06:57:01
8354,151,398,view,2025-02-14 07:58:40
8355,249,398,view,2025-02-14 06:34:23
8356,263,398,view,2025-02-14 06:30:27
8357,8,398,follow,2025-02-14 09:14:04
8358,245,398,view,2025-02-14 06:42:17
8359,262,398,view,2025-02-14 09:24:07
8360,148,398,like,2025-02-14 06:41:37
8361,181,398,view,2025-02-14 06:50:49
8362,223,398,view,2025-02-14 06:56:36
8363,11,398,like,2025-02-14 06:49:56
8364,93,398,like,2025-02-14 08:59:38
8365,154,398,view,2025-02-14 06:35:11
8366,273,398,view,2025-02-14 08:47:35
8367,108,398,view,2025-02-14 08:08:32
8368,223,398,follow,2025-02-14 07:00:30
8369,133,398,view,2025-02-14 07:38:56
8370,68,398,view,2025-02-14 07:01:33
8371,128,398,like,2025-02-14 08:27:30
8372,278,398,view,2025-02-14 06:36:38
8373,135,398,like,2025-02-14 06:31:45
8374,210,398,follow,2025-02-14 06:58:17
8375,282,398,like,2025-02-14 07:10:49
8376,3,398,view,2025-02-14 06:33:22
8377,267,398,follow,2025-02-14 09:23:51
8378,295,398,follow,2025-02-14 07:44:41
8379,200,399,view,2025-04-29 12:28:56
8380,161,399,view,2025-04-29 14:17:00
8381,89,399,view,2025-04-29 14:14:54
8382,278,399,like,2025-04-29 12:52:04
8383,160,399,view,2025-04-29 11:48:16
8384,86,399,follow,2025-04-29 12:50:29
8385,4,399,follow,2025-04-29 12:10:28
8386,144,399,view,2025-04-29 13:14:31
8387,28,399,view,2025-04-29 13:04:43
8388,259,399,like,2025-04-29 11:55:32
8389,201,399,view,2025-04-29 11:46:39
8390,98,399,like,2025-04-29 13:01:45
8391,27,399,view,2025-04-29 11:49:29
8392,141,399,view,2025-04-29 12:32:21
8393,280,399,view,2025-04-29 12:07:00
8394,57,399,view,2025-04-29 12:17:16
8395,169,399,view,2025-04-29 14:29:03
8396,79,399,like,2025-04-29 12:39:09
8397,79,399,like,2025-04-29 12:40:28
8398,106,399,follow,2025-04-29 11:59:56
8399,131,399,like,2025-04-29 12:45:34
8400,84,399,view,2025-04-29 12:08:22
8401,287,399,follow,2025-04-29 12:24:26
8402,96,399,like,2025-04-29 13:35:03
8403,280,399,view,2025-04-29 13:34:21
8404,209,399,view,2025-04-29 12:39:57
8405,127,399,like,2025-04-29 13:00:03
8406,286,400,view,2025-02-25 04:01:25
8407,183,400,view,2025-02-25 03:32:46
8408,35,400,view,2025-02-25 06:09:00
8409,112,400,like,2025-02-25 02:34:52
8410,255,400,like,2025-02-25 03:03:28
8411,163,400,view,2025-02-25 03:20:55
8412,206,400,view,2025-02-25 03:41:37
8413,22,400,like,2025-02-25 04:01:56
8414,120,400,view,2025-02-25 05:40:27
8415,23,401,view,2025-09-14 14:19:53
8416,266,401,view,2025-09-14 11:12:29
8417,39,401,like,2025-09-14 11:57:04
8418,285,401,view,2025-09-14 10:59:29
8419,221,401,view,2025-09-14 11:36:05
8420,241,401,follow,2025-09-14 12:27:27
8421,84,401,view,2025-09-14 11:00:34
8422,276,401,view,2025-09-14 12:02:20
8423,195,401,view,2025-09-14 12:18:29
8424,263,401,follow,2025-09-14 13:11:29
8425,247,401,view,2025-09-14 11:22:08
8426,25,402,like,2025-06-09 03:58:13
8427,174,402,view,2025-06-09 03:36:06
8428,142,402,view,2025-06-09 05:53:19
8429,173,402,view,2025-06-09 03:21:30
8430,60,402,view,2025-06-09 03:48:37
8431,276,403,follow,2025-07-24 11:48:49
8432,180,403,view,2025-07-24 10:20:00
8433,205,403,view,2025-07-24 12:01:53
8434,81,403,view,2025-07-24 10:31:47
8435,184,403,view,2025-07-24 10:20:37
8436,114,403,follow,2025-07-24 11:12:28
8437,130,403,view,2025-07-24 13:50:25
8438,41,403,like,2025-07-24 11:00:49
8439,48,403,view,2025-07-24 10:36:23
8440,239,403,like,2025-07-24 10:44:44
8441,170,403,like,2025-07-24 11:53:42
8442,267,403,view,2025-07-24 13:22:43
8443,107,404,follow,2025-08-26 23:10:14
8444,64,404,like,2025-08-26 23:56:10
8445,196,405,like,2025-03-09 11:20:51
8446,122,405,follow,2025-03-09 11:54:29
8447,152,405,view,2025-03-09 10:31:53
8448,161,405,view,2025-03-09 10:44:51
8449,243,405,like,2025-03-09 10:06:06
8450,77,405,like,2025-03-09 11:31:47
8451,146,405,view,2025-03-09 10:57:02
8452,286,405,like,2025-03-09 10:06:23
8453,70,405,like,2025-03-09 10:04:09
8454,66,405,follow,2025-03-09 11:05:25
8455,234,405,view,2025-03-09 10:11:38
8456,16,405,view,2025-03-09 11:44:36
8457,4,405,view,2025-03-09 10:58:40
8458,108,405,view,2025-03-09 10:41:25
8459,23,405,like,2025-03-09 11:21:22
8460,56,405,view,2025-03-09 13:49:09
8461,114,405,follow,2025-03-09 10:32:52
8462,298,405,like,2025-03-09 11:07:59
8463,44,405,view,2025-03-09 10:48:58
8464,232,405,view,2025-03-09 10:37:01
8465,223,405,view,2025-03-09 10:05:33
8466,41,405,view,2025-03-09 10:41:35
8467,71,405,like,2025-03-09 10:15:41
8468,7,405,view,2025-03-09 11:44:52
8469,108,405,follow,2025-03-09 11:25:30
8470,249,405,follow,2025-03-09 10:07:13
8471,261,405,view,2025-03-09 10:42:08
8472,173,405,like,2025-03-09 10:24:36
8473,190,405,follow,2025-03-09 10:19:49
8474,198,406,view,2025-06-29 15:48:12
8475,200,406,like,2025-06-29 16:27:18
8476,80,406,view,2025-06-29 17:02:21
8477,202,406,view,2025-06-29 15:43:40
8478,120,406,view,2025-06-29 15:06:19
8479,181,406,view,2025-06-29 16:08:03
8480,171,406,like,2025-06-29 17:16:46
8481,150,406,like,2025-06-29 15:32:36
8482,232,406,like,2025-06-29 18:06:29
8483,232,406,view,2025-06-29 18:18:43
8484,30,406,view,2025-06-29 16:23:41
8485,117,406,view,2025-06-29 15:04:43
8486,246,406,view,2025-06-29 17:13:50
8487,267,406,follow,2025-06-29 16:51:07
8488,193,406,view,2025-06-29 15:09:17
8489,103,406,like,2025-06-29 18:26:31
8490,272,406,view,2025-06-29 18:23:07
8491,106,406,view,2025-06-29 17:11:22
8492,239,406,follow,2025-06-29 15:12:38
8493,243,406,like,2025-06-29 15:18:07
8494,293,406,like,2025-06-29 17:57:46
8495,279,406,like,2025-06-29 18:35:55
8496,32,406,view,2025-06-29 17:04:40
8497,188,406,view,2025-06-29 16:34:30
8498,163,406,view,2025-06-29 15:11:58
8499,14,406,view,2025-06-29 15:38:19
8500,170,406,follow,2025-06-29 17:30:47
8501,265,406,view,2025-06-29 15:04:32
8502,258,406,view,2025-06-29 15:09:02
8503,161,406,view,2025-06-29 15:12:30
8504,15,406,like,2025-06-29 17:35:38
8505,29,406,like,2025-06-29 15:20:03
8506,7,406,view,2025-06-29 16:27:04
8507,70,406,view,2025-06-29 18:31:13
8508,155,406,like,2025-06-29 15:05:01
8509,205,406,like,2025-06-29 15:52:43
8510,166,407,view,2025-08-25 09:20:32
8511,79,407,like,2025-08-25 10:12:41
8512,86,407,view,2025-08-25 11:23:58
8513,105,408,view,2025-06-30 23:42:38
8514,273,408,view,2025-07-01 00:51:21
8515,182,408,view,2025-06-30 23:30:55
8516,222,408,view,2025-06-30 23:35:48
8517,137,408,view,2025-06-30 22:57:46
8518,45,408,view,2025-06-30 23:16:48
8519,195,408,view,2025-06-30 22:57:56
8520,108,408,view,2025-07-01 00:00:19
8521,195,408,view,2025-06-30 23:05:20
8522,95,408,view,2025-07-01 00:05:16
8523,125,408,view,2025-07-01 01:08:22
8524,117,408,view,2025-06-30 23:13:50
8525,152,408,view,2025-07-01 01:51:28
8526,231,408,view,2025-07-01 00:52:00
8527,154,408,view,2025-06-30 22:55:37
8528,73,408,view,2025-06-30 23:09:56
8529,25,408,view,2025-07-01 00:29:58
8530,55,408,follow,2025-07-01 00:33:16
8531,84,408,view,2025-07-01 01:59:40
8532,32,408,follow,2025-06-30 23:43:10
8533,225,408,like,2025-06-30 23:39:02
8534,251,408,view,2025-06-30 23:12:38
8535,296,408,view,2025-06-30 23:43:31
8536,178,408,view,2025-07-01 00:58:44
8537,262,408,view,2025-07-01 01:43:15
8538,249,408,like,2025-07-01 00:32:52
8539,172,408,view,2025-06-30 22:58:44
8540,26,408,view,2025-06-30 23:13:50
8541,112,408,view,2025-06-30 23:59:40
8542,278,408,view,2025-07-01 01:28:32
8543,207,408,view,2025-06-30 23:29:29
8544,31,408,view,2025-06-30 23:57:29
8545,91,408,follow,2025-06-30 23:26:32
8546,108,408,follow,2025-07-01 00:43:06
8547,298,408,follow,2025-06-30 23:08:06
8548,18,408,like,2025-07-01 00:45:43
8549,26,408,view,2025-06-30 23:23:22
8550,272,408,like,2025-06-30 23:01:21
8551,15,408,view,2025-07-01 02:05:06
8552,230,409,view,2025-05-30 04:39:36
8553,151,409,like,2025-05-30 04:51:36
8554,300,409,view,2025-05-30 04:24:42
8555,136,409,view,2025-05-30 05:19:57
8556,140,409,view,2025-05-30 04:30:25
8557,275,409,like,2025-05-30 05:20:08
8558,84,409,view,2025-05-30 04:23:31
8559,299,409,view,2025-05-30 04:19:18
8560,295,409,view,2025-05-30 04:16:31
8561,201,409,follow,2025-05-30 04:22:19
8562,104,409,like,2025-05-30 04:35:03
8563,241,410,view,2025-04-23 03:26:23
8564,258,410,view,2025-04-23 02:06:14
8565,149,410,view,2025-04-23 02:27:32
8566,10,410,view,2025-04-23 02:38:03
8567,61,410,view,2025-04-23 02:16:02
8568,278,410,view,2025-04-23 02:39:13
8569,271,410,view,2025-04-23 02:36:57
8570,121,410,like,2025-04-23 03:40:34
8571,27,411,like,2025-03-24 18:42:10
8572,125,412,view,2025-03-21 15:33:44
8573,267,412,like,2025-03-21 14:59:37
8574,70,412,like,2025-03-21 16:30:37
8575,139,412,view,2025-03-21 14:14:18
8576,10,412,view,2025-03-21 15:56:19
8577,27,412,like,2025-03-21 14:43:20
8578,35,412,like,2025-03-21 14:02:21
8579,263,412,view,2025-03-21 15:37:28
8580,232,412,view,2025-03-21 15:41:56
8581,99,412,view,2025-03-21 16:41:01
8582,284,412,like,2025-03-21 14:40:56
8583,100,412,view,2025-03-21 14:18:04
8584,75,412,view,2025-03-21 14:11:13
8585,97,412,follow,2025-03-21 15:20:42
8586,208,412,follow,2025-03-21 15:01:54
8587,257,412,view,2025-03-21 16:12:19
8588,92,412,view,2025-03-21 16:02:23
8589,104,412,view,2025-03-21 14:03:17
8590,78,412,view,2025-03-21 14:16:31
8591,193,412,view,2025-03-21 14:13:26
8592,182,412,like,2025-03-21 15:41:50
8593,78,412,view,2025-03-21 16:39:43
8594,201,412,view,2025-03-21 14:13:12
8595,247,412,view,2025-03-21 14:05:45
8596,125,412,view,2025-03-21 14:13:29
8597,162,413,view,2025-06-10 00:04:49
8598,199,413,like,2025-06-09 23:25:41
8599,137,413,like,2025-06-09 23:16:35
8600,235,413,view,2025-06-09 23:26:54
8601,144,413,view,2025-06-10 00:16:07
8602,212,413,view,2025-06-09 23:39:46
8603,123,413,view,2025-06-09 23:47:35
8604,292,413,view,2025-06-09 23:17:27
8605,242,413,view,2025-06-09 23:01:20
8606,190,413,view,2025-06-09 23:59:49
8607,225,414,like,2025-04-27 21:19:27
8608,137,414,like,2025-04-27 21:56:30
8609,230,414,view,2025-04-27 20:58:38
8610,182,414,like,2025-04-27 22:26:43
8611,91,414,view,2025-04-27 22:12:11
8612,122,414,like,2025-04-27 21:00:47
8613,209,414,follow,2025-04-27 21:11:36
8614,133,414,like,2025-04-27 20:45:34
8615,50,414,view,2025-04-27 22:26:24
8616,248,414,view,2025-04-27 21:02:13
8617,179,414,view,2025-04-27 22:47:09
8618,105,415,view,2025-09-24 09:56:21
8619,56,415,view,2025-09-24 09:18:54
8620,181,415,like,2025-09-24 11:31:26
8621,265,415,view,2025-09-24 13:06:50
8622,154,415,like,2025-09-24 09:19:06
8623,121,415,follow,2025-09-24 10:04:19
8624,195,415,like,2025-09-24 10:15:38
8625,193,415,view,2025-09-24 09:21:16
8626,39,415,view,2025-09-24 09:20:47
8627,92,415,view,2025-09-24 11:03:41
8628,221,415,like,2025-09-24 11:42:06
8629,273,415,view,2025-09-24 12:22:38
8630,190,415,follow,2025-09-24 09:56:42
8631,82,415,view,2025-09-24 09:31:36
8632,238,415,view,2025-09-24 10:54:09
8633,146,415,view,2025-09-24 10:18:06
8634,62,415,like,2025-09-24 09:59:32
8635,134,415,like,2025-09-24 10:43:49
8636,59,415,like,2025-09-24 12:44:58
8637,266,415,follow,2025-09-24 09:26:05
8638,42,415,follow,2025-09-24 09:19:58
8639,227,415,like,2025-09-24 09:20:20
8640,174,416,view,2025-06-28 01:43:39
8641,274,416,follow,2025-06-28 00:18:14
8642,196,416,like,2025-06-28 02:40:11
8643,127,416,like,2025-06-28 00:36:29
8644,79,416,view,2025-06-28 02:03:16
8645,143,416,view,2025-06-28 00:04:08
8646,193,416,follow,2025-06-28 00:57:37
8647,213,416,view,2025-06-28 02:08:19
8648,28,416,like,2025-06-28 01:04:52
8649,185,416,view,2025-06-28 00:23:41
8650,96,416,follow,2025-06-28 02:29:33
8651,32,416,follow,2025-06-28 02:07:49
8652,146,416,view,2025-06-28 00:07:26
8653,288,416,follow,2025-06-28 00:48:48
8654,87,416,follow,2025-06-28 01:17:38
8655,113,416,view,2025-06-28 00:08:49
8656,89,416,follow,2025-06-28 00:09:13
8657,170,416,like,2025-06-28 02:43:17
8658,232,416,like,2025-06-28 01:54:18
8659,199,416,view,2025-06-28 00:35:31
8660,209,416,view,2025-06-28 00:48:32
8661,73,416,view,2025-06-28 00:56:06
8662,166,416,view,2025-06-28 00:03:31
8663,101,416,like,2025-06-28 00:29:26
8664,224,416,follow,2025-06-28 00:41:57
8665,82,417,view,2025-05-27 04:04:24
8666,122,417,view,2025-05-27 01:52:54
8667,38,417,follow,2025-05-27 01:41:20
8668,244,417,like,2025-05-27 04:51:30
8669,1,417,view,2025-05-27 03:45:23
8670,285,417,view,2025-05-27 03:00:59
8671,175,417,like,2025-05-27 01:51:51
8672,269,417,view,2025-05-27 01:49:20
8673,242,417,like,2025-05-27 02:04:47
8674,5,417,like,2025-05-27 02:47:00
8675,104,417,view,2025-05-27 01:50:00
8676,34,417,view,2025-05-27 01:57:17
8677,195,417,view,2025-05-27 02:03:19
8678,125,417,view,2025-05-27 02:01:59
8679,7,417,view,2025-05-27 01:50:27
8680,54,417,view,2025-05-27 02:11:43
8681,206,417,view,2025-05-27 03:01:34
8682,78,417,view,2025-05-27 02:04:49
8683,248,417,view,2025-05-27 01:55:45
8684,90,417,like,2025-05-27 04:10:12
8685,296,417,view,2025-05-27 02:13:00
8686,99,417,view,2025-05-27 03:07:45
8687,170,417,view,2025-05-27 01:36:32
8688,187,417,like,2025-05-27 05:26:59
8689,129,417,view,2025-05-27 02:36:02
8690,271,417,view,2025-05-27 01:54:45
8691,4,417,follow,2025-05-27 01:40:06
8692,257,417,like,2025-05-27 01:52:53
8693,162,417,view,2025-05-27 01:54:35
8694,3,417,like,2025-05-27 03:03:29
8695,139,417,like,2025-05-27 02:19:52
8696,33,417,view,2025-05-27 02:31:31
8697,227,417,view,2025-05-27 02:57:53
8698,91,417,view,2025-05-27 01:39:07
8699,204,418,view,2025-01-25 09:40:55
8700,158,418,view,2025-01-25 11:46:29
8701,298,418,like,2025-01-25 11:48:57
8702,276,418,view,2025-01-25 11:57:41
8703,258,419,view,2025-01-20 12:17:43
8704,258,419,view,2025-01-20 12:19:52
8705,46,419,view,2025-01-20 12:03:30
8706,238,419,view,2025-01-20 13:00:25
8707,171,419,follow,2025-01-20 11:37:04
8708,35,419,follow,2025-01-20 13:52:53
8709,283,419,like,2025-01-20 11:39:51
8710,267,420,view,2025-06-26 03:59:56
8711,167,420,follow,2025-06-26 03:32:59
8712,284,420,like,2025-06-26 03:32:17
8713,101,420,view,2025-06-26 05:11:24
8714,29,420,like,2025-06-26 05:47:31
8715,239,420,like,2025-06-26 03:37:24
8716,85,420,view,2025-06-26 04:27:53
8717,222,420,follow,2025-06-26 04:13:02
8718,289,420,like,2025-06-26 03:32:00
8719,240,420,view,2025-06-26 03:28:15
8720,125,420,view,2025-06-26 04:54:22
8721,96,420,view,2025-06-26 04:11:37
8722,237,420,view,2025-06-26 03:51:55
8723,282,420,view,2025-06-26 04:43:41
8724,209,420,view,2025-06-26 03:14:23
8725,91,420,view,2025-06-26 04:32:14
8726,175,420,view,2025-06-26 04:06:36
8727,180,420,view,2025-06-26 04:03:36
8728,161,420,view,2025-06-26 04:22:05
8729,205,420,follow,2025-06-26 03:54:27
8730,114,420,view,2025-06-26 03:43:03
8731,133,420,like,2025-06-26 06:41:54
8732,147,420,view,2025-06-26 03:35:36
8733,94,421,like,2025-07-21 22:39:41
8734,35,421,view,2025-07-22 00:00:12
8735,63,421,view,2025-07-21 22:26:09
8736,257,421,follow,2025-07-21 23:02:02
8737,201,421,view,2025-07-21 23:49:41
8738,217,421,view,2025-07-21 23:10:14
8739,235,421,like,2025-07-21 23:45:54
8740,97,421,view,2025-07-22 00:11:56
8741,278,421,view,2025-07-21 23:15:17
8742,105,421,view,2025-07-21 22:30:26
8743,274,421,view,2025-07-22 00:21:30
8744,285,421,view,2025-07-22 00:02:42
8745,39,421,view,2025-07-22 00:08:38
8746,206,421,like,2025-07-21 22:40:30
8747,95,421,view,2025-07-21 23:28:21
8748,252,421,view,2025-07-21 22:47:20
8749,157,421,like,2025-07-21 23:25:35
8750,114,421,follow,2025-07-21 22:30:29
8751,152,421,view,2025-07-21 23:04:41
8752,300,421,view,2025-07-22 01:15:10
8753,259,421,like,2025-07-21 22:29:37
8754,118,421,follow,2025-07-21 22:36:00
8755,90,421,view,2025-07-21 22:26:35
8756,52,421,view,2025-07-21 22:58:42
8757,64,421,follow,2025-07-21 22:29:17
8758,93,421,like,2025-07-21 22:45:14
8759,6,422,view,2025-05-24 20:20:44
8760,20,422,view,2025-05-24 20:41:02
8761,96,422,view,2025-05-24 19:27:46
8762,77,422,like,2025-05-24 21:28:34
8763,83,422,view,2025-05-24 19:23:15
8764,129,422,follow,2025-05-24 19:54:23
8765,104,422,view,2025-05-24 19:12:00
8766,285,422,view,2025-05-24 19:25:33
8767,60,422,view,2025-05-24 21:54:52
8768,268,422,view,2025-05-24 19:50:40
8769,132,422,view,2025-05-24 20:59:41
8770,79,422,like,2025-05-24 20:00:41
8771,152,422,view,2025-05-24 20:19:44
8772,179,422,view,2025-05-24 19:23:09
8773,93,422,view,2025-05-24 19:25:16
8774,183,422,view,2025-05-24 20:23:52
8775,165,422,view,2025-05-24 19:54:31
8776,3,422,view,2025-05-24 19:43:39
8777,210,422,like,2025-05-24 19:17:32
8778,33,422,follow,2025-05-24 19:29:01
8779,1,422,follow,2025-05-24 19:14:50
8780,55,422,view,2025-05-24 20:00:56
8781,92,422,view,2025-05-24 20:41:21
8782,218,422,view,2025-05-24 19:46:28
8783,89,422,like,2025-05-24 19:57:48
8784,55,422,view,2025-05-24 21:06:59
8785,168,422,like,2025-05-24 20:53:00
8786,205,422,view,2025-05-24 19:16:33
8787,263,422,view,2025-05-24 20:37:41
8788,44,422,follow,2025-05-24 19:38:07
8789,197,422,view,2025-05-24 20:21:28
8790,104,422,follow,2025-05-24 21:20:29
8791,161,422,view,2025-05-24 20:28:56
8792,28,422,follow,2025-05-24 20:50:48
8793,121,422,like,2025-05-24 19:12:05
8794,60,422,view,2025-05-24 19:29:18
8795,19,423,view,2025-08-06 16:22:24
8796,281,423,view,2025-08-06 16:51:28
8797,294,423,like,2025-08-06 16:41:00
8798,157,423,like,2025-08-06 17:19:57
8799,189,423,follow,2025-08-06 17:09:11
8800,174,423,view,2025-08-06 16:26:56
8801,189,423,view,2025-08-06 16:23:11
8802,255,423,follow,2025-08-06 18:35:43
8803,239,423,view,2025-08-06 18:29:21
8804,164,423,follow,2025-08-06 17:30:35
8805,267,423,like,2025-08-06 17:14:37
8806,239,423,view,2025-08-06 17:35:55
8807,87,423,follow,2025-08-06 18:14:13
8808,58,423,like,2025-08-06 16:33:12
8809,272,423,follow,2025-08-06 16:09:43
8810,126,423,like,2025-08-06 16:12:28
8811,39,423,like,2025-08-06 16:56:41
8812,75,423,view,2025-08-06 19:52:14
8813,107,423,like,2025-08-06 18:58:22
8814,277,423,follow,2025-08-06 17:54:09
8815,152,423,view,2025-08-06 17:01:23
8816,136,423,follow,2025-08-06 16:12:13
8817,293,423,view,2025-08-06 16:57:34
8818,161,423,view,2025-08-06 16:35:48
8819,21,423,like,2025-08-06 16:40:16
8820,96,423,view,2025-08-06 18:57:30
8821,25,423,like,2025-08-06 16:49:50
8822,113,423,like,2025-08-06 16:11:16
8823,58,423,view,2025-08-06 16:23:57
8824,15,423,view,2025-08-06 18:59:23
8825,19,423,follow,2025-08-06 18:35:46
8826,120,423,like,2025-08-06 16:07:05
8827,87,424,view,2025-09-16 00:47:43
8828,74,424,like,2025-09-15 23:07:09
8829,144,424,view,2025-09-15 23:14:53
8830,242,424,follow,2025-09-16 00:12:53
8831,229,424,view,2025-09-15 23:07:32
8832,15,424,view,2025-09-15 23:15:35
8833,3,424,like,2025-09-15 23:36:36
8834,223,424,view,2025-09-16 00:50:25
8835,208,424,view,2025-09-15 22:55:20
8836,108,424,like,2025-09-15 22:58:47
8837,126,424,view,2025-09-15 23:53:42
8838,219,424,like,2025-09-15 22:57:27
8839,163,424,view,2025-09-15 23:00:53
8840,194,424,follow,2025-09-15 23:07:05
8841,224,424,like,2025-09-15 22:58:58
8842,291,424,view,2025-09-16 01:25:10
8843,269,424,like,2025-09-15 23:05:42
8844,94,424,view,2025-09-15 22:59:03
8845,177,424,view,2025-09-15 23:43:40
8846,228,424,view,2025-09-16 00:14:13
8847,47,424,view,2025-09-15 22:53:00
8848,69,424,view,2025-09-15 23:52:45
8849,103,424,view,2025-09-15 22:59:21
8850,122,424,like,2025-09-16 01:14:30
8851,64,424,like,2025-09-15 23:37:36
8852,274,424,view,2025-09-15 22:52:55
8853,158,425,like,2025-09-18 02:50:17
8854,198,425,like,2025-09-18 02:00:00
8855,210,425,view,2025-09-18 04:51:32
8856,261,425,view,2025-09-18 02:37:36
8857,243,425,like,2025-09-18 02:16:07
8858,300,425,view,2025-09-18 04:03:58
8859,110,425,like,2025-09-18 02:57:15
8860,69,425,view,2025-09-18 02:44:02
8861,213,425,view,2025-09-18 04:26:39
8862,89,425,like,2025-09-18 02:25:19
8863,253,425,view,2025-09-18 02:22:18
8864,86,425,follow,2025-09-18 04:39:14
8865,72,425,like,2025-09-18 03:37:34
8866,215,425,view,2025-09-18 02:04:59
8867,191,425,like,2025-09-18 02:58:59
8868,76,425,like,2025-09-18 03:26:14
8869,263,425,view,2025-09-18 02:55:38
8870,80,425,follow,2025-09-18 01:59:24
8871,142,425,view,2025-09-18 02:51:44
8872,120,425,follow,2025-09-18 04:59:56
8873,96,425,view,2025-09-18 03:49:12
8874,250,425,like,2025-09-18 03:36:36
8875,148,425,view,2025-09-18 02:31:18
8876,46,425,view,2025-09-18 02:05:26
8877,108,425,view,2025-09-18 01:59:57
8878,45,425,view,2025-09-18 02:06:21
8879,131,425,like,2025-09-18 03:40:22
8880,177,425,view,2025-09-18 02:20:17
8881,217,426,like,2025-04-16 15:53:03
8882,170,426,view,2025-04-16 19:00:06
8883,99,426,like,2025-04-16 15:56:50
8884,178,426,view,2025-04-16 15:50:46
8885,33,426,view,2025-04-16 16:29:01
8886,278,426,view,2025-04-16 15:43:49
8887,180,426,like,2025-04-16 17:57:12
8888,234,426,like,2025-04-16 17:39:32
8889,155,426,view,2025-04-16 15:47:21
8890,294,426,view,2025-04-16 16:04:22
8891,80,426,view,2025-04-16 16:57:30
8892,155,426,view,2025-04-16 16:36:42
8893,26,426,follow,2025-04-16 16:35:09
8894,172,426,view,2025-04-16 15:45:22
8895,136,426,view,2025-04-16 16:40:56
8896,176,427,like,2025-03-07 18:42:38
8897,243,427,view,2025-03-07 19:33:24
8898,205,427,view,2025-03-07 18:44:55
8899,180,427,view,2025-03-07 17:51:44
8900,236,427,view,2025-03-07 18:52:32
8901,96,427,like,2025-03-07 21:40:34
8902,257,427,view,2025-03-07 18:01:51
8903,201,427,like,2025-03-07 18:16:09
8904,279,427,view,2025-03-07 17:56:12
8905,125,427,view,2025-03-07 19:55:42
8906,202,427,view,2025-03-07 18:16:33
8907,265,427,view,2025-03-07 20:01:31
8908,182,427,view,2025-03-07 18:32:41
8909,70,427,view,2025-03-07 18:19:54
8910,194,427,view,2025-03-07 18:20:22
8911,27,427,view,2025-03-07 17:54:14
8912,129,427,follow,2025-03-07 18:25:55
8913,263,427,view,2025-03-07 20:40:15
8914,300,427,like,2025-03-07 18:14:16
8915,179,427,follow,2025-03-07 18:46:45
8916,2,427,view,2025-03-07 18:01:29
8917,68,427,view,2025-03-07 18:21:07
8918,200,427,view,2025-03-07 19:04:50
8919,261,427,like,2025-03-07 18:05:55
8920,264,427,follow,2025-03-07 18:20:11
8921,152,427,view,2025-03-07 18:02:45
8922,160,427,like,2025-03-07 20:05:04
8923,290,427,view,2025-03-07 18:00:03
8924,41,427,like,2025-03-07 19:43:47
8925,45,428,follow,2025-05-14 06:56:30
8926,86,428,view,2025-05-14 06:42:10
8927,73,428,view,2025-05-14 08:12:08
8928,10,428,view,2025-05-14 07:02:02
8929,15,429,view,2025-05-01 20:11:09
8930,148,429,follow,2025-05-01 20:46:59
8931,126,429,view,2025-05-01 20:05:24
8932,219,429,view,2025-05-01 20:54:22
8933,225,429,follow,2025-05-01 19:51:48
8934,59,429,view,2025-05-01 20:37:40
8935,273,429,view,2025-05-01 19:54:01
8936,73,429,follow,2025-05-01 20:23:17
8937,146,429,view,2025-05-01 21:02:37
8938,107,429,follow,2025-05-01 21:35:16
8939,143,429,like,2025-05-01 19:49:18
8940,170,429,view,2025-05-01 22:01:11
8941,1,429,view,2025-05-01 19:58:31
8942,120,429,like,2025-05-01 20:43:44
8943,79,429,view,2025-05-01 19:53:46
8944,259,429,view,2025-05-01 20:20:12
8945,123,429,like,2025-05-01 20:13:16
8946,1,429,follow,2025-05-01 21:37:51
8947,72,429,view,2025-05-01 21:37:23
8948,283,429,like,2025-05-01 20:50:49
8949,239,429,view,2025-05-01 19:54:37
8950,155,429,view,2025-05-01 22:32:46
8951,1,429,view,2025-05-01 20:41:02
8952,203,429,like,2025-05-01 19:51:53
8953,183,429,like,2025-05-01 20:24:52
8954,103,429,follow,2025-05-01 19:57:11
8955,119,429,like,2025-05-01 22:31:18
8956,41,429,view,2025-05-01 19:53:49
8957,271,429,view,2025-05-01 19:49:55
8958,264,430,view,2025-01-31 07:01:46
8959,29,430,follow,2025-01-31 06:29:55
8960,225,430,view,2025-01-31 06:14:44
8961,226,430,view,2025-01-31 06:21:58
8962,47,430,follow,2025-01-31 08:09:46
8963,136,430,view,2025-01-31 06:29:23
8964,224,430,like,2025-01-31 06:11:16
8965,9,430,view,2025-01-31 06:36:50
8966,300,430,follow,2025-01-31 06:23:12
8967,270,430,like,2025-01-31 06:58:56
8968,5,430,view,2025-01-31 06:11:25
8969,112,430,view,2025-01-31 08:01:57
8970,86,430,view,2025-01-31 06:26:38
8971,87,430,view,2025-01-31 06:58:11
8972,133,430,view,2025-01-31 06:15:32
8973,196,430,view,2025-01-31 08:20:34
8974,41,430,view,2025-01-31 06:09:11
8975,27,430,like,2025-01-31 09:07:12
8976,237,430,like,2025-01-31 06:28:06
8977,129,430,view,2025-01-31 06:14:01
8978,13,431,view,2025-07-30 04:14:56
8979,292,431,view,2025-07-30 03:29:01
8980,186,431,like,2025-07-30 06:02:18
8981,96,431,follow,2025-07-30 04:11:01
8982,237,431,view,2025-07-30 03:46:09
8983,174,431,follow,2025-07-30 03:45:32
8984,294,431,view,2025-07-30 03:47:12
8985,24,431,like,2025-07-30 03:31:34
8986,123,431,view,2025-07-30 03:36:01
8987,219,431,follow,2025-07-30 03:54:49
8988,89,431,view,2025-07-30 03:27:43
8989,250,431,follow,2025-07-30 04:53:53
8990,228,432,follow,2025-06-09 05:11:19
8991,245,432,view,2025-06-09 06:04:24
8992,280,432,view,2025-06-09 07:50:38
8993,235,432,like,2025-06-09 08:10:21
8994,22,432,like,2025-06-09 05:23:47
8995,137,432,view,2025-06-09 05:11:21
8996,135,432,like,2025-06-09 05:12:46
8997,79,432,like,2025-06-09 05:54:35
8998,71,432,view,2025-06-09 05:29:03
8999,210,432,like,2025-06-09 05:16:02
9000,284,432,follow,2025-06-09 06:30:05
9001,184,432,like,2025-06-09 06:51:27
9002,212,432,like,2025-06-09 05:32:48
9003,37,432,view,2025-06-09 05:17:22
9004,234,432,view,2025-06-09 05:11:42
9005,255,432,like,2025-06-09 07:03:54
9006,61,432,like,2025-06-09 05:04:14
9007,156,432,like,2025-06-09 05:17:50
9008,3,432,view,2025-06-09 05:46:38
9009,149,432,like,2025-06-09 06:11:37
9010,223,432,view,2025-06-09 06:18:51
9011,102,432,view,2025-06-09 05:21:33
9012,255,432,follow,2025-06-09 05:58:03
9013,225,432,view,2025-06-09 06:23:40
9014,115,432,like,2025-06-09 05:41:49
9015,183,432,follow,2025-06-09 05:12:32
9016,257,432,view,2025-06-09 06:00:14
9017,262,432,like,2025-06-09 06:50:32
9018,38,432,view,2025-06-09 06:32:20
9019,98,432,like,2025-06-09 06:30:20
9020,237,432,view,2025-06-09 06:10:13
9021,152,432,view,2025-06-09 07:13:47
9022,57,432,like,2025-06-09 06:49:22
9023,8,432,follow,2025-06-09 06:52:02
9024,126,432,view,2025-06-09 06:40:01
9025,264,433,like,2025-09-07 18:09:22
9026,97,433,like,2025-09-07 19:57:43
9027,289,433,view,2025-09-07 19:19:23
9028,47,433,like,2025-09-07 18:43:26
9029,56,433,like,2025-09-07 18:46:28
9030,268,433,follow,2025-09-07 17:55:53
9031,44,433,view,2025-09-07 19:13:30
9032,185,433,follow,2025-09-07 20:20:14
9033,166,434,view,2025-05-04 01:24:39
9034,9,434,view,2025-05-04 01:07:26
9035,37,434,like,2025-05-04 00:52:42
9036,175,434,like,2025-05-04 00:49:56
9037,164,434,view,2025-05-04 00:57:45
9038,183,434,view,2025-05-04 01:57:00
9039,239,434,view,2025-05-04 02:54:10
9040,81,434,view,2025-05-04 02:04:13
9041,161,434,view,2025-05-04 01:44:31
9042,79,434,view,2025-05-04 00:19:59
9043,71,434,view,2025-05-04 01:30:13
9044,44,434,view,2025-05-04 01:54:15
9045,62,434,view,2025-05-04 02:28:32
9046,98,434,follow,2025-05-04 01:00:50
9047,186,435,follow,2025-08-16 06:47:03
9048,181,435,like,2025-08-16 04:51:39
9049,48,435,view,2025-08-16 05:25:04
9050,44,435,view,2025-08-16 06:46:05
9051,78,435,view,2025-08-16 06:46:25
9052,86,435,view,2025-08-16 05:14:34
9053,102,435,view,2025-08-16 05:42:38
9054,141,435,like,2025-08-16 04:57:10
9055,43,435,view,2025-08-16 05:23:52
9056,15,435,follow,2025-08-16 05:18:41
9057,251,435,view,2025-08-16 05:40:59
9058,125,436,follow,2025-06-03 05:02:10
9059,296,436,like,2025-06-03 05:06:54
9060,162,436,view,2025-06-03 06:58:18
9061,205,436,view,2025-06-03 05:04:09
9062,206,436,view,2025-06-03 06:36:08
9063,112,436,like,2025-06-03 07:05:59
9064,256,436,follow,2025-06-03 07:21:20
9065,279,436,follow,2025-06-03 05:57:15
9066,197,436,view,2025-06-03 06:40:32
9067,295,436,view,2025-06-03 05:25:36
9068,4,436,view,2025-06-03 07:17:30
9069,168,436,view,2025-06-03 05:09:33
9070,94,436,view,2025-06-03 07:14:13
9071,108,436,view,2025-06-03 04:57:07
9072,248,436,follow,2025-06-03 04:57:29
9073,144,436,follow,2025-06-03 06:23:51
9074,54,436,like,2025-06-03 06:30:00
9075,268,436,like,2025-06-03 06:16:46
9076,181,436,like,2025-06-03 06:57:44
9077,186,436,view,2025-06-03 05:06:33
9078,181,436,view,2025-06-03 08:39:45
9079,150,436,like,2025-06-03 05:16:14
9080,60,436,view,2025-06-03 07:28:21
9081,96,436,view,2025-06-03 07:13:44
9082,22,436,view,2025-06-03 06:06:23
9083,72,436,view,2025-06-03 08:05:49
9084,137,436,like,2025-06-03 07:46:09
9085,37,436,like,2025-06-03 05:06:52
9086,177,436,view,2025-06-03 05:48:27
9087,277,436,like,2025-06-03 05:32:35
9088,105,436,view,2025-06-03 06:06:51
9089,55,436,view,2025-06-03 05:12:37
9090,113,436,view,2025-06-03 05:08:11
9091,98,436,view,2025-06-03 05:24:56
9092,178,436,view,2025-06-03 06:54:07
9093,260,436,view,2025-06-03 05:30:46
9094,87,437,like,2025-03-15 00:08:28
9095,166,437,view,2025-03-14 22:18:35
9096,38,437,view,2025-03-14 22:13:02
9097,21,437,view,2025-03-14 22:19:07
9098,208,437,like,2025-03-14 22:32:53
9099,150,437,like,2025-03-14 21:56:09
9100,131,437,view,2025-03-14 22:34:20
9101,121,437,follow,2025-03-14 21:38:06
9102,139,437,follow,2025-03-14 21:42:03
9103,82,438,view,2025-06-21 02:08:39
9104,81,438,view,2025-06-20 23:56:14
9105,178,438,view,2025-06-20 22:59:06
9106,38,438,view,2025-06-20 23:04:05
9107,253,438,view,2025-06-20 23:15:44
9108,275,438,like,2025-06-20 23:07:37
9109,265,438,view,2025-06-21 00:57:13
9110,224,438,like,2025-06-21 00:26:48
9111,171,438,view,2025-06-20 22:57:53
9112,185,438,view,2025-06-21 00:17:30
9113,30,438,like,2025-06-20 23:36:59
9114,112,438,like,2025-06-20 23:25:19
9115,286,438,like,2025-06-20 23:04:47
9116,7,438,view,2025-06-21 00:48:35
9117,182,438,follow,2025-06-20 23:27:40
9118,6,439,view,2025-08-06 06:56:56
9119,101,439,view,2025-08-06 06:48:03
9120,44,439,like,2025-08-06 08:20:38
9121,78,439,like,2025-08-06 06:31:44
9122,165,439,view,2025-08-06 09:43:30
9123,133,439,like,2025-08-06 07:13:59
9124,94,439,view,2025-08-06 07:28:19
9125,173,439,view,2025-08-06 06:23:31
9126,148,439,follow,2025-08-06 06:14:24
9127,235,439,view,2025-08-06 07:12:55
9128,62,439,follow,2025-08-06 06:10:04
9129,66,439,like,2025-08-06 06:21:14
9130,298,439,view,2025-08-06 07:21:23
9131,145,441,follow,2025-02-28 10:36:36
9132,59,441,like,2025-02-28 10:34:10
9133,99,441,like,2025-02-28 12:32:08
9134,199,441,follow,2025-02-28 11:37:32
9135,254,441,view,2025-02-28 11:23:38
9136,126,442,view,2025-09-07 08:11:18
9137,232,442,like,2025-09-07 07:44:10
9138,9,442,view,2025-09-07 07:34:34
9139,228,442,view,2025-09-07 08:05:54
9140,227,442,like,2025-09-07 09:12:07
9141,72,442,like,2025-09-07 08:44:37
9142,259,442,like,2025-09-07 07:55:08
9143,286,442,view,2025-09-07 10:37:34
9144,264,442,view,2025-09-07 08:34:33
9145,255,442,like,2025-09-07 07:53:59
9146,14,442,view,2025-09-07 07:43:05
9147,8,442,view,2025-09-07 08:09:46
9148,26,442,view,2025-09-07 09:04:57
9149,149,442,view,2025-09-07 08:47:52
9150,271,442,follow,2025-09-07 09:21:57
9151,230,442,like,2025-09-07 08:56:47
9152,95,442,like,2025-09-07 08:09:26
9153,42,442,view,2025-09-07 07:34:18
9154,18,442,view,2025-09-07 09:48:40
9155,264,442,view,2025-09-07 07:33:37
9156,254,442,view,2025-09-07 08:07:04
9157,221,443,like,2025-06-05 09:14:08
9158,16,443,view,2025-06-05 08:38:04
9159,96,443,like,2025-06-05 10:59:13
9160,83,443,view,2025-06-05 08:04:57
9161,58,443,like,2025-06-05 08:28:51
9162,124,443,like,2025-06-05 07:25:18
9163,23,443,view,2025-06-05 08:21:05
9164,164,443,view,2025-06-05 07:35:27
9165,45,443,view,2025-06-05 08:54:39
9166,218,443,view,2025-06-05 07:16:53
9167,119,443,view,2025-06-05 10:09:50
9168,283,443,view,2025-06-05 07:36:12
9169,226,443,follow,2025-06-05 08:35:25
9170,284,443,like,2025-06-05 07:25:53
9171,260,443,view,2025-06-05 07:11:32
9172,69,443,follow,2025-06-05 08:40:04
9173,149,443,view,2025-06-05 10:05:00
9174,183,443,view,2025-06-05 07:15:33
9175,103,443,follow,2025-06-05 08:27:49
9176,240,443,view,2025-06-05 08:19:06
9177,230,443,view,2025-06-05 09:20:06
9178,296,443,like,2025-06-05 07:30:38
9179,95,443,view,2025-06-05 10:00:47
9180,158,443,view,2025-06-05 07:13:44
9181,31,443,like,2025-06-05 07:17:32
9182,171,443,view,2025-06-05 10:03:57
9183,211,443,like,2025-06-05 08:40:26
9184,151,443,like,2025-06-05 07:17:15
9185,73,443,view,2025-06-05 08:26:00
9186,214,443,view,2025-06-05 08:49:51
9187,255,443,follow,2025-06-05 09:01:37
9188,67,443,view,2025-06-05 07:48:47
9189,275,443,view,2025-06-05 10:24:06
9190,289,443,view,2025-06-05 09:35:15
9191,88,443,view,2025-06-05 09:16:32
9192,7,443,follow,2025-06-05 10:36:04
9193,289,443,view,2025-06-05 10:28:30
9194,173,443,view,2025-06-05 07:13:10
9195,72,444,view,2025-06-08 16:20:27
9196,93,444,view,2025-06-08 16:28:05
9197,97,444,like,2025-06-08 16:38:03
9198,289,444,follow,2025-06-08 18:42:48
9199,97,444,view,2025-06-08 17:27:26
9200,50,444,view,2025-06-08 16:46:06
9201,126,444,like,2025-06-08 18:08:15
9202,5,444,view,2025-06-08 17:18:53
9203,108,444,like,2025-06-08 16:41:51
9204,155,444,follow,2025-06-08 16:45:07
9205,139,444,view,2025-06-08 16:29:25
9206,56,444,view,2025-06-08 17:15:30
9207,173,444,view,2025-06-08 16:52:13
9208,112,444,view,2025-06-08 16:37:51
9209,194,444,view,2025-06-08 16:56:29
9210,246,444,like,2025-06-08 16:58:52
9211,143,444,like,2025-06-08 18:19:53
9212,54,444,view,2025-06-08 18:13:49
9213,273,444,like,2025-06-08 17:03:17
9214,212,444,like,2025-06-08 17:17:42
9215,180,444,view,2025-06-08 18:56:20
9216,81,444,like,2025-06-08 18:05:20
9217,289,444,view,2025-06-08 16:49:25
9218,252,444,like,2025-06-08 17:04:03
9219,117,444,view,2025-06-08 16:26:00
9220,3,444,view,2025-06-08 17:03:57
9221,171,445,follow,2025-06-16 19:32:20
9222,276,445,view,2025-06-16 16:56:45
9223,142,445,view,2025-06-16 17:03:21
9224,82,445,follow,2025-06-16 17:55:32
9225,256,445,like,2025-06-16 16:44:39
9226,51,445,view,2025-06-16 17:16:48
9227,116,445,view,2025-06-16 16:31:54
9228,289,445,view,2025-06-16 17:35:07
9229,167,445,view,2025-06-16 16:19:14
9230,267,445,like,2025-06-16 17:14:36
9231,101,445,view,2025-06-16 17:28:20
9232,258,445,follow,2025-06-16 16:41:23
9233,73,445,follow,2025-06-16 17:22:55
9234,223,445,like,2025-06-16 17:59:19
9235,227,445,view,2025-06-16 19:02:57
9236,184,445,view,2025-06-16 18:20:06
9237,259,445,view,2025-06-16 17:25:25
9238,33,445,view,2025-06-16 17:29:29
9239,237,445,follow,2025-06-16 17:46:37
9240,239,445,follow,2025-06-16 16:54:12
9241,75,445,view,2025-06-16 17:06:17
9242,163,445,view,2025-06-16 17:05:36
9243,48,445,view,2025-06-16 19:49:18
9244,104,445,view,2025-06-16 16:18:05
9245,211,445,view,2025-06-16 16:41:14
9246,86,445,follow,2025-06-16 16:15:34
9247,70,445,view,2025-06-16 16:56:15
9248,218,445,like,2025-06-16 16:24:46
9249,33,445,like,2025-06-16 18:05:02
9250,34,445,like,2025-06-16 18:06:09
9251,284,445,view,2025-06-16 17:47:42
9252,54,445,like,2025-06-16 17:12:38
9253,208,445,like,2025-06-16 19:30:55
9254,79,445,view,2025-06-16 16:16:28
9255,245,445,view,2025-06-16 17:28:11
9256,217,445,view,2025-06-16 16:21:14
9257,152,445,like,2025-06-16 19:55:36
9258,194,446,like,2025-07-05 10:48:44
9259,281,446,follow,2025-07-05 10:51:59
9260,196,446,follow,2025-07-05 11:52:34
9261,274,446,view,2025-07-05 10:44:33
9262,20,446,follow,2025-07-05 11:39:29
9263,87,446,view,2025-07-05 11:40:08
9264,96,446,like,2025-07-05 11:25:17
9265,80,446,like,2025-07-05 11:00:11
9266,238,446,view,2025-07-05 11:06:35
9267,190,446,view,2025-07-05 10:44:54
9268,125,446,view,2025-07-05 10:32:54
9269,216,446,view,2025-07-05 13:51:16
9270,102,447,like,2025-02-06 01:55:51
9271,164,447,view,2025-02-06 02:27:53
9272,282,447,follow,2025-02-06 04:23:36
9273,23,447,view,2025-02-06 03:11:50
9274,51,447,view,2025-02-06 01:47:53
9275,215,447,like,2025-02-06 01:46:20
9276,144,447,like,2025-02-06 01:51:39
9277,14,447,like,2025-02-06 01:43:23
9278,148,448,like,2025-02-12 12:10:15
9279,45,448,like,2025-02-12 13:40:08
9280,178,448,view,2025-02-12 13:06:57
9281,20,448,follow,2025-02-12 14:24:34
9282,66,448,like,2025-02-12 12:21:17
9283,15,448,view,2025-02-12 12:46:03
9284,92,449,like,2025-05-16 04:38:41
9285,42,449,view,2025-05-16 04:21:15
9286,135,449,view,2025-05-16 05:46:53
9287,261,449,view,2025-05-16 06:45:09
9288,272,449,view,2025-05-16 05:38:48
9289,68,449,view,2025-05-16 04:06:04
9290,248,449,view,2025-05-16 04:30:34
9291,268,449,like,2025-05-16 05:18:44
9292,57,449,view,2025-05-16 04:31:42
9293,18,449,view,2025-05-16 04:54:49
9294,66,449,like,2025-05-16 04:18:11
9295,247,449,follow,2025-05-16 04:39:17
9296,140,449,view,2025-05-16 04:56:24
9297,181,449,like,2025-05-16 04:05:17
9298,299,449,like,2025-05-16 05:43:18
9299,189,449,view,2025-05-16 04:20:26
9300,3,450,view,2025-08-11 20:57:47
9301,236,450,view,2025-08-11 18:40:41
9302,49,450,like,2025-08-11 18:09:33
9303,230,450,view,2025-08-11 17:54:55
9304,25,450,view,2025-08-11 18:05:03
9305,71,450,view,2025-08-11 17:54:41
9306,34,450,like,2025-08-11 19:15:48
9307,76,450,view,2025-08-11 18:06:56
9308,83,450,like,2025-08-11 18:02:12
9309,191,450,follow,2025-08-11 17:47:15
9310,162,450,view,2025-08-11 18:29:18
9311,268,450,like,2025-08-11 17:55:19
9312,75,451,follow,2025-06-14 01:53:27
9313,55,451,view,2025-06-14 00:37:51
9314,218,451,follow,2025-06-14 01:54:39
9315,156,451,follow,2025-06-14 00:26:09
9316,82,451,view,2025-06-14 00:39:59
9317,286,451,view,2025-06-14 01:38:33
9318,246,451,view,2025-06-14 00:28:49
9319,77,451,view,2025-06-14 00:26:52
9320,222,451,like,2025-06-14 00:28:48
9321,213,451,view,2025-06-14 01:22:51
9322,254,451,follow,2025-06-14 01:54:36
9323,35,451,view,2025-06-14 01:58:26
9324,67,451,follow,2025-06-14 01:06:51
9325,44,451,view,2025-06-14 00:40:52
9326,25,451,view,2025-06-14 02:33:01
9327,175,451,like,2025-06-14 03:11:58
9328,264,451,like,2025-06-14 00:25:37
9329,250,451,like,2025-06-14 01:02:29
9330,235,451,like,2025-06-14 00:20:14
9331,17,451,follow,2025-06-14 00:25:36
9332,259,451,view,2025-06-14 00:50:03
9333,123,452,view,2025-05-27 23:14:04
9334,81,452,view,2025-05-28 00:43:25
9335,277,452,like,2025-05-28 00:26:44
9336,217,452,follow,2025-05-27 23:26:03
9337,35,452,follow,2025-05-28 01:17:47
9338,160,452,view,2025-05-27 23:09:54
9339,19,452,view,2025-05-27 23:03:36
9340,250,452,view,2025-05-27 23:08:55
9341,47,452,view,2025-05-27 23:19:04
9342,23,452,view,2025-05-28 00:04:12
9343,190,452,like,2025-05-28 01:04:40
9344,201,452,view,2025-05-27 23:02:31
9345,50,453,like,2025-05-10 00:57:50
9346,294,453,view,2025-05-10 01:25:39
9347,105,453,like,2025-05-10 00:46:48
9348,169,453,view,2025-05-09 23:50:08
9349,144,453,like,2025-05-10 00:45:31
9350,58,453,view,2025-05-10 00:25:50
9351,56,453,like,2025-05-10 01:04:10
9352,243,453,like,2025-05-10 00:06:32
9353,178,453,view,2025-05-09 23:52:24
9354,138,453,view,2025-05-10 00:11:46
9355,247,453,view,2025-05-10 02:59:00
9356,278,454,view,2025-03-12 02:23:55
9357,63,454,view,2025-03-12 01:16:48
9358,170,454,follow,2025-03-12 01:38:27
9359,168,454,view,2025-03-12 01:08:36
9360,3,454,view,2025-03-12 02:01:05
9361,77,454,view,2025-03-12 02:29:20
9362,273,454,like,2025-03-12 03:07:48
9363,171,454,like,2025-03-12 02:07:01
9364,46,454,follow,2025-03-12 01:18:29
9365,277,454,view,2025-03-12 01:18:23
9366,19,454,like,2025-03-12 01:27:31
9367,50,454,view,2025-03-12 01:03:05
9368,285,454,view,2025-03-12 01:20:49
9369,115,454,view,2025-03-12 01:18:55
9370,77,454,follow,2025-03-12 01:01:09
9371,147,454,view,2025-03-12 01:07:32
9372,12,454,like,2025-03-12 01:07:33
9373,127,454,follow,2025-03-12 02:09:42
9374,192,454,view,2025-03-12 04:00:59
9375,285,454,view,2025-03-12 04:01:01
9376,115,454,view,2025-03-12 01:10:05
9377,295,454,follow,2025-03-12 02:19:04
9378,2,454,view,2025-03-12 01:18:22
9379,185,454,view,2025-03-12 01:01:12
9380,208,454,like,2025-03-12 01:55:21
9381,85,454,like,2025-03-12 02:40:36
9382,113,454,view,2025-03-12 03:34:50
9383,97,454,view,2025-03-12 02:31:26
9384,118,454,like,2025-03-12 03:03:16
9385,186,454,view,2025-03-12 01:38:14
9386,83,454,view,2025-03-12 01:51:43
9387,281,454,view,2025-03-12 03:14:14
9388,79,454,like,2025-03-12 01:16:43
9389,270,454,follow,2025-03-12 01:08:47
9390,233,454,view,2025-03-12 03:30:19
9391,146,454,view,2025-03-12 03:20:40
9392,76,454,like,2025-03-12 03:18:46
9393,187,455,view,2025-07-22 05:48:19
9394,141,455,view,2025-07-22 08:14:59
9395,25,455,view,2025-07-22 07:31:24
9396,31,455,view,2025-07-22 05:30:21
9397,169,455,like,2025-07-22 06:22:54
9398,178,455,like,2025-07-22 05:32:11
9399,81,455,view,2025-07-22 07:31:46
9400,75,455,view,2025-07-22 06:55:18
9401,287,455,like,2025-07-22 06:33:52
9402,295,455,view,2025-07-22 05:47:11
9403,99,455,like,2025-07-22 06:01:18
9404,21,455,like,2025-07-22 05:18:06
9405,152,455,view,2025-07-22 05:28:33
9406,31,455,like,2025-07-22 08:45:59
9407,64,456,view,2025-09-27 06:18:41
9408,293,456,like,2025-09-27 06:28:00
9409,95,456,view,2025-09-27 06:36:38
9410,243,456,follow,2025-09-27 06:55:36
9411,27,456,follow,2025-09-27 06:57:04
9412,120,456,follow,2025-09-27 06:16:50
9413,219,456,view,2025-09-27 07:50:25
9414,256,456,view,2025-09-27 06:51:22
9415,117,456,view,2025-09-27 06:31:21
9416,7,456,view,2025-09-27 06:31:09
9417,143,456,view,2025-09-27 06:34:02
9418,241,456,like,2025-09-27 07:07:05
9419,288,456,follow,2025-09-27 06:37:16
9420,41,456,like,2025-09-27 06:44:25
9421,108,456,like,2025-09-27 07:57:57
9422,159,456,view,2025-09-27 09:39:26
9423,60,456,like,2025-09-27 06:15:12
9424,186,456,view,2025-09-27 06:11:34
9425,43,456,view,2025-09-27 08:23:40
9426,34,456,like,2025-09-27 08:34:26
9427,82,456,view,2025-09-27 06:56:05
9428,137,456,view,2025-09-27 07:28:29
9429,198,456,view,2025-09-27 06:30:53
9430,220,456,view,2025-09-27 06:13:13
9431,197,456,like,2025-09-27 06:11:11
9432,158,456,like,2025-09-27 09:29:09
9433,153,456,like,2025-09-27 06:36:11
9434,95,457,view,2025-06-08 22:48:05
9435,180,457,follow,2025-06-08 22:35:03
9436,212,457,view,2025-06-08 22:47:47
9437,190,457,view,2025-06-08 22:35:39
9438,221,457,follow,2025-06-08 22:36:47
9439,147,457,view,2025-06-08 22:31:57
9440,96,457,view,2025-06-08 23:22:59
9441,139,457,view,2025-06-08 23:56:45
9442,105,457,view,2025-06-08 22:34:56
9443,52,457,view,2025-06-08 23:50:18
9444,15,457,view,2025-06-08 23:04:52
9445,240,457,view,2025-06-09 00:36:24
9446,145,457,like,2025-06-08 22:28:03
9447,58,457,follow,2025-06-08 23:46:23
9448,280,457,like,2025-06-09 01:36:11
9449,96,457,view,2025-06-08 23:28:53
9450,141,457,view,2025-06-08 23:00:29
9451,194,457,view,2025-06-08 22:51:24
9452,184,457,follow,2025-06-08 23:43:26
9453,68,457,view,2025-06-08 23:15:52
9454,203,457,like,2025-06-08 22:42:48
9455,98,457,view,2025-06-08 22:27:31
9456,167,457,view,2025-06-09 00:59:28
9457,22,457,view,2025-06-08 22:27:33
9458,43,457,view,2025-06-08 22:37:24
9459,218,458,like,2025-04-06 02:38:26
9460,168,458,follow,2025-04-06 01:09:24
9461,240,458,like,2025-04-06 01:16:14
9462,295,458,view,2025-04-05 23:56:00
9463,24,458,view,2025-04-06 00:46:02
9464,34,458,follow,2025-04-06 03:12:51
9465,52,458,like,2025-04-06 00:03:44
9466,260,458,view,2025-04-06 02:06:28
9467,215,458,view,2025-04-05 23:42:56
9468,290,458,view,2025-04-05 23:45:06
9469,111,458,view,2025-04-05 23:49:32
9470,26,458,follow,2025-04-05 23:35:33
9471,277,458,view,2025-04-06 01:24:11
9472,200,458,like,2025-04-06 00:02:03
9473,101,458,like,2025-04-05 23:51:54
9474,71,458,view,2025-04-06 01:17:47
9475,289,458,view,2025-04-06 01:22:55
9476,135,458,view,2025-04-06 00:55:35
9477,210,458,follow,2025-04-05 23:34:45
9478,9,458,like,2025-04-06 01:20:34
9479,120,458,like,2025-04-06 01:20:58
9480,171,459,view,2025-04-28 14:49:06
9481,196,459,like,2025-04-28 15:09:02
9482,93,459,follow,2025-04-28 15:24:24
9483,234,459,view,2025-04-28 13:36:00
9484,82,459,follow,2025-04-28 13:51:20
9485,173,459,view,2025-04-28 14:35:39
9486,64,459,follow,2025-04-28 13:56:00
9487,173,459,like,2025-04-28 14:37:05
9488,96,459,view,2025-04-28 16:14:20
9489,277,459,view,2025-04-28 15:11:20
9490,37,460,follow,2025-07-09 12:10:29
9491,177,460,like,2025-07-09 09:20:40
9492,252,460,follow,2025-07-09 10:20:42
9493,59,460,view,2025-07-09 09:15:11
9494,264,460,view,2025-07-09 10:32:35
9495,199,460,view,2025-07-09 10:01:09
9496,246,460,view,2025-07-09 09:54:50
9497,191,460,view,2025-07-09 10:23:39
9498,159,460,follow,2025-07-09 09:47:09
9499,276,460,like,2025-07-09 09:21:02
9500,169,460,follow,2025-07-09 11:20:58
9501,276,460,like,2025-07-09 09:28:08
9502,223,460,view,2025-07-09 09:44:41
9503,88,460,like,2025-07-09 09:47:28
9504,162,460,follow,2025-07-09 10:36:46
9505,175,460,like,2025-07-09 10:03:21
9506,63,460,like,2025-07-09 10:01:42
9507,101,460,view,2025-07-09 09:59:07
9508,245,460,like,2025-07-09 10:05:41
9509,272,460,view,2025-07-09 09:59:09
9510,149,460,view,2025-07-09 10:33:27
9511,91,460,view,2025-07-09 10:16:40
9512,107,460,follow,2025-07-09 10:55:59
9513,56,460,view,2025-07-09 10:13:09
9514,270,460,like,2025-07-09 09:45:12
9515,134,460,view,2025-07-09 09:42:03
9516,251,460,like,2025-07-09 11:43:11
9517,244,460,view,2025-07-09 12:12:24
9518,62,460,like,2025-07-09 09:47:42
9519,121,460,like,2025-07-09 12:00:12
9520,99,460,view,2025-07-09 10:03:14
9521,256,460,like,2025-07-09 10:00:15
9522,16,460,view,2025-07-09 09:23:42
9523,293,460,view,2025-07-09 10:21:04
9524,280,460,view,2025-07-09 09:48:33
9525,177,460,view,2025-07-09 10:32:00
9526,139,460,view,2025-07-09 09:31:26
9527,281,460,view,2025-07-09 10:25:49
9528,20,460,view,2025-07-09 09:39:19
9529,248,460,view,2025-07-09 10:58:16
9530,102,461,view,2025-01-22 04:09:37
9531,18,461,view,2025-01-22 04:54:19
9532,231,461,view,2025-01-22 03:58:41
9533,212,461,view,2025-01-22 04:17:16
9534,176,461,view,2025-01-22 04:30:44
9535,192,461,like,2025-01-22 04:15:14
9536,34,461,view,2025-01-22 05:37:48
9537,237,461,view,2025-01-22 05:14:39
9538,242,461,view,2025-01-22 04:16:34
9539,123,461,like,2025-01-22 05:03:10
9540,210,461,like,2025-01-22 04:25:13
9541,146,461,like,2025-01-22 04:15:50
9542,46,461,view,2025-01-22 06:09:51
9543,42,461,like,2025-01-22 05:19:03
9544,42,461,view,2025-01-22 04:04:48
9545,177,461,view,2025-01-22 06:33:29
9546,46,461,like,2025-01-22 05:47:55
9547,255,461,view,2025-01-22 04:04:32
9548,278,461,follow,2025-01-22 04:16:47
9549,139,461,follow,2025-01-22 04:14:12
9550,253,461,view,2025-01-22 04:15:57
9551,13,461,view,2025-01-22 04:07:03
9552,92,461,view,2025-01-22 05:43:44
9553,223,461,view,2025-01-22 04:20:32
9554,93,462,view,2025-07-26 02:00:10
9555,161,462,like,2025-07-26 01:55:53
9556,105,462,view,2025-07-26 01:50:45
9557,196,462,view,2025-07-26 02:54:47
9558,60,462,like,2025-07-26 02:40:35
9559,63,462,like,2025-07-26 02:16:33
9560,291,462,view,2025-07-26 02:16:52
9561,128,462,view,2025-07-26 01:58:42
9562,122,462,follow,2025-07-26 02:53:30
9563,255,462,view,2025-07-26 02:36:19
9564,241,462,view,2025-07-26 03:54:47
9565,248,462,follow,2025-07-26 02:13:46
9566,222,462,view,2025-07-26 03:04:25
9567,47,462,view,2025-07-26 03:04:09
9568,245,462,view,2025-07-26 02:31:39
9569,28,462,view,2025-07-26 02:08:14
9570,233,462,view,2025-07-26 05:31:11
9571,264,462,view,2025-07-26 02:35:19
9572,114,462,view,2025-07-26 04:59:25
9573,203,462,view,2025-07-26 04:30:56
9574,84,462,like,2025-07-26 02:52:54
9575,144,462,view,2025-07-26 03:31:33
9576,296,463,view,2025-08-05 19:13:18
9577,128,463,follow,2025-08-05 19:36:51
9578,59,463,like,2025-08-05 19:34:13
9579,279,463,follow,2025-08-05 19:13:35
9580,47,463,view,2025-08-05 19:28:33
9581,255,463,like,2025-08-05 18:31:03
9582,40,463,view,2025-08-05 18:58:33
9583,248,463,like,2025-08-05 18:22:24
9584,283,463,follow,2025-08-05 18:14:37
9585,237,463,view,2025-08-05 20:49:36
9586,88,463,view,2025-08-05 18:20:05
9587,53,463,view,2025-08-05 18:53:25
9588,96,463,view,2025-08-05 18:39:53
9589,243,463,follow,2025-08-05 18:11:33
9590,227,463,like,2025-08-05 19:40:49
9591,5,463,like,2025-08-05 20:35:57
9592,104,463,view,2025-08-05 20:27:14
9593,300,463,like,2025-08-05 19:48:47
9594,293,463,follow,2025-08-05 20:29:35
9595,247,463,view,2025-08-05 18:50:21
9596,230,463,view,2025-08-05 19:37:36
9597,155,463,view,2025-08-05 19:22:22
9598,299,463,follow,2025-08-05 18:21:00
9599,61,463,view,2025-08-05 20:09:48
9600,5,463,follow,2025-08-05 20:41:52
9601,47,463,view,2025-08-05 18:32:17
9602,230,463,view,2025-08-05 19:25:17
9603,250,463,like,2025-08-05 18:48:20
9604,297,463,like,2025-08-05 19:06:58
9605,209,463,view,2025-08-05 21:23:07
9606,201,463,view,2025-08-05 18:23:55
9607,20,463,view,2025-08-05 20:02:22
9608,60,463,view,2025-08-05 19:15:29
9609,211,463,view,2025-08-05 18:15:38
9610,131,463,like,2025-08-05 18:12:38
9611,148,463,view,2025-08-05 18:17:00
9612,267,463,view,2025-08-05 18:55:05
9613,65,463,view,2025-08-05 18:50:26
9614,202,463,view,2025-08-05 18:32:30
9615,133,464,like,2025-06-04 00:21:29
9616,235,464,view,2025-06-03 22:23:50
9617,91,464,follow,2025-06-04 00:42:17
9618,18,464,view,2025-06-04 00:07:16
9619,8,464,like,2025-06-03 23:16:58
9620,137,464,like,2025-06-03 22:48:48
9621,200,464,view,2025-06-03 22:53:22
9622,136,464,view,2025-06-03 22:47:37
9623,187,464,view,2025-06-04 01:20:26
9624,256,464,view,2025-06-03 22:09:55
9625,235,464,view,2025-06-03 22:06:41
9626,130,464,like,2025-06-03 23:55:48
9627,192,464,view,2025-06-03 22:30:14
9628,151,464,view,2025-06-03 21:57:07
9629,120,464,like,2025-06-03 22:54:29
9630,9,464,view,2025-06-03 22:05:20
9631,67,464,view,2025-06-03 23:04:12
9632,131,464,view,2025-06-03 22:17:19
9633,64,464,view,2025-06-03 23:30:05
9634,262,464,like,2025-06-03 22:58:28
9635,181,464,view,2025-06-04 00:23:19
9636,271,464,view,2025-06-04 00:05:21
9637,24,464,follow,2025-06-03 22:04:16
9638,99,464,view,2025-06-04 00:22:46
9639,15,464,view,2025-06-03 23:55:35
9640,256,464,view,2025-06-03 23:26:31
9641,102,464,view,2025-06-03 23:07:40
9642,70,464,like,2025-06-03 21:58:29
9643,267,464,follow,2025-06-03 22:37:12
9644,23,465,like,2025-03-14 11:29:58
9645,249,465,follow,2025-03-14 09:13:56
9646,199,465,view,2025-03-14 09:49:15
9647,229,465,view,2025-03-14 08:37:51
9648,42,465,view,2025-03-14 08:26:16
9649,258,465,view,2025-03-14 09:35:45
9650,104,465,view,2025-03-14 10:54:06
9651,45,465,view,2025-03-14 09:32:46
9652,270,465,view,2025-03-14 11:12:26
9653,33,465,like,2025-03-14 08:57:02
9654,22,465,view,2025-03-14 10:21:17
9655,51,465,like,2025-03-14 11:15:30
9656,176,465,like,2025-03-14 09:37:00
9657,18,465,view,2025-03-14 08:35:26
9658,255,465,like,2025-03-14 10:09:56
9659,148,465,like,2025-03-14 09:47:20
9660,266,465,like,2025-03-14 08:22:18
9661,65,465,view,2025-03-14 09:05:25
9662,24,465,view,2025-03-14 08:34:02
9663,225,465,like,2025-03-14 10:57:44
9664,10,465,follow,2025-03-14 08:22:50
9665,240,465,view,2025-03-14 08:39:39
9666,23,465,view,2025-03-14 10:01:50
9667,207,465,follow,2025-03-14 10:36:58
9668,82,465,follow,2025-03-14 08:54:20
9669,263,465,view,2025-03-14 09:32:42
9670,96,465,follow,2025-03-14 08:27:46
9671,117,465,view,2025-03-14 08:59:26
9672,96,465,view,2025-03-14 09:02:31
9673,280,465,view,2025-03-14 09:37:31
9674,191,465,view,2025-03-14 09:15:46
9675,207,465,view,2025-03-14 08:18:40
9676,268,465,follow,2025-03-14 08:52:19
9677,82,465,view,2025-03-14 08:57:42
9678,257,466,view,2025-08-16 01:40:15
9679,177,466,view,2025-08-16 00:38:34
9680,136,466,view,2025-08-15 23:31:59
9681,138,466,follow,2025-08-15 23:16:58
9682,299,466,view,2025-08-16 00:31:51
9683,297,467,like,2025-08-14 18:15:00
9684,188,467,like,2025-08-14 17:34:26
9685,32,467,view,2025-08-14 19:07:38
9686,101,467,view,2025-08-14 17:34:08
9687,71,467,view,2025-08-14 18:05:13
9688,187,467,like,2025-08-14 17:56:33
9689,169,467,view,2025-08-14 17:27:22
9690,213,467,view,2025-08-14 18:18:57
9691,79,467,view,2025-08-14 17:48:46
9692,290,467,follow,2025-08-14 18:54:41
9693,228,467,view,2025-08-14 18:34:34
9694,252,467,follow,2025-08-14 18:04:26
9695,139,467,like,2025-08-14 19:29:46
9696,57,467,like,2025-08-14 17:45:35
9697,197,467,view,2025-08-14 17:59:54
9698,294,467,view,2025-08-14 17:39:37
9699,143,467,view,2025-08-14 18:50:46
9700,57,468,view,2025-07-10 00:22:30
9701,150,468,like,2025-07-10 00:34:19
9702,145,468,view,2025-07-10 00:52:03
9703,179,468,view,2025-07-10 00:36:39
9704,55,468,like,2025-07-10 02:50:56
9705,114,468,like,2025-07-10 00:41:03
9706,156,468,view,2025-07-10 01:33:45
9707,12,468,view,2025-07-10 01:29:20
9708,71,468,like,2025-07-10 00:29:38
9709,95,468,view,2025-07-10 02:03:27
9710,225,468,view,2025-07-10 00:25:12
9711,152,468,like,2025-07-10 01:31:43
9712,174,468,view,2025-07-10 00:29:56
9713,296,468,like,2025-07-10 01:18:22
9714,105,468,view,2025-07-10 00:16:22
9715,146,468,view,2025-07-10 00:41:42
9716,145,468,view,2025-07-10 00:22:04
9717,276,468,view,2025-07-10 00:51:12
9718,91,469,view,2025-09-19 16:29:44
9719,111,470,view,2025-02-06 04:22:18
9720,253,470,like,2025-02-06 02:19:02
9721,219,470,follow,2025-02-06 03:58:47
9722,116,470,like,2025-02-06 03:15:59
9723,12,470,view,2025-02-06 04:27:23
9724,149,470,view,2025-02-06 02:55:02
9725,60,470,view,2025-02-06 04:06:48
9726,233,470,like,2025-02-06 03:23:47
9727,242,470,follow,2025-02-06 03:17:26
9728,14,470,view,2025-02-06 02:25:49
9729,133,470,view,2025-02-06 02:02:59
9730,284,470,view,2025-02-06 03:02:40
9731,14,470,follow,2025-02-06 03:50:01
9732,51,470,view,2025-02-06 02:28:35
9733,224,470,view,2025-02-06 03:54:50
9734,247,470,view,2025-02-06 02:39:30
9735,93,470,view,2025-02-06 02:08:25
9736,41,471,follow,2025-08-04 13:39:55
9737,195,471,like,2025-08-04 12:43:47
9738,94,471,like,2025-08-04 13:08:38
9739,190,472,like,2025-01-05 09:46:19
9740,185,472,view,2025-01-05 08:39:13
9741,6,472,view,2025-01-05 06:47:31
9742,103,472,follow,2025-01-05 06:53:40
9743,69,472,view,2025-01-05 06:33:18
9744,212,472,view,2025-01-05 08:29:48
9745,229,472,view,2025-01-05 06:58:10
9746,46,472,view,2025-01-05 06:53:25
9747,8,472,view,2025-01-05 06:57:51
9748,287,472,view,2025-01-05 09:08:22
9749,207,472,like,2025-01-05 09:37:32
9750,246,472,view,2025-01-05 08:00:00
9751,182,472,like,2025-01-05 07:55:01
9752,242,472,view,2025-01-05 08:11:47
9753,41,472,view,2025-01-05 06:27:44
9754,120,472,view,2025-01-05 07:11:03
9755,136,472,like,2025-01-05 07:40:49
9756,170,472,view,2025-01-05 08:02:16
9757,116,473,follow,2025-03-26 14:15:22
9758,39,473,view,2025-03-26 14:21:57
9759,198,473,like,2025-03-26 14:19:04
9760,188,473,view,2025-03-26 13:50:57
9761,6,473,view,2025-03-26 15:47:55
9762,66,473,like,2025-03-26 14:37:19
9763,163,473,view,2025-03-26 14:40:24
9764,290,473,like,2025-03-26 14:45:53
9765,225,473,view,2025-03-26 15:06:33
9766,124,473,view,2025-03-26 14:43:05
9767,256,473,like,2025-03-26 13:52:56
9768,188,473,view,2025-03-26 13:49:58
9769,168,473,like,2025-03-26 16:23:43
9770,289,473,view,2025-03-26 15:47:23
9771,241,473,like,2025-03-26 14:19:34
9772,218,473,view,2025-03-26 15:21:26
9773,101,473,like,2025-03-26 13:48:01
9774,153,473,view,2025-03-26 14:00:10
9775,262,473,like,2025-03-26 16:34:28
9776,126,473,like,2025-03-26 14:42:42
9777,231,474,view,2025-08-15 22:15:40
9778,292,474,view,2025-08-15 20:37:02
9779,23,474,view,2025-08-15 22:08:38
9780,190,474,view,2025-08-15 21:48:41
9781,69,474,view,2025-08-15 21:27:15
9782,150,474,view,2025-08-15 22:13:32
9783,154,474,like,2025-08-15 20:35:32
9784,106,474,view,2025-08-15 20:50:50
9785,214,474,like,2025-08-15 20:53:11
9786,208,474,view,2025-08-15 20:31:16
9787,256,474,view,2025-08-15 20:44:14
9788,278,475,follow,2025-04-11 18:27:58
9789,129,475,follow,2025-04-11 17:12:39
9790,104,475,like,2025-04-11 17:18:40
9791,84,475,view,2025-04-11 17:08:42
9792,163,475,view,2025-04-11 18:31:59
9793,152,475,view,2025-04-11 17:16:38
9794,236,475,view,2025-04-11 19:17:32
9795,216,475,view,2025-04-11 17:09:57
9796,236,475,like,2025-04-11 17:33:29
9797,49,475,like,2025-04-11 17:28:09
9798,13,475,view,2025-04-11 18:14:37
9799,246,475,like,2025-04-11 18:09:55
9800,90,475,follow,2025-04-11 18:38:52
9801,20,475,like,2025-04-11 19:13:01
9802,32,475,view,2025-04-11 19:14:13
9803,97,475,view,2025-04-11 17:34:01
9804,83,475,view,2025-04-11 19:24:03
9805,231,475,like,2025-04-11 18:13:05
9806,42,475,follow,2025-04-11 18:21:44
9807,139,475,view,2025-04-11 17:40:47
9808,144,475,view,2025-04-11 17:33:57
9809,189,476,view,2025-06-15 18:52:23
9810,167,476,view,2025-06-15 19:31:56
9811,103,476,view,2025-06-15 22:35:20
9812,220,476,like,2025-06-15 19:41:46
9813,187,476,like,2025-06-15 19:55:05
9814,288,476,follow,2025-06-15 20:58:12
9815,138,476,view,2025-06-15 19:27:23
9816,266,476,follow,2025-06-15 19:23:25
9817,104,476,follow,2025-06-15 20:56:12
9818,74,476,view,2025-06-15 19:07:24
9819,214,476,like,2025-06-15 20:44:55
9820,284,476,like,2025-06-15 18:54:42
9821,19,476,follow,2025-06-15 18:56:07
9822,203,476,view,2025-06-15 20:22:37
9823,93,477,view,2025-03-21 14:48:04
9824,256,478,view,2025-02-11 02:29:47
9825,268,478,like,2025-02-11 03:55:00
9826,136,478,view,2025-02-11 02:47:01
9827,89,478,like,2025-02-11 05:06:58
9828,211,478,view,2025-02-11 02:34:56
9829,285,478,follow,2025-02-11 02:44:10
9830,58,478,view,2025-02-11 02:22:49
9831,234,478,view,2025-02-11 04:26:03
9832,164,478,like,2025-02-11 02:18:24
9833,70,478,view,2025-02-11 02:18:29
9834,215,478,like,2025-02-11 03:26:15
9835,113,478,view,2025-02-11 02:41:07
9836,104,478,like,2025-02-11 04:41:34
9837,160,478,like,2025-02-11 02:54:54
9838,131,478,like,2025-02-11 02:25:56
9839,13,478,view,2025-02-11 04:01:08
9840,34,478,like,2025-02-11 02:17:29
9841,166,478,like,2025-02-11 03:02:34
9842,215,478,like,2025-02-11 03:10:08
9843,69,478,view,2025-02-11 03:22:11
9844,79,478,follow,2025-02-11 02:29:27
9845,95,478,like,2025-02-11 02:55:01
9846,289,478,view,2025-02-11 03:05:55
9847,199,478,view,2025-02-11 04:32:51
9848,182,478,follow,2025-02-11 04:03:23
9849,12,478,follow,2025-02-11 02:24:14
9850,223,478,like,2025-02-11 02:31:42
9851,188,478,view,2025-02-11 02:26:51
9852,128,478,view,2025-02-11 04:57:17
9853,271,478,like,2025-02-11 02:58:56
9854,285,479,follow,2025-06-19 22:34:03
9855,65,479,like,2025-06-19 22:29:45
9856,254,479,like,2025-06-19 22:47:28
9857,67,479,view,2025-06-20 00:37:25
9858,221,479,like,2025-06-19 23:02:44
9859,59,479,view,2025-06-19 22:15:19
9860,102,479,view,2025-06-19 22:27:10
9861,58,479,view,2025-06-19 22:35:56
9862,251,479,view,2025-06-19 22:40:41
9863,9,479,view,2025-06-19 22:23:18
9864,164,479,view,2025-06-19 22:29:17
9865,23,479,view,2025-06-19 22:19:43
9866,272,479,like,2025-06-19 22:33:24
9867,129,479,view,2025-06-19 22:31:10
9868,220,479,view,2025-06-20 00:59:05
9869,48,479,like,2025-06-19 22:52:04
9870,26,479,view,2025-06-19 22:54:39
9871,280,479,like,2025-06-20 00:11:02
9872,25,480,like,2025-08-04 14:44:05
9873,215,480,like,2025-08-04 13:26:48
9874,45,481,like,2025-03-12 11:01:08
9875,76,481,follow,2025-03-12 10:56:39
9876,2,481,like,2025-03-12 11:40:19
9877,89,481,view,2025-03-12 11:22:10
9878,296,481,follow,2025-03-12 10:54:04
9879,245,481,like,2025-03-12 11:40:41
9880,109,481,view,2025-03-12 11:31:16
9881,252,481,follow,2025-03-12 11:04:36
9882,205,481,follow,2025-03-12 10:58:47
9883,274,481,view,2025-03-12 11:24:24
9884,100,481,like,2025-03-12 11:22:09
9885,217,481,view,2025-03-12 11:08:09
9886,141,481,view,2025-03-12 11:39:19
9887,161,481,view,2025-03-12 13:52:46
9888,27,481,view,2025-03-12 12:28:58
9889,102,481,view,2025-03-12 13:10:24
9890,289,481,follow,2025-03-12 11:03:04
9891,271,481,view,2025-03-12 13:08:38
9892,132,481,like,2025-03-12 11:29:40
9893,249,481,like,2025-03-12 11:14:51
9894,194,481,like,2025-03-12 11:56:18
9895,174,482,view,2025-01-15 07:07:35
9896,208,482,view,2025-01-15 07:19:06
9897,17,482,follow,2025-01-15 08:59:39
9898,270,482,view,2025-01-15 07:20:08
9899,27,482,view,2025-01-15 06:58:10
9900,67,482,follow,2025-01-15 07:05:12
9901,207,482,view,2025-01-15 07:54:50
9902,28,483,view,2025-08-18 03:25:45
9903,155,483,like,2025-08-18 03:47:54
9904,229,483,view,2025-08-18 03:06:19
9905,86,483,view,2025-08-18 03:59:43
9906,110,483,follow,2025-08-18 03:38:34
9907,44,483,follow,2025-08-18 03:20:23
9908,192,483,like,2025-08-18 03:12:50
9909,180,483,like,2025-08-18 03:14:05
9910,124,483,like,2025-08-18 04:46:33
9911,71,483,view,2025-08-18 03:07:26
9912,5,483,view,2025-08-18 03:13:02
9913,191,483,view,2025-08-18 04:13:31
9914,283,483,view,2025-08-18 03:19:27
9915,13,483,view,2025-08-18 03:19:10
9916,129,483,view,2025-08-18 03:38:21
9917,246,483,view,2025-08-18 04:03:21
9918,180,483,view,2025-08-18 04:24:29
9919,84,483,view,2025-08-18 04:52:18
9920,13,483,view,2025-08-18 03:13:50
9921,265,483,view,2025-08-18 04:02:29
9922,129,483,view,2025-08-18 03:32:42
9923,60,483,follow,2025-08-18 03:10:57
9924,283,483,like,2025-08-18 05:13:45
9925,90,483,like,2025-08-18 03:49:03
9926,91,483,like,2025-08-18 03:15:11
9927,59,483,view,2025-08-18 05:09:20
9928,177,483,like,2025-08-18 03:06:21
9929,100,483,like,2025-08-18 04:56:55
9930,223,483,like,2025-08-18 05:12:07
9931,24,483,view,2025-08-18 03:40:48
9932,242,483,like,2025-08-18 03:27:45
9933,72,483,view,2025-08-18 04:03:01
9934,244,483,view,2025-08-18 04:05:12
9935,256,484,view,2025-07-10 20:18:54
9936,15,484,view,2025-07-10 20:38:43
9937,30,484,view,2025-07-10 20:40:40
9938,9,484,follow,2025-07-10 21:22:17
9939,232,484,follow,2025-07-10 21:05:57
9940,211,484,follow,2025-07-10 20:31:16
9941,65,484,view,2025-07-10 20:12:14
9942,210,484,view,2025-07-10 21:44:03
9943,137,484,like,2025-07-10 22:20:39
9944,156,484,like,2025-07-10 20:32:28
9945,101,484,view,2025-07-10 20:38:35
9946,133,484,like,2025-07-10 20:24:54
9947,110,484,like,2025-07-10 20:40:34
9948,35,484,follow,2025-07-10 22:10:42
9949,88,484,like,2025-07-10 20:19:17
9950,88,484,view,2025-07-10 20:39:50
9951,59,484,like,2025-07-10 22:24:23
9952,22,484,view,2025-07-10 21:51:06
9953,150,484,like,2025-07-10 22:24:53
9954,194,484,view,2025-07-10 20:26:55
9955,258,484,like,2025-07-10 22:43:18
9956,143,484,view,2025-07-10 20:27:38
9957,99,484,view,2025-07-10 20:13:54
9958,61,484,like,2025-07-10 20:23:42
9959,289,484,view,2025-07-10 21:45:52
9960,281,484,view,2025-07-10 20:12:31
9961,35,484,like,2025-07-10 20:32:24
9962,158,484,follow,2025-07-10 21:58:38
9963,212,484,view,2025-07-10 20:13:04
9964,263,484,view,2025-07-10 20:19:13
9965,204,484,follow,2025-07-10 22:26:15
9966,70,484,view,2025-07-10 20:16:10
9967,122,484,follow,2025-07-10 22:53:34
9968,152,484,like,2025-07-10 22:15:30
9969,260,484,view,2025-07-10 20:59:02
9970,122,484,like,2025-07-10 22:54:56
9971,32,484,view,2025-07-10 21:09:42
9972,101,485,like,2025-07-04 19:20:25
9973,75,485,like,2025-07-04 22:13:49
9974,118,485,view,2025-07-04 22:09:47
9975,295,485,view,2025-07-04 20:02:54
9976,172,485,like,2025-07-04 19:39:14
9977,284,485,view,2025-07-04 21:54:50
9978,276,485,view,2025-07-04 19:24:52
9979,212,485,view,2025-07-04 19:51:06
9980,21,485,like,2025-07-04 19:36:00
9981,216,485,view,2025-07-04 19:20:12
9982,115,485,follow,2025-07-04 19:26:30
9983,255,485,view,2025-07-04 20:30:04
9984,92,485,like,2025-07-04 19:23:28
9985,122,485,view,2025-07-04 20:44:11
9986,243,485,follow,2025-07-04 21:29:16
9987,82,485,view,2025-07-04 19:34:08
9988,138,485,view,2025-07-04 19:26:38
9989,174,485,view,2025-07-04 20:07:21
9990,30,486,like,2025-08-14 16:12:22
9991,112,486,view,2025-08-14 14:36:53
9992,133,486,view,2025-08-14 15:44:15
9993,55,486,like,2025-08-14 15:25:35
9994,134,486,view,2025-08-14 16:55:57
9995,63,486,view,2025-08-14 15:31:10
9996,227,486,view,2025-08-14 16:59:10
9997,73,486,like,2025-08-14 16:16:13
9998,52,486,view,2025-08-14 14:53:40
9999,6,486,view,2025-08-14 15:27:54
10000,159,486,like,2025-08-14 18:04:23
10001,48,486,view,2025-08-14 16:45:07
10002,203,487,like,2025-04-27 06:36:32
10003,16,487,view,2025-04-27 06:47:23
10004,63,487,view,2025-04-27 06:45:01
10005,117,487,view,2025-04-27 07:44:11
10006,243,487,follow,2025-04-27 07:35:59
10007,254,487,view,2025-04-27 06:43:18
10008,169,487,view,2025-04-27 09:42:38
10009,18,487,like,2025-04-27 07:19:35
10010,226,487,like,2025-04-27 07:56:33
10011,13,487,like,2025-04-27 07:56:25
10012,69,487,like,2025-04-27 07:07:34
10013,260,487,view,2025-04-27 08:58:37
10014,147,487,view,2025-04-27 07:28:46
10015,63,487,view,2025-04-27 07:43:28
10016,63,487,follow,2025-04-27 06:36:53
10017,56,487,view,2025-04-27 07:28:25
10018,257,487,view,2025-04-27 07:17:18
10019,2,487,view,2025-04-27 07:50:56
10020,51,487,like,2025-04-27 08:02:21
10021,237,487,like,2025-04-27 08:50:19
10022,260,488,follow,2025-02-27 09:54:47
10023,222,488,like,2025-02-27 08:18:50
10024,248,488,view,2025-02-27 09:20:14
10025,277,488,like,2025-02-27 08:26:49
10026,5,488,view,2025-02-27 10:34:01
10027,173,488,view,2025-02-27 08:47:03
10028,136,488,like,2025-02-27 08:08:46
10029,131,488,view,2025-02-27 10:15:14
10030,61,488,view,2025-02-27 08:37:24
10031,166,488,view,2025-02-27 08:06:43
10032,39,488,view,2025-02-27 08:13:19
10033,8,488,view,2025-02-27 09:26:09
10034,199,488,view,2025-02-27 08:51:03
10035,259,488,view,2025-02-27 10:47:15
10036,90,488,like,2025-02-27 08:31:03
10037,75,488,view,2025-02-27 10:34:46
10038,41,488,like,2025-02-27 08:49:29
10039,258,488,view,2025-02-27 08:16:39
10040,80,488,like,2025-02-27 08:23:28
10041,280,489,like,2025-05-11 00:49:00
10042,263,489,view,2025-05-10 23:58:02
10043,70,489,view,2025-05-11 00:40:00
10044,122,489,like,2025-05-10 23:50:45
10045,268,489,view,2025-05-10 23:46:37
10046,187,489,view,2025-05-11 00:49:01
10047,189,489,view,2025-05-11 00:34:20
10048,197,489,view,2025-05-11 00:10:32
10049,114,489,view,2025-05-11 01:07:44
10050,19,489,view,2025-05-11 00:54:15
10051,82,489,view,2025-05-10 23:52:53
10052,104,489,follow,2025-05-10 23:44:30
10053,27,489,like,2025-05-10 23:41:58
10054,191,489,view,2025-05-11 01:16:13
10055,20,489,view,2025-05-11 00:06:22
10056,57,489,like,2025-05-11 02:09:03
10057,260,489,view,2025-05-11 00:07:42
10058,200,489,like,2025-05-10 23:54:42
10059,18,490,view,2025-05-09 18:08:03
10060,2,490,like,2025-05-09 17:55:39
10061,33,490,follow,2025-05-09 18:00:45
10062,198,490,view,2025-05-09 18:45:33
10063,50,490,view,2025-05-09 17:57:27
10064,182,490,like,2025-05-09 18:46:54
10065,52,490,view,2025-05-09 18:31:35
10066,254,490,follow,2025-05-09 18:05:47
10067,68,490,view,2025-05-09 19:33:33
10068,11,490,view,2025-05-09 17:50:22
10069,177,490,view,2025-05-09 18:29:44
10070,61,490,view,2025-05-09 18:25:20
10071,184,491,view,2025-08-23 09:54:00
10072,125,491,follow,2025-08-23 08:42:30
10073,55,491,like,2025-08-23 08:25:07
10074,69,491,view,2025-08-23 09:02:39
10075,198,491,view,2025-08-23 11:49:17
10076,110,491,view,2025-08-23 10:16:24
10077,278,491,follow,2025-08-23 09:55:43
10078,223,491,view,2025-08-23 08:15:01
10079,272,491,view,2025-08-23 08:48:47
10080,52,491,follow,2025-08-23 08:59:46
10081,158,491,view,2025-08-23 09:10:17
10082,11,491,view,2025-08-23 09:41:20
10083,81,491,like,2025-08-23 08:39:30
10084,54,491,like,2025-08-23 08:40:19
10085,227,491,like,2025-08-23 08:23:21
10086,78,491,like,2025-08-23 08:28:34
10087,97,491,like,2025-08-23 08:22:51
10088,296,491,view,2025-08-23 08:17:02
10089,287,491,like,2025-08-23 08:19:33
10090,140,491,view,2025-08-23 08:54:55
10091,248,491,like,2025-08-23 10:54:30
10092,143,491,like,2025-08-23 08:48:58
10093,58,491,like,2025-08-23 09:41:04
10094,171,492,like,2025-02-27 19:23:38
10095,248,492,like,2025-02-27 20:13:44
10096,39,493,like,2025-02-11 14:53:03
10097,45,494,view,2025-08-14 05:18:20
10098,214,494,follow,2025-08-14 05:57:14
10099,294,494,like,2025-08-14 06:12:37
10100,82,494,like,2025-08-14 05:23:19
10101,86,494,like,2025-08-14 05:08:04
10102,199,494,view,2025-08-14 05:02:51
10103,265,494,view,2025-08-14 05:00:25
10104,223,494,view,2025-08-14 05:03:52
10105,130,494,like,2025-08-14 04:54:21
10106,136,494,view,2025-08-14 05:59:51
10107,44,494,like,2025-08-14 05:35:12
10108,11,494,like,2025-08-14 06:21:15
10109,132,494,like,2025-08-14 05:22:14
10110,31,494,view,2025-08-14 07:52:07
10111,170,494,like,2025-08-14 04:54:19
10112,245,494,like,2025-08-14 07:31:17
10113,210,494,view,2025-08-14 05:34:24
10114,103,494,like,2025-08-14 05:28:22
10115,30,494,view,2025-08-14 05:59:11
10116,250,494,follow,2025-08-14 05:05:57
10117,38,494,like,2025-08-14 04:57:41
10118,176,494,view,2025-08-14 07:18:26
10119,4,494,like,2025-08-14 08:21:34
10120,64,494,like,2025-08-14 05:58:17
10121,114,494,like,2025-08-14 07:12:40
10122,203,494,like,2025-08-14 06:48:08
10123,87,494,view,2025-08-14 05:23:26
10124,105,494,like,2025-08-14 05:47:18
10125,160,494,like,2025-08-14 04:57:10
10126,67,494,like,2025-08-14 04:53:38
10127,93,494,like,2025-08-14 05:44:59
10128,94,494,view,2025-08-14 06:12:01
10129,95,494,view,2025-08-14 05:02:35
10130,256,494,view,2025-08-14 07:17:50
10131,226,494,view,2025-08-14 06:07:54
10132,128,495,like,2025-09-17 06:05:28
10133,90,495,like,2025-09-17 04:30:32
10134,217,495,view,2025-09-17 04:21:19
10135,93,495,view,2025-09-17 06:46:57
10136,216,495,view,2025-09-17 05:27:43
10137,260,495,view,2025-09-17 05:18:18
10138,108,495,like,2025-09-17 05:39:46
10139,4,495,follow,2025-09-17 04:49:03
10140,3,495,like,2025-09-17 04:35:08
10141,6,495,view,2025-09-17 06:00:06
10142,78,495,like,2025-09-17 04:37:11
10143,232,495,view,2025-09-17 05:28:28
10144,262,495,like,2025-09-17 04:32:04
10145,174,495,like,2025-09-17 04:17:03
10146,216,495,view,2025-09-17 05:08:54
10147,19,495,like,2025-09-17 04:49:29
10148,232,495,follow,2025-09-17 04:40:32
10149,91,495,view,2025-09-17 05:00:35
10150,115,495,view,2025-09-17 05:20:50
10151,225,495,view,2025-09-17 04:54:18
10152,164,495,view,2025-09-17 07:34:36
10153,70,495,view,2025-09-17 04:54:31
10154,96,495,view,2025-09-17 04:16:03
10155,66,495,view,2025-09-17 04:50:22
10156,225,495,view,2025-09-17 04:50:29
10157,217,495,view,2025-09-17 06:19:42
10158,236,495,like,2025-09-17 05:25:01
10159,276,495,view,2025-09-17 06:04:25
10160,28,495,view,2025-09-17 05:34:12
10161,66,495,view,2025-09-17 05:19:58
10162,123,496,view,2025-09-21 05:07:31
10163,104,496,view,2025-09-21 05:50:59
10164,53,496,like,2025-09-21 04:31:42
10165,70,496,view,2025-09-21 05:03:41
10166,90,496,view,2025-09-21 04:23:24
10167,54,496,view,2025-09-21 06:17:51
10168,67,496,view,2025-09-21 06:02:38
10169,8,496,view,2025-09-21 05:38:59
10170,244,496,view,2025-09-21 06:39:12
10171,103,496,follow,2025-09-21 04:11:44
10172,242,496,view,2025-09-21 05:07:23
10173,227,496,like,2025-09-21 06:55:48
10174,198,496,view,2025-09-21 04:03:36
10175,277,496,view,2025-09-21 03:53:22
10176,79,496,like,2025-09-21 06:00:20
10177,211,496,view,2025-09-21 03:54:26
10178,227,496,like,2025-09-21 03:55:33
10179,13,496,follow,2025-09-21 04:51:25
10180,242,496,follow,2025-09-21 04:15:23
10181,130,497,view,2025-07-20 20:17:49
10182,230,497,view,2025-07-20 21:08:48
10183,76,497,view,2025-07-20 19:50:16
10184,197,497,view,2025-07-20 20:44:31
10185,235,497,view,2025-07-20 21:15:01
10186,265,497,follow,2025-07-20 23:26:28
10187,197,497,like,2025-07-20 21:53:11
10188,176,497,view,2025-07-20 19:59:32
10189,108,497,view,2025-07-20 20:24:42
10190,247,497,view,2025-07-20 23:00:44
10191,39,497,follow,2025-07-20 20:38:08
10192,192,497,follow,2025-07-20 20:39:39
10193,267,497,like,2025-07-20 21:00:38
10194,152,497,follow,2025-07-20 20:27:00
10195,112,497,like,2025-07-20 20:36:50
10196,35,497,follow,2025-07-20 19:59:42
10197,60,497,like,2025-07-20 20:34:33
10198,226,497,view,2025-07-20 20:11:45
10199,136,497,view,2025-07-20 22:08:46
10200,145,497,view,2025-07-20 21:04:17
10201,34,497,follow,2025-07-20 22:21:28
10202,183,497,like,2025-07-20 21:36:12
10203,262,497,view,2025-07-20 21:18:01
10204,231,497,view,2025-07-20 21:00:18
10205,208,497,view,2025-07-20 21:37:10
10206,288,497,view,2025-07-20 19:49:43
10207,28,497,view,2025-07-20 21:08:30
10208,244,497,view,2025-07-20 20:02:35
10209,171,497,view,2025-07-20 20:00:13
10210,285,498,like,2025-09-01 04:18:22
10211,94,498,view,2025-09-01 03:37:06
10212,231,498,follow,2025-09-01 03:40:06
10213,271,498,like,2025-09-01 05:31:38
10214,97,498,view,2025-09-01 03:24:27
10215,173,498,like,2025-09-01 03:27:52
10216,234,498,follow,2025-09-01 07:04:17
10217,292,498,like,2025-09-01 04:04:05
10218,41,498,view,2025-09-01 06:04:20
10219,64,498,view,2025-09-01 03:52:52
10220,115,498,follow,2025-09-01 03:42:07
10221,83,498,like,2025-09-01 03:47:10
10222,208,498,view,2025-09-01 05:14:13
10223,273,498,like,2025-09-01 03:35:19
10224,170,498,follow,2025-09-01 05:17:03
10225,181,498,view,2025-09-01 04:03:17
10226,65,498,like,2025-09-01 05:44:34
10227,251,498,like,2025-09-01 03:28:46
10228,15,498,view,2025-09-01 03:37:03
10229,13,498,view,2025-09-01 03:46:51
10230,190,498,view,2025-09-01 03:31:09
10231,51,498,like,2025-09-01 04:47:34
10232,141,498,view,2025-09-01 03:53:03
10233,19,498,view,2025-09-01 03:49:45
10234,140,498,view,2025-09-01 03:42:37
10235,105,498,view,2025-09-01 05:16:51
10236,180,498,view,2025-09-01 03:54:53
10237,189,498,like,2025-09-01 06:41:46
10238,103,498,like,2025-09-01 05:33:21
10239,77,498,like,2025-09-01 04:04:53
10240,245,498,follow,2025-09-01 03:32:37
10241,94,498,view,2025-09-01 03:34:07
10242,30,498,view,2025-09-01 04:05:26
10243,194,498,view,2025-09-01 04:41:24
10244,102,498,view,2025-09-01 03:41:45
10245,5,499,view,2025-01-30 14:44:12
10246,272,499,view,2025-01-30 15:32:47
10247,160,499,view,2025-01-30 14:47:22
10248,252,499,follow,2025-01-30 15:31:20
10249,262,499,view,2025-01-30 16:39:51
10250,31,499,like,2025-01-30 14:48:16
10251,110,499,view,2025-01-30 16:25:46
10252,261,499,view,2025-01-30 15:55:28
10253,79,499,like,2025-01-30 14:47:40
10254,21,500,view,2025-07-10 02:12:57
10255,44,500,view,2025-07-10 02:23:22
10256,116,500,view,2025-07-10 02:04:32
10257,273,500,follow,2025-07-10 03:07:26
10258,19,500,like,2025-07-10 02:54:41
10259,128,500,view,2025-07-10 01:44:41
10260,291,500,view,2025-07-10 02:39:18
10261,190,500,like,2025-07-10 01:35:49
10262,122,500,like,2025-07-10 03:13:31
10263,64,500,like,2025-07-10 02:35:47
10264,297,500,follow,2025-07-10 01:40:43
10265,164,500,view,2025-07-10 04:19:56
10266,59,500,follow,2025-07-10 03:53:08
10267,4,500,view,2025-07-10 01:32:20
10268,222,500,like,2025-07-10 02:42:14
10269,18,500,view,2025-07-10 04:01:16
10270,220,500,view,2025-07-10 03:38:15
10271,236,500,follow,2025-07-10 01:58:59
10272,108,500,view,2025-07-10 05:04:58
10273,23,500,view,2025-07-10 03:47:14
10274,248,500,view,2025-07-10 03:00:22
10275,268,500,view,2025-07-10 04:44:25
10276,101,500,view,2025-07-10 02:45:44
10277,179,500,view,2025-07-10 01:52:49
10278,61,500,follow,2025-07-10 01:38:36
10279,82,500,like,2025-07-10 04:19:07
10280,192,500,view,2025-07-10 01:56:50
10281,166,500,view,2025-07-10 03:30:32
10282,141,500,view,2025-07-10 03:12:33
10283,144,500,view,2025-07-10 02:25:27
10284,272,500,view,2025-07-10 01:44:43
10285,8,500,view,2025-07-10 01:38:53
10286,291,500,like,2025-07-10 01:41:43
10287,43,500,view,2025-07-10 02:07:47
10288,126,500,like,2025-07-10 01:57:46
10289,288,500,follow,2025-07-10 02:27:33
10290,85,500,view,2025-07-10 01:38:44
10291,134,500,like,2025-07-10 02:49:27
10292,148,500,view,2025-07-10 01:36:51
10293,135,500,like,2025-07-10 02:23:49
10294,110,501,view,2025-04-20 18:35:29
10295,292,501,follow,2025-04-20 17:11:41
10296,150,501,view,2025-04-20 19:07:34
10297,160,501,view,2025-04-20 16:57:24
10298,13,501,like,2025-04-20 16:46:16
10299,161,501,follow,2025-04-20 17:50:14
10300,59,501,view,2025-04-20 20:14:22
10301,153,501,view,2025-04-20 17:11:49
10302,286,501,view,2025-04-20 17:20:40
10303,217,501,like,2025-04-20 17:57:43
10304,44,501,view,2025-04-20 16:52:31
10305,194,501,view,2025-04-20 17:13:07
10306,259,502,like,2025-03-11 18:23:01
10307,102,502,view,2025-03-11 15:39:41
10308,125,502,view,2025-03-11 15:43:11
10309,117,502,view,2025-03-11 15:40:51
10310,183,502,view,2025-03-11 16:40:12
10311,47,502,view,2025-03-11 17:02:21
10312,143,502,view,2025-03-11 15:43:05
10313,176,502,like,2025-03-11 19:13:07
10314,159,502,view,2025-03-11 16:25:35
10315,216,502,follow,2025-03-11 17:13:14
10316,238,502,like,2025-03-11 16:09:26
10317,152,502,follow,2025-03-11 16:10:58
10318,110,502,view,2025-03-11 15:41:33
10319,279,502,view,2025-03-11 15:48:22
10320,235,502,like,2025-03-11 15:42:39
10321,238,502,view,2025-03-11 15:31:43
10322,299,502,like,2025-03-11 17:21:03
10323,185,502,view,2025-03-11 15:40:19
10324,183,502,view,2025-03-11 16:38:19
10325,291,502,like,2025-03-11 16:02:59
10326,40,502,follow,2025-03-11 16:13:30
10327,227,503,view,2025-04-14 21:35:16
10328,232,503,view,2025-04-14 20:37:14
10329,92,503,like,2025-04-14 21:35:29
10330,107,503,view,2025-04-14 22:07:30
10331,276,503,view,2025-04-14 22:16:49
10332,98,503,like,2025-04-14 21:35:42
10333,264,503,like,2025-04-14 21:13:10
10334,8,503,follow,2025-04-14 23:20:58
10335,123,503,like,2025-04-14 22:40:01
10336,50,503,like,2025-04-14 20:34:21
10337,80,503,view,2025-04-14 21:50:53
10338,210,503,like,2025-04-14 20:57:11
10339,247,503,view,2025-04-14 21:34:20
10340,157,503,like,2025-04-14 20:34:11
10341,175,503,view,2025-04-14 22:09:03
10342,43,503,follow,2025-04-14 20:57:50
10343,274,503,view,2025-04-14 20:37:37
10344,21,503,view,2025-04-14 20:53:27
10345,89,503,follow,2025-04-14 20:55:50
10346,156,503,view,2025-04-14 22:39:22
10347,50,503,like,2025-04-14 20:35:07
10348,26,503,view,2025-04-14 21:08:38
10349,142,503,like,2025-04-14 21:04:26
10350,157,503,like,2025-04-14 21:23:36
10351,185,503,view,2025-04-14 21:48:24
10352,10,503,view,2025-04-14 20:32:40
10353,285,503,like,2025-04-14 21:29:35
10354,154,503,view,2025-04-14 20:53:53
10355,157,503,view,2025-04-14 21:25:40
10356,117,503,view,2025-04-14 21:15:29
10357,285,503,like,2025-04-14 21:40:33
10358,294,503,like,2025-04-14 22:39:13
10359,110,503,view,2025-04-14 20:31:26
10360,2,503,like,2025-04-14 23:57:16
10361,179,503,view,2025-04-14 21:41:37
10362,183,503,view,2025-04-14 22:26:01
10363,112,503,follow,2025-04-14 23:10:01
10364,271,503,view,2025-04-14 20:49:42
10365,141,504,view,2025-07-01 07:44:43
10366,185,504,view,2025-07-01 07:54:58
10367,250,504,like,2025-07-01 08:42:41
10368,78,504,view,2025-07-01 08:13:33
10369,20,504,follow,2025-07-01 07:08:46
10370,74,504,view,2025-07-01 06:19:24
10371,72,504,view,2025-07-01 07:07:47
10372,102,504,follow,2025-07-01 06:27:26
10373,88,504,view,2025-07-01 06:10:10
10374,294,504,view,2025-07-01 06:19:49
10375,28,504,like,2025-07-01 07:04:48
10376,188,504,view,2025-07-01 07:26:06
10377,44,504,view,2025-07-01 07:58:01
10378,197,504,view,2025-07-01 06:22:39
10379,166,504,follow,2025-07-01 07:51:55
10380,55,504,view,2025-07-01 06:18:13
10381,133,504,like,2025-07-01 08:45:06
10382,23,504,follow,2025-07-01 06:49:28
10383,48,504,view,2025-07-01 06:19:50
10384,196,504,follow,2025-07-01 06:35:38
10385,84,504,like,2025-07-01 07:00:49
10386,287,504,view,2025-07-01 09:03:47
10387,299,504,view,2025-07-01 07:30:02
10388,231,504,like,2025-07-01 07:19:56
10389,196,504,view,2025-07-01 07:36:38
10390,143,504,view,2025-07-01 06:08:54
10391,149,504,like,2025-07-01 06:27:13
10392,166,504,view,2025-07-01 07:07:31
10393,48,504,follow,2025-07-01 06:31:52
10394,155,505,follow,2025-06-24 00:32:22
10395,21,505,follow,2025-06-24 01:42:57
10396,92,505,view,2025-06-24 01:05:45
10397,155,505,view,2025-06-24 00:32:39
10398,103,505,like,2025-06-24 00:35:24
10399,96,505,view,2025-06-24 02:44:09
10400,134,505,view,2025-06-24 01:51:02
10401,33,505,view,2025-06-24 01:30:55
10402,80,505,view,2025-06-24 01:18:11
10403,15,506,like,2025-03-04 09:36:55
10404,28,506,follow,2025-03-04 09:04:55
10405,252,506,follow,2025-03-04 11:20:14
10406,208,506,view,2025-03-04 12:21:59
10407,56,506,view,2025-03-04 09:34:40
10408,110,506,view,2025-03-04 08:50:31
10409,299,506,like,2025-03-04 09:46:50
10410,208,506,like,2025-03-04 11:06:04
10411,208,506,view,2025-03-04 09:32:42
10412,137,506,like,2025-03-04 09:35:59
10413,94,506,view,2025-03-04 10:52:26
10414,144,506,like,2025-03-04 09:01:53
10415,89,506,view,2025-03-04 09:17:32
10416,38,506,view,2025-03-04 10:26:24
10417,15,506,view,2025-03-04 10:26:52
10418,105,506,view,2025-03-04 11:59:48
10419,41,506,view,2025-03-04 10:19:32
10420,63,506,view,2025-03-04 09:40:32
10421,259,506,view,2025-03-04 09:49:45
10422,228,506,view,2025-03-04 09:14:51
10423,215,506,view,2025-03-04 10:04:30
10424,177,506,like,2025-03-04 08:51:01
10425,38,506,view,2025-03-04 09:21:15
10426,233,506,follow,2025-03-04 08:47:49
10427,158,506,like,2025-03-04 10:44:53
10428,142,506,view,2025-03-04 08:52:58
10429,142,506,like,2025-03-04 09:51:51
10430,223,506,view,2025-03-04 09:40:26
10431,143,506,view,2025-03-04 09:34:02
10432,30,506,view,2025-03-04 09:12:06
10433,185,506,like,2025-03-04 08:48:29
10434,173,506,view,2025-03-04 09:36:01
10435,282,506,view,2025-03-04 11:02:46
10436,5,506,like,2025-03-04 09:09:19
10437,258,506,like,2025-03-04 09:40:01
10438,270,506,like,2025-03-04 10:09:38
10439,17,507,like,2025-09-26 13:51:47
10440,41,507,view,2025-09-26 13:27:24
10441,160,507,view,2025-09-26 13:18:42
10442,140,507,view,2025-09-26 13:07:44
10443,18,507,like,2025-09-26 15:24:58
10444,32,507,view,2025-09-26 13:49:22
10445,278,507,view,2025-09-26 13:57:21
10446,129,507,view,2025-09-26 13:10:53
10447,23,507,view,2025-09-26 15:04:29
10448,45,507,view,2025-09-26 14:52:29
10449,286,507,like,2025-09-26 14:53:38
10450,265,508,view,2025-01-23 23:06:47
10451,113,508,view,2025-01-23 22:12:12
10452,26,508,follow,2025-01-23 22:26:40
10453,31,508,view,2025-01-24 01:10:27
10454,203,508,like,2025-01-23 22:23:15
10455,36,508,view,2025-01-23 22:04:50
10456,264,508,follow,2025-01-24 00:27:22
10457,17,508,view,2025-01-23 22:19:42
10458,269,508,view,2025-01-23 22:23:32
10459,89,508,view,2025-01-23 22:14:15
10460,96,508,like,2025-01-23 22:26:02
10461,231,508,follow,2025-01-24 00:42:51
10462,247,508,view,2025-01-23 22:06:36
10463,128,508,follow,2025-01-23 22:32:06
10464,92,508,view,2025-01-23 21:59:16
10465,189,508,view,2025-01-24 00:06:35
10466,27,508,view,2025-01-23 23:20:44
10467,68,508,like,2025-01-23 23:04:19
10468,238,508,follow,2025-01-23 22:03:51
10469,265,508,view,2025-01-23 22:31:12
10470,220,508,like,2025-01-23 22:21:16
10471,192,508,view,2025-01-23 23:14:21
10472,218,508,view,2025-01-23 22:19:00
10473,139,508,view,2025-01-23 22:02:15
10474,194,508,like,2025-01-23 22:12:41
10475,108,508,view,2025-01-23 23:44:33
10476,105,508,view,2025-01-23 23:57:12
10477,166,508,view,2025-01-23 22:23:35
10478,277,508,like,2025-01-24 00:43:37
10479,40,508,follow,2025-01-23 22:26:27
10480,81,508,like,2025-01-23 22:49:34
10481,269,508,view,2025-01-23 22:06:44
10482,151,508,view,2025-01-23 22:03:11
10483,273,508,view,2025-01-23 22:02:51
10484,72,508,follow,2025-01-24 00:32:52
10485,12,509,view,2025-06-17 22:03:10
10486,282,509,like,2025-06-17 23:05:55
10487,17,509,follow,2025-06-17 22:20:37
10488,173,509,view,2025-06-17 23:56:01
10489,136,509,view,2025-06-17 22:00:43
10490,251,509,view,2025-06-17 22:14:01
10491,148,509,view,2025-06-17 22:35:06
10492,46,509,like,2025-06-17 22:06:11
10493,115,509,like,2025-06-17 22:33:52
10494,69,510,view,2025-05-05 09:34:54
10495,264,510,view,2025-05-05 09:50:06
10496,225,510,like,2025-05-05 10:11:55
10497,270,510,view,2025-05-05 09:23:14
10498,254,510,view,2025-05-05 09:16:55
10499,19,510,like,2025-05-05 09:25:21
10500,195,510,view,2025-05-05 09:21:34
10501,5,510,view,2025-05-05 09:49:29
10502,93,510,view,2025-05-05 11:11:59
10503,63,510,view,2025-05-05 09:23:19
10504,55,510,like,2025-05-05 10:02:59
10505,226,510,follow,2025-05-05 09:40:00
10506,240,510,view,2025-05-05 09:20:27
10507,241,511,follow,2025-08-17 01:15:46
10508,142,511,follow,2025-08-17 01:00:05
10509,45,511,like,2025-08-17 01:17:39
10510,277,511,like,2025-08-17 01:30:06
10511,102,511,view,2025-08-17 03:22:22
10512,217,512,view,2025-08-14 04:45:19
10513,96,512,view,2025-08-14 04:56:37
10514,98,512,view,2025-08-14 05:36:28
10515,45,512,like,2025-08-14 04:10:33
10516,252,512,view,2025-08-14 05:08:10
10517,91,512,follow,2025-08-14 04:34:38
10518,133,512,like,2025-08-14 04:46:20
10519,72,512,follow,2025-08-14 04:13:01
10520,75,512,like,2025-08-14 04:17:04
10521,149,513,view,2025-09-07 04:01:22
10522,87,513,view,2025-09-07 04:26:35
10523,121,513,view,2025-09-07 06:34:13
10524,73,513,view,2025-09-07 04:22:40
10525,155,513,like,2025-09-07 06:09:56
10526,3,513,like,2025-09-07 05:15:14
10527,78,513,view,2025-09-07 05:14:15
10528,255,513,view,2025-09-07 06:10:56
10529,77,513,view,2025-09-07 05:08:17
10530,217,513,like,2025-09-07 04:51:50
10531,150,513,like,2025-09-07 05:05:47
10532,256,513,like,2025-09-07 06:10:07
10533,131,513,follow,2025-09-07 04:07:32
10534,98,513,like,2025-09-07 04:44:09
10535,37,513,view,2025-09-07 04:54:24
10536,173,513,view,2025-09-07 04:01:39
10537,263,513,follow,2025-09-07 07:13:24
10538,246,513,like,2025-09-07 06:19:27
10539,126,513,view,2025-09-07 05:05:40
10540,159,513,like,2025-09-07 04:24:18
10541,50,513,like,2025-09-07 06:14:23
10542,159,513,view,2025-09-07 04:16:35
10543,213,513,view,2025-09-07 06:08:29
10544,253,513,like,2025-09-07 04:48:17
10545,258,513,view,2025-09-07 04:17:23
10546,166,513,view,2025-09-07 04:40:16
10547,260,513,like,2025-09-07 06:40:22
10548,92,513,view,2025-09-07 06:11:36
10549,128,513,view,2025-09-07 06:22:33
10550,148,513,like,2025-09-07 05:26:46
10551,189,514,view,2025-05-13 07:52:53
10552,149,514,view,2025-05-13 08:07:47
10553,284,514,like,2025-05-13 06:53:04
10554,280,514,view,2025-05-13 08:17:28
10555,4,514,like,2025-05-13 07:11:27
10556,260,514,follow,2025-05-13 07:02:30
10557,104,514,view,2025-05-13 07:08:50
10558,208,514,view,2025-05-13 06:48:31
10559,233,514,view,2025-05-13 07:13:51
10560,37,514,view,2025-05-13 07:34:06
10561,65,514,like,2025-05-13 07:59:50
10562,118,514,view,2025-05-13 09:24:27
10563,185,514,follow,2025-05-13 06:52:13
10564,283,514,follow,2025-05-13 07:56:30
10565,14,514,view,2025-05-13 06:44:49
10566,116,514,view,2025-05-13 08:41:04
10567,164,514,view,2025-05-13 07:19:16
10568,210,514,view,2025-05-13 07:08:58
10569,267,514,view,2025-05-13 08:09:04
10570,289,514,view,2025-05-13 08:32:45
10571,191,514,view,2025-05-13 08:12:32
10572,238,514,view,2025-05-13 07:00:03
10573,274,514,view,2025-05-13 07:24:10
10574,99,514,view,2025-05-13 07:54:57
10575,134,514,view,2025-05-13 07:52:27
10576,290,514,view,2025-05-13 06:49:26
10577,294,514,follow,2025-05-13 06:52:53
10578,52,514,view,2025-05-13 08:09:28
10579,273,514,view,2025-05-13 06:50:33
10580,132,514,like,2025-05-13 08:47:03
10581,44,514,like,2025-05-13 08:09:29
10582,251,514,like,2025-05-13 06:57:34
10583,298,514,follow,2025-05-13 07:46:53
10584,120,514,like,2025-05-13 07:14:01
10585,190,514,like,2025-05-13 09:13:28
10586,177,514,like,2025-05-13 06:58:08
10587,42,514,follow,2025-05-13 06:47:26
10588,216,514,view,2025-05-13 08:24:01
10589,110,516,view,2025-05-18 18:45:44
10590,160,516,like,2025-05-18 16:45:08
10591,240,516,like,2025-05-18 18:48:44
10592,289,516,like,2025-05-18 17:07:02
10593,65,516,follow,2025-05-18 16:33:33
10594,145,516,like,2025-05-18 17:53:22
10595,90,516,view,2025-05-18 17:31:27
10596,98,516,follow,2025-05-18 16:25:23
10597,13,516,like,2025-05-18 16:50:04
10598,146,516,view,2025-05-18 16:30:43
10599,237,516,view,2025-05-18 16:43:44
10600,26,516,like,2025-05-18 17:26:08
10601,246,516,like,2025-05-18 17:16:53
10602,290,516,view,2025-05-18 16:51:25
10603,148,516,view,2025-05-18 17:16:10
10604,56,516,view,2025-05-18 16:20:58
10605,107,516,view,2025-05-18 17:36:05
10606,284,516,view,2025-05-18 16:30:18
10607,217,516,view,2025-05-18 17:09:05
10608,160,516,view,2025-05-18 18:06:03
10609,82,516,view,2025-05-18 18:28:10
10610,207,516,view,2025-05-18 17:10:58
10611,106,516,like,2025-05-18 17:16:07
10612,254,516,view,2025-05-18 18:50:09
10613,202,516,view,2025-05-18 16:39:12
10614,187,516,view,2025-05-18 17:04:10
10615,278,516,like,2025-05-18 16:41:01
10616,194,516,view,2025-05-18 16:56:53
10617,151,516,view,2025-05-18 16:38:48
10618,259,516,view,2025-05-18 16:20:06
10619,162,516,view,2025-05-18 17:16:12
10620,126,516,view,2025-05-18 17:10:01
10621,50,516,follow,2025-05-18 16:44:58
10622,120,516,view,2025-05-18 19:11:55
10623,212,516,like,2025-05-18 16:18:11
10624,223,516,view,2025-05-18 17:47:55
10625,72,516,view,2025-05-18 16:17:50
10626,259,516,view,2025-05-18 16:57:27
10627,298,516,like,2025-05-18 16:17:21
10628,11,517,view,2025-06-25 06:23:26
10629,94,517,follow,2025-06-25 05:45:55
10630,176,517,follow,2025-06-25 06:21:11
10631,268,517,view,2025-06-25 05:47:03
10632,273,517,view,2025-06-25 05:38:53
10633,107,517,view,2025-06-25 05:39:45
10634,229,517,view,2025-06-25 07:59:45
10635,217,517,like,2025-06-25 05:32:12
10636,95,517,like,2025-06-25 06:06:25
10637,180,517,view,2025-06-25 05:47:45
10638,109,517,like,2025-06-25 05:45:08
10639,189,517,view,2025-06-25 07:20:09
10640,243,518,view,2025-09-05 03:08:48
10641,207,518,view,2025-09-05 01:45:07
10642,147,518,like,2025-09-05 02:34:31
10643,237,518,follow,2025-09-05 04:06:15
10644,217,518,view,2025-09-05 01:52:58
10645,81,518,follow,2025-09-05 01:27:39
10646,272,518,view,2025-09-05 02:39:31
10647,266,518,view,2025-09-05 01:22:49
10648,289,518,view,2025-09-05 01:41:42
10649,130,518,like,2025-09-05 03:47:33
10650,36,518,like,2025-09-05 01:27:50
10651,268,518,view,2025-09-05 01:42:37
10652,291,518,like,2025-09-05 03:06:32
10653,101,518,view,2025-09-05 01:23:29
10654,150,518,view,2025-09-05 02:41:37
10655,163,518,view,2025-09-05 01:19:20
10656,192,518,view,2025-09-05 01:12:22
10657,133,518,view,2025-09-05 01:23:43
10658,210,518,view,2025-09-05 02:02:27
10659,290,518,view,2025-09-05 01:21:50
10660,48,518,like,2025-09-05 01:25:51
10661,37,518,like,2025-09-05 02:46:00
10662,89,518,follow,2025-09-05 02:17:57
10663,283,518,like,2025-09-05 04:15:38
10664,224,518,view,2025-09-05 02:36:03
10665,294,518,view,2025-09-05 01:18:20
10666,184,518,follow,2025-09-05 03:36:53
10667,162,518,follow,2025-09-05 04:55:23
10668,83,519,like,2025-01-19 02:43:23
10669,163,519,view,2025-01-19 03:15:35
10670,278,519,view,2025-01-19 04:17:28
10671,126,519,like,2025-01-19 03:11:57
10672,89,519,view,2025-01-19 02:51:04
10673,164,519,view,2025-01-19 03:27:02
10674,62,519,like,2025-01-19 03:15:47
10675,47,519,like,2025-01-19 02:58:35
10676,65,519,follow,2025-01-19 02:56:00
10677,261,519,like,2025-01-19 05:56:47
10678,149,519,like,2025-01-19 03:57:00
10679,82,519,view,2025-01-19 02:51:40
10680,109,519,view,2025-01-19 03:05:33
10681,97,519,like,2025-01-19 02:43:36
10682,256,519,view,2025-01-19 03:17:58
10683,93,519,view,2025-01-19 02:47:45
10684,93,519,follow,2025-01-19 04:52:09
10685,60,519,follow,2025-01-19 03:06:43
10686,296,519,follow,2025-01-19 02:46:49
10687,77,519,view,2025-01-19 03:01:58
10688,145,519,follow,2025-01-19 04:36:01
10689,8,519,view,2025-01-19 02:54:16
10690,215,519,view,2025-01-19 03:38:02
10691,264,519,view,2025-01-19 03:25:01
10692,141,519,like,2025-01-19 05:01:51
10693,107,519,view,2025-01-19 04:08:52
10694,186,519,follow,2025-01-19 03:41:23
10695,265,519,view,2025-01-19 02:44:47
10696,132,519,like,2025-01-19 02:58:22
10697,84,519,like,2025-01-19 03:12:39
10698,139,519,like,2025-01-19 04:03:52
10699,248,519,follow,2025-01-19 02:56:13
10700,142,519,follow,2025-01-19 02:49:15
10701,248,519,view,2025-01-19 03:56:37
10702,206,519,like,2025-01-19 03:42:39
10703,150,519,view,2025-01-19 04:44:43
10704,254,520,view,2025-07-20 17:52:33
10705,89,520,view,2025-07-20 17:19:44
10706,6,520,view,2025-07-20 18:01:45
10707,186,520,like,2025-07-20 18:50:40
10708,71,520,view,2025-07-20 18:11:23
10709,101,520,view,2025-07-20 18:23:38
10710,88,520,view,2025-07-20 19:38:01
10711,11,520,view,2025-07-20 18:24:44
10712,195,520,view,2025-07-20 18:08:58
10713,189,520,view,2025-07-20 18:45:25
10714,275,520,like,2025-07-20 17:39:02
10715,94,520,view,2025-07-20 18:48:14
10716,171,520,view,2025-07-20 18:32:05
10717,209,520,view,2025-07-20 19:30:42
10718,147,520,view,2025-07-20 19:31:55
10719,155,520,like,2025-07-20 17:55:24
10720,106,520,like,2025-07-20 18:11:06
10721,200,520,view,2025-07-20 17:28:28
10722,192,520,like,2025-07-20 17:19:44
10723,158,520,like,2025-07-20 20:21:08
10724,267,520,like,2025-07-20 20:24:48
10725,69,520,view,2025-07-20 18:40:28
10726,197,520,follow,2025-07-20 18:14:49
10727,26,520,view,2025-07-20 17:35:03
10728,211,520,like,2025-07-20 18:30:20
10729,94,520,like,2025-07-20 17:28:01
10730,216,521,like,2025-08-18 14:33:37
10731,109,521,view,2025-08-18 17:14:21
10732,49,521,view,2025-08-18 14:48:54
10733,88,521,like,2025-08-18 17:24:45
10734,250,521,view,2025-08-18 14:25:02
10735,65,521,view,2025-08-18 16:44:32
10736,34,521,like,2025-08-18 15:26:28
10737,14,521,view,2025-08-18 14:42:06
10738,42,521,view,2025-08-18 14:37:09
10739,74,521,follow,2025-08-18 16:28:37
10740,167,521,like,2025-08-18 14:22:59
10741,128,521,view,2025-08-18 14:35:46
10742,116,521,follow,2025-08-18 15:57:41
10743,165,521,view,2025-08-18 14:47:32
10744,198,521,view,2025-08-18 14:25:22
10745,110,521,view,2025-08-18 15:44:27
10746,155,522,view,2025-09-22 03:11:42
10747,65,522,like,2025-09-22 02:47:47
10748,34,522,view,2025-09-22 03:10:56
10749,156,522,view,2025-09-22 04:21:46
10750,166,522,view,2025-09-22 04:41:19
10751,208,522,view,2025-09-22 05:44:30
10752,234,522,like,2025-09-22 03:01:52
10753,35,522,like,2025-09-22 02:50:39
10754,214,522,like,2025-09-22 03:50:32
10755,80,522,follow,2025-09-22 04:45:07
10756,166,522,view,2025-09-22 04:14:39
10757,73,522,view,2025-09-22 03:14:00
10758,161,522,like,2025-09-22 02:58:01
10759,44,522,view,2025-09-22 06:36:57
10760,176,522,view,2025-09-22 04:07:21
10761,192,522,view,2025-09-22 02:53:57
10762,189,522,follow,2025-09-22 03:43:32
10763,123,522,view,2025-09-22 03:24:59
10764,181,522,view,2025-09-22 02:50:06
10765,117,522,view,2025-09-22 03:16:50
10766,270,522,like,2025-09-22 03:50:54
10767,126,522,like,2025-09-22 02:55:22
10768,297,522,like,2025-09-22 03:45:51
10769,227,522,view,2025-09-22 04:38:14
10770,118,522,view,2025-09-22 04:54:29
10771,207,523,follow,2025-09-28 08:10:14
10772,121,523,follow,2025-09-28 09:00:09
10773,223,523,like,2025-09-28 07:57:25
10774,75,523,view,2025-09-28 09:01:48
10775,182,523,view,2025-09-28 08:30:36
10776,294,523,like,2025-09-28 11:13:37
10777,196,523,view,2025-09-28 08:23:06
10778,91,523,view,2025-09-28 09:17:51
10779,102,523,like,2025-09-28 08:09:48
10780,126,523,view,2025-09-28 11:29:09
10781,43,523,view,2025-09-28 09:01:33
10782,198,523,view,2025-09-28 08:44:13
10783,31,523,like,2025-09-28 09:03:20
10784,298,523,like,2025-09-28 08:09:04
10785,103,523,like,2025-09-28 07:58:22
10786,143,523,like,2025-09-28 07:58:01
10787,296,523,like,2025-09-28 08:25:02
10788,230,523,view,2025-09-28 09:46:57
10789,233,523,like,2025-09-28 08:50:29
10790,248,523,follow,2025-09-28 08:06:16
10791,230,523,follow,2025-09-28 09:29:37
10792,2,523,view,2025-09-28 08:12:49
10793,170,523,like,2025-09-28 07:55:53
10794,123,523,view,2025-09-28 09:32:23
10795,172,523,view,2025-09-28 08:04:50
10796,208,523,follow,2025-09-28 08:00:50
10797,280,523,view,2025-09-28 08:19:36
10798,143,523,view,2025-09-28 09:05:45
10799,297,523,like,2025-09-28 09:53:42
10800,24,523,view,2025-09-28 08:56:31
10801,112,523,view,2025-09-28 07:53:23
10802,274,523,view,2025-09-28 10:05:04
10803,22,525,view,2025-07-04 17:05:20
10804,39,525,like,2025-07-04 17:09:08
10805,240,525,like,2025-07-04 18:11:51
10806,12,525,view,2025-07-04 18:27:14
10807,99,525,like,2025-07-04 19:15:12
10808,47,525,like,2025-07-04 17:59:13
10809,11,525,view,2025-07-04 18:05:43
10810,245,525,view,2025-07-04 18:43:04
10811,73,525,like,2025-07-04 17:28:07
10812,18,525,like,2025-07-04 18:46:23
10813,212,525,like,2025-07-04 18:24:47
10814,18,525,view,2025-07-04 17:22:27
10815,294,525,view,2025-07-04 18:35:58
10816,147,525,view,2025-07-04 17:16:31
10817,7,525,view,2025-07-04 18:23:40
10818,233,525,like,2025-07-04 17:12:32
10819,199,525,view,2025-07-04 17:51:17
10820,221,526,view,2025-08-28 14:21:25
10821,298,526,like,2025-08-28 15:03:27
10822,89,526,like,2025-08-28 15:21:08
10823,14,526,view,2025-08-28 14:16:44
10824,191,526,like,2025-08-28 15:00:07
10825,207,526,like,2025-08-28 16:22:33
10826,299,526,like,2025-08-28 14:10:27
10827,185,526,view,2025-08-28 14:34:25
10828,50,526,follow,2025-08-28 15:50:39
10829,104,526,follow,2025-08-28 14:18:46
10830,186,526,view,2025-08-28 14:23:14
10831,187,526,like,2025-08-28 14:37:10
10832,241,526,view,2025-08-28 14:47:32
10833,151,526,view,2025-08-28 17:05:14
10834,196,526,view,2025-08-28 15:00:17
10835,289,526,view,2025-08-28 14:54:09
10836,129,526,like,2025-08-28 14:10:01
10837,107,526,view,2025-08-28 16:01:13
10838,76,526,view,2025-08-28 14:57:46
10839,234,526,view,2025-08-28 15:11:13
10840,207,526,view,2025-08-28 15:06:38
10841,146,526,view,2025-08-28 14:46:26
10842,160,526,view,2025-08-28 14:35:31
10843,32,526,like,2025-08-28 16:33:27
10844,159,526,like,2025-08-28 14:24:15
10845,261,526,like,2025-08-28 14:14:07
10846,166,527,view,2025-01-04 12:34:02
10847,166,527,like,2025-01-04 14:04:52
10848,199,527,view,2025-01-04 12:40:49
10849,199,527,follow,2025-01-04 12:29:35
10850,223,527,like,2025-01-04 12:29:26
10851,121,527,view,2025-01-04 13:58:45
10852,191,527,view,2025-01-04 13:25:47
10853,258,527,view,2025-01-04 12:16:45
10854,76,527,like,2025-01-04 14:53:54
10855,289,527,follow,2025-01-04 12:34:42
10856,168,527,view,2025-01-04 12:33:57
10857,13,527,like,2025-01-04 12:13:30
10858,1,527,view,2025-01-04 12:17:40
10859,35,527,view,2025-01-04 13:33:42
10860,142,527,view,2025-01-04 12:17:56
10861,107,527,like,2025-01-04 12:45:47
10862,298,527,view,2025-01-04 13:01:32
10863,79,527,view,2025-01-04 14:52:43
10864,220,527,follow,2025-01-04 13:37:18
10865,261,527,follow,2025-01-04 13:15:56
10866,154,527,view,2025-01-04 14:21:31
10867,289,527,follow,2025-01-04 15:37:48
10868,268,527,follow,2025-01-04 13:08:54
10869,99,527,follow,2025-01-04 12:13:03
10870,72,527,follow,2025-01-04 14:38:33
10871,216,527,view,2025-01-04 12:34:14
10872,298,527,like,2025-01-04 12:31:01
10873,64,527,follow,2025-01-04 13:24:59
10874,128,527,view,2025-01-04 15:33:09
10875,53,527,follow,2025-01-04 12:19:56
10876,279,527,like,2025-01-04 12:22:59
10877,238,529,like,2025-08-24 23:11:17
10878,75,529,view,2025-08-24 22:56:09
10879,81,529,view,2025-08-24 22:24:23
10880,154,529,view,2025-08-24 22:13:48
10881,172,529,like,2025-08-25 00:11:23
10882,87,529,view,2025-08-24 22:59:34
10883,98,529,like,2025-08-24 23:23:25
10884,93,529,follow,2025-08-24 22:21:06
10885,16,529,like,2025-08-24 22:22:06
10886,278,529,view,2025-08-24 23:15:12
10887,255,529,view,2025-08-24 22:24:36
10888,266,529,like,2025-08-24 22:47:21
10889,233,529,like,2025-08-24 22:34:22
10890,16,530,view,2025-03-16 06:07:29
10891,81,530,view,2025-03-16 05:36:30
10892,22,530,view,2025-03-16 06:37:49
10893,41,530,view,2025-03-16 05:55:38
10894,52,530,view,2025-03-16 05:31:00
10895,122,530,view,2025-03-16 05:40:17
10896,62,530,view,2025-03-16 05:14:29
10897,54,530,follow,2025-03-16 06:27:06
10898,15,531,view,2025-02-02 18:37:47
10899,13,531,follow,2025-02-02 19:15:24
10900,254,531,like,2025-02-02 18:17:48
10901,240,532,view,2025-09-28 21:23:00
10902,57,532,view,2025-09-28 22:20:43
10903,256,533,view,2025-01-18 20:41:29
10904,3,533,view,2025-01-18 20:34:38
10905,90,533,view,2025-01-18 20:42:58
10906,52,533,like,2025-01-18 21:06:14
10907,106,533,view,2025-01-18 20:28:59
10908,205,533,view,2025-01-18 21:30:57
10909,132,533,like,2025-01-18 20:36:24
10910,74,533,like,2025-01-18 20:37:14
10911,62,533,like,2025-01-18 21:30:08
10912,204,533,view,2025-01-18 20:37:57
10913,118,533,like,2025-01-18 20:25:08
10914,17,533,like,2025-01-18 21:05:22
10915,114,533,view,2025-01-18 22:26:17
10916,42,533,view,2025-01-18 20:26:39
10917,237,533,view,2025-01-18 21:19:56
10918,18,533,like,2025-01-18 22:30:04
10919,198,533,like,2025-01-18 21:45:14
10920,115,533,view,2025-01-18 21:02:45
10921,155,533,view,2025-01-18 20:35:08
10922,90,533,view,2025-01-18 21:46:10
10923,141,533,follow,2025-01-18 20:42:30
10924,240,533,view,2025-01-18 20:28:04
10925,215,533,like,2025-01-18 21:57:23
10926,205,533,view,2025-01-18 23:06:43
10927,292,533,view,2025-01-18 22:29:18
10928,147,533,follow,2025-01-18 22:46:17
10929,140,533,view,2025-01-18 20:50:15
10930,300,533,view,2025-01-18 21:10:42
10931,118,533,like,2025-01-18 20:46:39
10932,133,533,view,2025-01-18 21:09:25
10933,202,533,view,2025-01-18 22:16:16
10934,235,533,like,2025-01-18 21:45:13
10935,256,533,view,2025-01-18 21:07:38
10936,86,533,like,2025-01-18 20:28:41
10937,268,533,view,2025-01-18 21:26:02
10938,122,533,follow,2025-01-18 21:45:48
10939,45,533,follow,2025-01-18 20:45:57
10940,266,534,like,2025-02-18 07:41:32
10941,163,534,view,2025-02-18 07:32:00
10942,180,534,like,2025-02-18 08:07:45
10943,223,534,view,2025-02-18 10:31:28
10944,75,534,view,2025-02-18 10:52:58
10945,122,534,view,2025-02-18 07:21:26
10946,80,534,view,2025-02-18 07:52:29
10947,136,534,view,2025-02-18 08:19:21
10948,54,534,view,2025-02-18 09:14:53
10949,27,534,like,2025-02-18 09:31:53
10950,131,535,like,2025-02-20 14:02:45
10951,131,535,like,2025-02-20 14:10:15
10952,89,535,view,2025-02-20 15:30:57
10953,275,535,follow,2025-02-20 13:22:56
10954,113,535,like,2025-02-20 13:28:13
10955,293,535,like,2025-02-20 13:28:57
10956,25,535,like,2025-02-20 13:51:35
10957,86,535,follow,2025-02-20 13:55:11
10958,296,535,like,2025-02-20 13:26:40
10959,208,535,view,2025-02-20 14:12:27
10960,286,535,like,2025-02-20 15:51:34
10961,77,535,like,2025-02-20 14:53:15
10962,225,535,view,2025-02-20 14:21:36
10963,195,535,like,2025-02-20 13:25:43
10964,227,535,view,2025-02-20 13:43:37
10965,15,535,view,2025-02-20 14:06:30
10966,190,535,view,2025-02-20 15:42:09
10967,153,535,follow,2025-02-20 15:02:15
10968,236,535,follow,2025-02-20 15:04:53
10969,52,535,like,2025-02-20 13:28:44
10970,237,535,view,2025-02-20 14:38:43
10971,253,535,view,2025-02-20 14:53:00
10972,106,535,view,2025-02-20 14:54:36
10973,244,535,view,2025-02-20 14:00:30
10974,74,536,like,2025-03-14 02:46:20
10975,22,536,follow,2025-03-14 03:37:47
10976,46,536,like,2025-03-14 05:16:07
10977,57,536,view,2025-03-14 05:37:00
10978,69,536,view,2025-03-14 03:16:26
10979,254,536,like,2025-03-14 04:13:01
10980,86,536,like,2025-03-14 04:45:12
10981,162,536,view,2025-03-14 03:12:20
10982,198,536,view,2025-03-14 02:42:41
10983,65,536,view,2025-03-14 05:05:00
10984,206,536,view,2025-03-14 04:31:41
10985,275,536,like,2025-03-14 03:07:40
10986,156,536,view,2025-03-14 04:28:57
10987,90,536,view,2025-03-14 02:47:23
10988,135,536,view,2025-03-14 04:13:23
10989,36,536,like,2025-03-14 02:39:00
10990,184,536,view,2025-03-14 04:06:35
10991,129,536,follow,2025-03-14 02:44:54
10992,209,536,like,2025-03-14 04:18:34
10993,6,536,view,2025-03-14 03:15:58
10994,90,536,like,2025-03-14 03:38:07
10995,137,536,like,2025-03-14 03:05:10
10996,16,536,view,2025-03-14 03:29:50
10997,132,536,view,2025-03-14 04:05:42
10998,235,536,view,2025-03-14 02:50:18
10999,246,536,like,2025-03-14 03:42:56
11000,170,536,view,2025-03-14 04:51:32
11001,140,536,follow,2025-03-14 04:34:30
11002,178,536,like,2025-03-14 02:44:29
11003,133,536,view,2025-03-14 04:01:50
11004,290,536,follow,2025-03-14 02:52:28
11005,102,536,follow,2025-03-14 03:29:43
11006,17,536,like,2025-03-14 04:03:42
11007,218,536,follow,2025-03-14 04:42:21
11008,181,536,like,2025-03-14 03:02:26
11009,290,536,view,2025-03-14 05:06:09
11010,264,537,view,2025-06-24 13:23:56
11011,186,537,like,2025-06-24 13:18:48
11012,136,537,like,2025-06-24 13:53:30
11013,82,537,view,2025-06-24 14:55:07
11014,291,537,view,2025-06-24 13:53:24
11015,125,537,follow,2025-06-24 13:56:41
11016,29,537,view,2025-06-24 14:15:17
11017,92,537,view,2025-06-24 13:58:33
11018,285,537,view,2025-06-24 13:49:36
11019,153,537,like,2025-06-24 13:15:37
11020,7,538,follow,2025-05-06 15:11:30
11021,277,538,follow,2025-05-06 13:05:35
11022,224,538,view,2025-05-06 12:51:37
11023,252,539,view,2025-07-27 14:03:05
11024,102,539,view,2025-07-27 12:11:52
11025,277,539,view,2025-07-27 12:26:33
11026,193,539,view,2025-07-27 13:53:04
11027,300,539,view,2025-07-27 13:10:10
11028,271,539,like,2025-07-27 12:52:13
11029,182,539,like,2025-07-27 12:27:09
11030,30,539,view,2025-07-27 12:55:28
11031,81,539,like,2025-07-27 12:40:52
11032,243,539,like,2025-07-27 13:21:09
11033,177,539,like,2025-07-27 12:25:01
11034,42,539,view,2025-07-27 12:12:31
11035,297,539,view,2025-07-27 13:16:29
11036,213,539,view,2025-07-27 12:16:59
11037,87,539,view,2025-07-27 12:55:32
11038,49,540,view,2025-06-15 19:50:25
11039,29,540,view,2025-06-15 20:14:32
11040,26,540,view,2025-06-15 17:32:40
11041,46,540,view,2025-06-15 17:58:24
11042,153,540,follow,2025-06-15 18:30:19
11043,14,540,view,2025-06-15 18:45:55
11044,211,540,view,2025-06-15 19:18:32
11045,161,540,view,2025-06-15 18:40:11
11046,25,540,view,2025-06-15 18:03:12
11047,104,540,like,2025-06-15 19:43:35
11048,137,540,view,2025-06-15 17:32:02
11049,196,540,like,2025-06-15 18:07:32
11050,61,540,view,2025-06-15 19:31:14
11051,248,540,like,2025-06-15 17:39:00
11052,252,540,view,2025-06-15 17:47:18
11053,132,540,view,2025-06-15 17:53:32
11054,41,540,view,2025-06-15 18:03:31
11055,44,540,follow,2025-06-15 19:04:47
11056,48,540,view,2025-06-15 17:37:49
11057,162,540,follow,2025-06-15 17:48:54
11058,137,540,follow,2025-06-15 19:14:00
11059,67,540,like,2025-06-15 18:44:30
11060,72,540,view,2025-06-15 18:22:42
11061,173,540,like,2025-06-15 17:47:38
11062,175,541,like,2025-05-05 09:52:41
11063,78,541,view,2025-05-05 08:38:51
11064,54,541,like,2025-05-05 10:04:20
11065,30,541,like,2025-05-05 09:02:59
11066,277,541,like,2025-05-05 09:18:02
11067,30,541,like,2025-05-05 09:23:35
11068,137,541,like,2025-05-05 10:54:38
11069,169,541,view,2025-05-05 08:35:20
11070,48,541,view,2025-05-05 09:20:30
11071,184,541,view,2025-05-05 08:33:52
11072,194,541,like,2025-05-05 10:45:10
11073,238,541,follow,2025-05-05 09:11:40
11074,130,541,view,2025-05-05 08:48:12
11075,128,541,like,2025-05-05 08:48:19
11076,39,541,view,2025-05-05 10:33:45
11077,189,541,like,2025-05-05 09:27:33
11078,272,541,follow,2025-05-05 08:54:36
11079,84,541,view,2025-05-05 10:40:50
11080,70,541,follow,2025-05-05 08:36:51
11081,1,541,view,2025-05-05 11:36:54
11082,255,541,like,2025-05-05 08:43:44
11083,195,541,view,2025-05-05 08:49:26
11084,115,541,view,2025-05-05 08:56:30
11085,74,541,like,2025-05-05 11:14:30
11086,145,541,view,2025-05-05 09:51:34
11087,78,541,like,2025-05-05 09:52:51
11088,124,541,view,2025-05-05 11:08:32
11089,7,541,view,2025-05-05 09:00:12
11090,117,541,view,2025-05-05 09:36:44
11091,247,541,follow,2025-05-05 09:10:11
11092,163,541,view,2025-05-05 10:52:33
11093,173,541,like,2025-05-05 09:12:14
11094,3,541,view,2025-05-05 08:34:21
11095,37,541,follow,2025-05-05 08:39:03
11096,289,541,view,2025-05-05 11:46:15
11097,268,541,view,2025-05-05 09:11:44
11098,1,541,like,2025-05-05 09:36:23
11099,240,541,like,2025-05-05 09:24:46
11100,270,541,view,2025-05-05 09:27:28
11101,31,542,like,2025-03-11 08:50:07
11102,17,542,like,2025-03-11 08:18:15
11103,185,542,follow,2025-03-11 08:04:23
11104,61,542,follow,2025-03-11 07:50:16
11105,102,542,view,2025-03-11 07:55:14
11106,228,542,follow,2025-03-11 07:58:21
11107,247,542,view,2025-03-11 08:21:46
11108,77,542,view,2025-03-11 08:54:07
11109,269,542,view,2025-03-11 08:41:53
11110,188,542,view,2025-03-11 08:19:13
11111,217,542,like,2025-03-11 08:07:22
11112,165,542,follow,2025-03-11 09:36:56
11113,260,542,view,2025-03-11 09:08:42
11114,276,542,view,2025-03-11 08:40:27
11115,85,542,view,2025-03-11 07:47:27
11116,12,542,view,2025-03-11 09:48:09
11117,283,542,follow,2025-03-11 09:58:19
11118,184,542,view,2025-03-11 08:50:31
11119,98,542,like,2025-03-11 08:04:46
11120,204,542,like,2025-03-11 08:10:54
11121,170,542,view,2025-03-11 08:20:29
11122,175,542,view,2025-03-11 09:13:25
11123,169,542,view,2025-03-11 09:08:00
11124,177,542,like,2025-03-11 08:44:00
11125,176,542,view,2025-03-11 09:29:45
11126,266,542,view,2025-03-11 08:03:44
11127,40,542,like,2025-03-11 09:03:41
11128,277,542,view,2025-03-11 07:35:27
11129,105,542,like,2025-03-11 08:05:34
11130,24,542,like,2025-03-11 07:31:47
11131,216,542,view,2025-03-11 09:39:08
11132,169,542,like,2025-03-11 09:24:17
11133,60,542,like,2025-03-11 07:32:37
11134,148,542,like,2025-03-11 08:16:30
11135,16,542,view,2025-03-11 07:45:56
11136,185,542,like,2025-03-11 07:30:25
11137,164,542,view,2025-03-11 08:11:14
11138,41,542,follow,2025-03-11 08:34:49
11139,206,542,like,2025-03-11 08:28:44
11140,233,542,view,2025-03-11 09:44:25
11141,104,543,view,2025-08-21 15:14:35
11142,284,543,like,2025-08-21 15:23:23
11143,197,543,view,2025-08-21 16:56:02
11144,230,543,like,2025-08-21 16:24:12
11145,153,543,view,2025-08-21 14:44:51
11146,133,543,view,2025-08-21 15:02:42
11147,70,543,view,2025-08-21 16:11:10
11148,18,543,view,2025-08-21 16:33:36
11149,121,543,like,2025-08-21 14:46:59
11150,98,543,follow,2025-08-21 16:46:18
11151,261,543,like,2025-08-21 16:08:29
11152,125,543,view,2025-08-21 15:13:47
11153,281,543,view,2025-08-21 14:45:02
11154,88,543,like,2025-08-21 16:43:21
11155,205,543,view,2025-08-21 15:16:29
11156,7,543,follow,2025-08-21 14:50:30
11157,100,543,view,2025-08-21 16:06:19
11158,16,543,like,2025-08-21 15:14:14
11159,167,543,view,2025-08-21 15:11:42
11160,81,543,view,2025-08-21 14:46:46
11161,259,543,view,2025-08-21 16:58:49
11162,61,543,view,2025-08-21 15:06:05
11163,13,543,follow,2025-08-21 15:04:19
11164,224,543,view,2025-08-21 17:43:54
11165,69,543,view,2025-08-21 15:20:38
11166,156,543,follow,2025-08-21 15:23:41
11167,139,543,view,2025-08-21 16:10:07
11168,47,543,follow,2025-08-21 16:13:34
11169,140,543,view,2025-08-21 15:48:44
11170,235,543,view,2025-08-21 17:15:03
11171,255,543,view,2025-08-21 16:17:57
11172,81,543,view,2025-08-21 16:09:39
11173,75,544,view,2025-06-04 06:25:25
11174,169,544,view,2025-06-04 06:51:29
11175,86,544,follow,2025-06-04 06:24:33
11176,28,544,follow,2025-06-04 06:43:37
11177,218,544,like,2025-06-04 06:49:17
11178,92,544,like,2025-06-04 08:12:26
11179,134,544,view,2025-06-04 07:10:29
11180,113,544,like,2025-06-04 06:09:07
11181,233,544,view,2025-06-04 06:11:48
11182,48,545,view,2025-03-15 12:49:31
11183,177,545,like,2025-03-15 12:07:01
11184,59,545,view,2025-03-15 13:57:51
11185,150,545,view,2025-03-15 11:20:43
11186,204,545,view,2025-03-15 12:22:44
11187,242,545,follow,2025-03-15 11:25:20
11188,125,545,view,2025-03-15 11:26:40
11189,239,545,like,2025-03-15 14:40:31
11190,100,545,like,2025-03-15 11:35:46
11191,275,545,view,2025-03-15 11:46:46
11192,226,545,like,2025-03-15 12:34:37
11193,202,545,like,2025-03-15 12:33:59
11194,277,545,like,2025-03-15 11:28:58
11195,179,545,view,2025-03-15 11:34:20
11196,223,545,view,2025-03-15 11:30:16
11197,218,545,view,2025-03-15 11:07:16
11198,123,545,follow,2025-03-15 14:05:55
11199,177,545,view,2025-03-15 11:00:21
11200,102,545,view,2025-03-15 14:11:10
11201,130,545,view,2025-03-15 11:28:51
11202,62,545,view,2025-03-15 14:02:37
11203,133,545,follow,2025-03-15 12:50:29
11204,146,545,like,2025-03-15 11:28:24
11205,282,545,like,2025-03-15 11:09:52
11206,162,545,like,2025-03-15 12:19:35
11207,109,545,view,2025-03-15 11:23:10
11208,206,545,like,2025-03-15 12:15:47
11209,116,545,follow,2025-03-15 11:04:30
11210,186,545,view,2025-03-15 12:46:44
11211,157,545,view,2025-03-15 13:29:24
11212,50,545,view,2025-03-15 11:16:26
11213,142,545,view,2025-03-15 13:06:43
11214,118,545,like,2025-03-15 10:58:53
11215,259,545,like,2025-03-15 11:03:23
11216,10,545,view,2025-03-15 11:33:08
11217,286,545,like,2025-03-15 14:24:46
11218,142,545,view,2025-03-15 11:32:42
11219,153,545,view,2025-03-15 12:20:48
11220,73,546,follow,2025-06-24 04:46:45
11221,144,546,view,2025-06-24 02:46:32
11222,130,546,view,2025-06-24 04:35:25
11223,61,546,view,2025-06-24 04:39:09
11224,212,546,view,2025-06-24 04:54:25
11225,222,546,like,2025-06-24 03:40:56
11226,159,546,view,2025-06-24 03:29:38
11227,146,546,view,2025-06-24 02:58:21
11228,212,546,view,2025-06-24 03:40:52
11229,29,546,view,2025-06-24 04:12:11
11230,188,546,view,2025-06-24 03:12:27
11231,271,546,like,2025-06-24 02:56:45
11232,98,546,like,2025-06-24 05:05:18
11233,294,546,follow,2025-06-24 02:41:53
11234,263,546,view,2025-06-24 02:51:52
11235,228,546,view,2025-06-24 04:14:54
11236,43,546,view,2025-06-24 03:36:01
11237,173,546,view,2025-06-24 02:43:49
11238,203,546,view,2025-06-24 03:57:32
11239,105,546,follow,2025-06-24 04:34:51
11240,292,546,like,2025-06-24 05:06:06
11241,104,546,follow,2025-06-24 03:23:11
11242,258,546,view,2025-06-24 02:48:08
11243,171,546,view,2025-06-24 03:46:31
11244,5,546,view,2025-06-24 03:39:56
11245,283,546,like,2025-06-24 03:39:25
11246,152,546,follow,2025-06-24 03:22:48
11247,182,546,like,2025-06-24 03:33:11
11248,88,546,view,2025-06-24 02:46:55
11249,180,546,view,2025-06-24 02:59:28
11250,290,546,view,2025-06-24 03:44:01
11251,283,546,follow,2025-06-24 02:58:49
11252,140,546,view,2025-06-24 02:47:01
11253,104,546,like,2025-06-24 02:53:34
11254,230,546,like,2025-06-24 04:08:46
11255,88,546,view,2025-06-24 04:31:14
11256,283,546,view,2025-06-24 03:48:31
11257,71,546,like,2025-06-24 03:05:38
11258,33,546,follow,2025-06-24 03:55:12
11259,192,547,view,2025-02-10 21:54:57
11260,269,547,view,2025-02-10 21:28:06
11261,214,547,view,2025-02-10 22:40:35
11262,206,547,like,2025-02-10 22:00:29
11263,101,547,view,2025-02-10 21:28:52
11264,5,547,view,2025-02-10 23:47:54
11265,253,547,follow,2025-02-10 21:25:15
11266,235,547,view,2025-02-10 21:52:38
11267,99,547,view,2025-02-10 21:19:07
11268,242,547,view,2025-02-10 22:17:07
11269,142,547,like,2025-02-10 21:31:31
11270,213,547,view,2025-02-10 21:49:27
11271,202,547,follow,2025-02-10 22:29:48
11272,63,547,like,2025-02-10 22:00:52
11273,108,547,view,2025-02-10 22:06:02
11274,23,547,like,2025-02-10 23:03:27
11275,203,547,like,2025-02-10 21:22:40
11276,243,547,view,2025-02-10 22:54:43
11277,209,547,view,2025-02-10 23:51:12
11278,279,547,view,2025-02-10 23:55:52
11279,12,547,like,2025-02-10 23:28:24
11280,122,547,like,2025-02-10 21:34:13
11281,20,547,view,2025-02-10 21:38:03
11282,289,547,view,2025-02-10 22:59:19
11283,211,547,follow,2025-02-10 22:56:09
11284,189,548,like,2025-06-30 18:06:21
11285,147,548,like,2025-06-30 17:14:49
11286,9,548,follow,2025-06-30 19:42:43
11287,232,548,view,2025-06-30 18:28:03
11288,131,548,view,2025-06-30 18:00:07
11289,250,548,view,2025-06-30 17:07:10
11290,258,548,view,2025-06-30 20:26:27
11291,178,548,follow,2025-06-30 17:38:41
11292,184,548,view,2025-06-30 17:36:14
11293,178,548,view,2025-06-30 20:08:43
11294,67,548,view,2025-06-30 17:46:34
11295,83,548,follow,2025-06-30 17:52:18
11296,100,548,view,2025-06-30 19:21:38
11297,56,548,view,2025-06-30 17:05:04
11298,191,548,follow,2025-06-30 17:08:08
11299,242,548,follow,2025-06-30 17:10:11
11300,194,548,view,2025-06-30 18:28:16
11301,277,548,view,2025-06-30 19:44:32
11302,92,548,like,2025-06-30 18:23:32
11303,45,548,follow,2025-06-30 18:20:08
11304,21,548,follow,2025-06-30 17:36:14
11305,121,548,like,2025-06-30 17:41:12
11306,238,548,view,2025-06-30 17:33:15
11307,85,548,view,2025-06-30 17:36:35
11308,273,548,follow,2025-06-30 18:27:05
11309,32,548,like,2025-06-30 18:43:12
11310,150,548,view,2025-06-30 19:35:23
11311,40,548,view,2025-06-30 17:49:07
11312,45,548,like,2025-06-30 17:48:32
11313,293,549,view,2025-08-08 03:57:36
11314,126,549,like,2025-08-08 02:30:34
11315,291,549,like,2025-08-08 05:08:25
11316,51,549,view,2025-08-08 03:18:37
11317,50,549,view,2025-08-08 02:30:57
11318,180,549,like,2025-08-08 04:09:15
11319,99,549,view,2025-08-08 03:01:27
11320,195,549,view,2025-08-08 02:53:18
11321,161,549,view,2025-08-08 02:31:26
11322,231,549,view,2025-08-08 05:28:04
11323,158,549,view,2025-08-08 02:48:38
11324,81,549,follow,2025-08-08 04:22:43
11325,206,549,like,2025-08-08 03:51:41
11326,129,549,like,2025-08-08 04:23:43
11327,231,549,view,2025-08-08 03:13:41
11328,253,549,view,2025-08-08 02:52:08
11329,202,549,view,2025-08-08 03:53:56
11330,263,549,view,2025-08-08 03:28:20
11331,53,549,view,2025-08-08 03:36:28
11332,135,549,view,2025-08-08 03:36:29
11333,260,549,view,2025-08-08 04:29:41
11334,68,549,like,2025-08-08 03:14:36
11335,75,549,view,2025-08-08 02:52:52
11336,218,549,view,2025-08-08 03:31:54
11337,144,550,follow,2025-06-13 07:28:39
11338,269,550,follow,2025-06-13 08:00:41
11339,146,550,view,2025-06-13 06:29:42
11340,165,550,follow,2025-06-13 08:17:59
11341,114,550,view,2025-06-13 06:39:23
11342,261,550,view,2025-06-13 07:10:10
11343,218,550,view,2025-06-13 07:00:44
11344,110,550,like,2025-06-13 06:23:30
11345,58,550,follow,2025-06-13 07:19:36
11346,131,550,view,2025-06-13 08:03:04
11347,183,550,follow,2025-06-13 07:54:09
11348,127,550,view,2025-06-13 07:35:25
11349,136,550,view,2025-06-13 08:37:00
11350,233,550,view,2025-06-13 08:22:10
11351,263,550,like,2025-06-13 06:40:35
11352,278,550,like,2025-06-13 07:23:10
11353,31,550,view,2025-06-13 06:30:17
11354,73,550,view,2025-06-13 06:49:15
11355,241,550,like,2025-06-13 07:24:54
11356,293,550,view,2025-06-13 08:37:27
11357,13,550,view,2025-06-13 06:27:56
11358,227,550,view,2025-06-13 06:31:05
11359,163,550,view,2025-06-13 06:39:33
11360,256,550,view,2025-06-13 06:35:14
11361,219,550,like,2025-06-13 07:27:26
11362,100,550,view,2025-06-13 06:34:13
11363,252,550,view,2025-06-13 08:01:14
11364,267,550,like,2025-06-13 06:45:40
11365,24,550,view,2025-06-13 06:53:53
11366,128,550,view,2025-06-13 07:24:50
11367,195,550,like,2025-06-13 07:48:04
11368,233,550,like,2025-06-13 07:47:16
11369,124,550,like,2025-06-13 06:52:26
11370,146,550,view,2025-06-13 06:28:06
11371,139,551,view,2025-01-12 06:53:51
11372,263,551,like,2025-01-12 07:02:50
11373,96,551,follow,2025-01-12 06:55:35
11374,70,551,view,2025-01-12 07:01:00
11375,125,551,view,2025-01-12 06:21:07
11376,226,551,view,2025-01-12 09:21:19
11377,246,551,like,2025-01-12 06:15:50
11378,29,551,follow,2025-01-12 08:37:00
11379,228,551,view,2025-01-12 05:59:45
11380,33,551,view,2025-01-12 06:35:02
11381,18,551,view,2025-01-12 06:11:19
11382,40,551,view,2025-01-12 09:48:09
11383,180,551,view,2025-01-12 06:05:27
11384,75,551,view,2025-01-12 06:02:06
11385,299,551,view,2025-01-12 06:17:37
11386,168,551,follow,2025-01-12 08:28:32
11387,265,551,view,2025-01-12 08:56:58
11388,47,551,view,2025-01-12 06:51:55
11389,10,551,view,2025-01-12 09:39:03
11390,250,552,view,2025-05-02 01:56:44
11391,164,552,view,2025-05-02 01:50:06
11392,233,552,view,2025-05-02 01:01:06
11393,146,552,view,2025-05-02 01:00:40
11394,182,552,view,2025-05-02 01:03:41
11395,61,552,like,2025-05-02 02:19:56
11396,202,552,like,2025-05-02 03:03:34
11397,164,552,follow,2025-05-02 02:41:26
11398,211,552,view,2025-05-02 01:50:49
11399,149,552,like,2025-05-02 02:22:31
11400,247,552,view,2025-05-02 00:48:27
11401,182,552,like,2025-05-02 01:31:30
11402,152,552,view,2025-05-02 03:45:03
11403,245,552,like,2025-05-02 01:13:54
11404,62,552,view,2025-05-02 01:15:50
11405,81,552,view,2025-05-02 01:47:41
11406,106,552,view,2025-05-02 01:13:31
11407,172,552,follow,2025-05-02 01:41:59
11408,91,552,view,2025-05-02 01:34:44
11409,156,552,view,2025-05-02 01:00:36
11410,183,552,view,2025-05-02 02:07:58
11411,298,552,view,2025-05-02 00:54:13
11412,229,552,like,2025-05-02 01:00:41
11413,233,553,like,2025-07-24 17:31:49
11414,115,553,like,2025-07-24 16:38:42
11415,236,553,view,2025-07-24 16:59:46
11416,202,553,like,2025-07-24 16:26:48
11417,221,553,like,2025-07-24 18:20:40
11418,129,553,like,2025-07-24 16:19:46
11419,104,553,view,2025-07-24 18:13:09
11420,137,553,follow,2025-07-24 17:08:48
11421,237,553,view,2025-07-24 17:02:32
11422,235,554,view,2025-05-25 19:12:30
11423,168,554,like,2025-05-25 18:54:50
11424,278,554,view,2025-05-25 18:55:46
11425,150,554,view,2025-05-25 18:20:14
11426,212,554,view,2025-05-25 18:44:49
11427,256,554,like,2025-05-25 18:18:39
11428,209,554,view,2025-05-25 18:19:10
11429,18,554,follow,2025-05-25 18:38:59
11430,80,554,view,2025-05-25 19:01:07
11431,95,554,like,2025-05-25 21:11:22
11432,272,554,follow,2025-05-25 18:24:43
11433,170,554,like,2025-05-25 18:20:20
11434,292,554,view,2025-05-25 18:18:27
11435,144,554,like,2025-05-25 19:13:32
11436,265,554,follow,2025-05-25 18:38:24
11437,295,554,view,2025-05-25 18:22:50
11438,149,554,like,2025-05-25 19:39:47
11439,119,554,follow,2025-05-25 19:17:15
11440,28,554,view,2025-05-25 18:55:52
11441,171,554,view,2025-05-25 18:20:59
11442,101,555,like,2025-04-11 08:54:11
11443,78,555,like,2025-04-11 09:04:02
11444,258,555,view,2025-04-11 10:37:50
11445,72,555,view,2025-04-11 09:29:23
11446,124,555,view,2025-04-11 09:32:59
11447,80,555,like,2025-04-11 08:50:21
11448,229,556,view,2025-03-08 22:21:40
11449,48,556,like,2025-03-08 23:27:58
11450,65,556,view,2025-03-08 22:08:20
11451,7,556,view,2025-03-08 22:29:55
11452,94,556,view,2025-03-08 21:58:04
11453,231,556,view,2025-03-08 21:58:38
11454,78,556,like,2025-03-08 22:23:48
11455,197,556,view,2025-03-08 23:50:55
11456,85,556,like,2025-03-08 22:04:18
11457,157,556,view,2025-03-08 22:22:47
11458,20,556,view,2025-03-08 22:14:32
11459,190,556,view,2025-03-08 21:54:57
11460,139,556,like,2025-03-08 22:27:15
11461,76,556,follow,2025-03-08 23:33:59
11462,115,556,follow,2025-03-08 21:55:32
11463,48,556,follow,2025-03-08 22:49:36
11464,290,556,view,2025-03-08 22:30:55
11465,46,557,like,2025-02-07 22:52:13
11466,143,557,view,2025-02-07 23:11:58
11467,108,557,view,2025-02-07 21:25:43
11468,130,557,like,2025-02-07 23:39:15
11469,117,557,view,2025-02-07 23:30:57
11470,235,557,view,2025-02-07 21:03:13
11471,290,557,view,2025-02-08 00:16:32
11472,93,557,view,2025-02-07 21:01:28
11473,53,557,like,2025-02-07 21:02:58
11474,208,557,view,2025-02-07 21:44:08
11475,70,557,view,2025-02-07 22:06:29
11476,211,557,view,2025-02-07 21:48:29
11477,226,558,like,2025-03-11 00:47:46
11478,19,558,like,2025-03-11 00:13:56
11479,282,558,like,2025-03-11 00:38:35
11480,25,558,follow,2025-03-11 02:03:10
11481,197,558,view,2025-03-11 00:16:11
11482,292,558,view,2025-03-11 00:14:07
11483,280,558,like,2025-03-11 02:16:32
11484,223,558,follow,2025-03-11 00:23:36
11485,131,558,like,2025-03-11 03:23:55
11486,233,558,view,2025-03-11 01:48:26
11487,150,558,view,2025-03-11 00:13:06
11488,222,558,view,2025-03-11 01:24:02
11489,281,558,view,2025-03-11 01:17:31
11490,18,558,like,2025-03-11 01:00:24
11491,78,558,follow,2025-03-11 01:22:44
11492,32,558,like,2025-03-11 00:30:28
11493,57,558,follow,2025-03-11 00:29:35
11494,237,558,view,2025-03-11 02:46:39
11495,15,558,like,2025-03-11 00:17:32
11496,217,558,like,2025-03-11 00:46:47
11497,244,558,view,2025-03-11 00:35:31
11498,123,558,view,2025-03-11 02:04:23
11499,58,558,like,2025-03-11 00:24:46
11500,39,558,like,2025-03-11 01:16:57
11501,189,558,like,2025-03-11 00:22:39
11502,174,558,view,2025-03-11 01:12:39
11503,253,558,view,2025-03-11 00:14:38
11504,169,558,like,2025-03-11 00:27:00
11505,5,558,view,2025-03-11 00:35:45
11506,267,558,view,2025-03-11 00:19:07
11507,299,558,like,2025-03-11 00:31:06
11508,232,558,view,2025-03-11 00:30:15
11509,300,558,like,2025-03-11 02:34:51
11510,129,558,like,2025-03-11 00:12:59
11511,234,558,view,2025-03-11 00:46:10
11512,157,558,view,2025-03-11 00:57:17
11513,72,558,view,2025-03-11 00:24:13
11514,32,558,like,2025-03-11 00:37:04
11515,236,558,view,2025-03-11 00:54:13
11516,153,558,like,2025-03-11 00:41:16
11517,196,559,view,2025-01-09 00:10:28
11518,289,559,view,2025-01-08 23:46:48
11519,283,559,view,2025-01-09 00:51:58
11520,37,559,like,2025-01-09 00:52:14
11521,275,559,view,2025-01-08 23:29:34
11522,30,559,follow,2025-01-09 00:59:36
11523,36,559,view,2025-01-08 23:28:40
11524,88,559,like,2025-01-08 23:48:59
11525,148,559,view,2025-01-09 01:06:31
11526,222,559,follow,2025-01-08 23:52:40
11527,174,559,view,2025-01-09 00:48:34
11528,152,559,view,2025-01-09 02:07:03
11529,2,559,view,2025-01-09 02:27:41
11530,9,559,view,2025-01-08 23:47:42
11531,38,559,view,2025-01-09 00:20:48
11532,132,559,like,2025-01-08 23:23:42
11533,33,559,like,2025-01-08 23:46:27
11534,56,559,follow,2025-01-08 23:44:24
11535,194,559,view,2025-01-09 00:48:51
11536,118,559,view,2025-01-08 23:37:06
11537,117,560,follow,2025-06-14 12:32:06
11538,228,560,like,2025-06-14 12:27:48
11539,158,560,view,2025-06-14 12:52:42
11540,130,561,like,2025-01-15 00:02:44
11541,211,561,view,2025-01-15 00:07:05
11542,105,561,view,2025-01-15 00:43:10
11543,10,561,view,2025-01-14 23:40:28
11544,30,561,view,2025-01-14 23:39:30
11545,205,561,view,2025-01-15 00:02:32
11546,264,561,like,2025-01-15 00:07:14
11547,4,561,view,2025-01-15 00:29:29
11548,172,561,like,2025-01-15 03:03:28
11549,225,561,view,2025-01-15 01:36:17
11550,282,561,view,2025-01-15 02:50:22
11551,106,561,like,2025-01-15 00:42:16
11552,62,561,view,2025-01-15 00:16:54
11553,116,561,view,2025-01-14 23:55:41
11554,58,561,like,2025-01-15 01:42:45
11555,239,561,like,2025-01-15 00:07:29
11556,267,561,like,2025-01-15 01:12:05
11557,177,561,like,2025-01-14 23:46:59
11558,115,561,view,2025-01-15 01:34:11
11559,54,561,like,2025-01-14 23:58:59
11560,54,561,like,2025-01-15 03:21:22
11561,214,561,like,2025-01-15 01:31:53
11562,148,561,follow,2025-01-15 00:52:53
11563,122,561,view,2025-01-15 00:11:13
11564,259,561,view,2025-01-15 01:00:32
11565,132,561,view,2025-01-15 02:44:32
11566,18,561,view,2025-01-14 23:41:53
11567,144,561,view,2025-01-15 01:44:13
11568,48,561,view,2025-01-15 00:13:53
11569,5,561,view,2025-01-14 23:44:25
11570,100,561,view,2025-01-15 00:33:56
11571,95,561,follow,2025-01-14 23:50:10
11572,8,562,view,2025-06-22 06:51:37
11573,259,562,view,2025-06-22 06:30:48
11574,96,562,like,2025-06-22 08:04:01
11575,73,562,view,2025-06-22 06:26:39
11576,73,563,like,2025-08-01 05:26:54
11577,144,563,view,2025-08-01 01:59:38
11578,158,563,view,2025-08-01 01:49:01
11579,93,563,view,2025-08-01 02:30:17
11580,73,563,like,2025-08-01 02:32:08
11581,222,563,view,2025-08-01 03:22:50
11582,263,563,like,2025-08-01 02:45:45
11583,56,563,view,2025-08-01 03:24:06
11584,132,564,follow,2025-06-21 18:51:49
11585,90,564,like,2025-06-21 19:22:36
11586,285,564,follow,2025-06-21 18:31:42
11587,110,564,view,2025-06-21 18:07:11
11588,21,564,like,2025-06-21 18:38:48
11589,235,564,view,2025-06-21 19:22:47
11590,120,564,like,2025-06-21 18:20:00
11591,275,564,like,2025-06-21 19:44:45
11592,263,564,view,2025-06-21 21:35:59
11593,171,564,view,2025-06-21 18:01:53
11594,268,564,like,2025-06-21 19:08:42
11595,204,564,view,2025-06-21 18:00:48
11596,233,564,like,2025-06-21 18:09:00
11597,44,564,view,2025-06-21 19:49:48
11598,196,564,view,2025-06-21 19:45:32
11599,181,564,like,2025-06-21 19:09:42
11600,143,564,view,2025-06-21 19:49:47
11601,246,564,view,2025-06-21 18:18:02
11602,94,564,like,2025-06-21 19:41:15
11603,61,564,view,2025-06-21 18:09:43
11604,110,564,view,2025-06-21 20:59:08
11605,243,564,view,2025-06-21 18:14:48
11606,111,564,view,2025-06-21 18:24:25
11607,56,566,view,2025-01-14 11:35:52
11608,189,566,like,2025-01-14 12:01:30
11609,232,566,view,2025-01-14 11:49:09
11610,230,566,like,2025-01-14 13:03:01
11611,297,566,like,2025-01-14 12:05:03
11612,100,566,view,2025-01-14 14:39:31
11613,142,566,view,2025-01-14 12:56:37
11614,7,566,view,2025-01-14 11:53:45
11615,290,566,view,2025-01-14 12:46:43
11616,77,566,like,2025-01-14 11:56:52
11617,162,566,view,2025-01-14 12:16:25
11618,64,566,follow,2025-01-14 11:39:59
11619,54,566,view,2025-01-14 13:18:16
11620,78,566,view,2025-01-14 14:01:23
11621,105,566,view,2025-01-14 12:18:46
11622,176,566,like,2025-01-14 14:38:57
11623,18,566,view,2025-01-14 11:54:04
11624,200,566,like,2025-01-14 12:26:45
11625,206,566,view,2025-01-14 11:50:21
11626,108,566,view,2025-01-14 13:06:06
11627,52,566,view,2025-01-14 12:46:17
11628,12,566,view,2025-01-14 13:09:52
11629,196,566,follow,2025-01-14 11:38:11
11630,215,566,view,2025-01-14 12:40:38
11631,228,566,view,2025-01-14 12:44:31
11632,105,566,like,2025-01-14 12:36:47
11633,142,566,view,2025-01-14 12:56:02
11634,92,566,follow,2025-01-14 11:40:00
11635,214,566,like,2025-01-14 12:24:52
11636,229,566,like,2025-01-14 11:54:48
11637,23,566,view,2025-01-14 13:00:02
11638,99,567,view,2025-06-10 02:08:23
11639,105,567,view,2025-06-10 02:29:22
11640,52,567,view,2025-06-10 02:51:16
11641,246,567,view,2025-06-10 02:30:03
11642,146,567,view,2025-06-10 02:24:45
11643,58,567,follow,2025-06-10 02:17:11
11644,287,567,view,2025-06-10 03:44:48
11645,196,567,view,2025-06-10 03:00:11
11646,25,567,follow,2025-06-10 02:45:16
11647,295,568,view,2025-06-18 06:00:06
11648,18,569,view,2025-03-21 07:42:05
11649,123,569,view,2025-03-21 07:56:40
11650,283,569,view,2025-03-21 09:10:01
11651,214,569,like,2025-03-21 09:21:09
11652,256,569,view,2025-03-21 07:59:55
11653,179,569,view,2025-03-21 07:56:48
11654,267,569,view,2025-03-21 10:38:04
11655,235,569,like,2025-03-21 08:45:01
11656,167,569,like,2025-03-21 08:31:51
11657,250,569,view,2025-03-21 10:55:31
11658,89,569,like,2025-03-21 08:53:49
11659,212,569,like,2025-03-21 08:37:00
11660,47,569,view,2025-03-21 07:45:35
11661,126,569,follow,2025-03-21 07:43:02
11662,245,569,follow,2025-03-21 07:56:10
11663,227,569,view,2025-03-21 07:46:04
11664,270,569,view,2025-03-21 09:42:50
11665,211,569,view,2025-03-21 10:48:34
11666,19,569,follow,2025-03-21 08:38:37
11667,206,569,view,2025-03-21 08:35:20
11668,222,569,follow,2025-03-21 09:22:54
11669,289,569,view,2025-03-21 08:39:24
11670,14,569,view,2025-03-21 09:59:02
11671,70,569,follow,2025-03-21 10:02:57
11672,247,569,view,2025-03-21 08:04:36
11673,133,569,view,2025-03-21 08:26:41
11674,68,569,like,2025-03-21 08:28:17
11675,250,569,view,2025-03-21 08:46:45
11676,182,569,follow,2025-03-21 09:27:57
11677,251,569,view,2025-03-21 07:58:17
11678,277,569,view,2025-03-21 08:01:54
11679,170,569,follow,2025-03-21 09:41:13
11680,34,569,view,2025-03-21 07:50:39
11681,2,569,view,2025-03-21 07:44:24
11682,210,569,view,2025-03-21 09:25:45
11683,193,570,like,2025-02-16 13:21:09
11684,202,570,like,2025-02-16 14:36:13
11685,251,570,view,2025-02-16 13:13:49
11686,147,570,follow,2025-02-16 14:51:06
11687,37,570,view,2025-02-16 15:46:14
11688,144,570,view,2025-02-16 13:26:04
11689,53,570,like,2025-02-16 13:06:31
11690,163,570,view,2025-02-16 14:29:45
11691,98,570,follow,2025-02-16 14:01:19
11692,299,570,like,2025-02-16 14:22:45
11693,54,570,view,2025-02-16 14:08:32
11694,9,571,view,2025-08-05 12:33:05
11695,150,571,view,2025-08-05 13:28:44
11696,168,571,view,2025-08-05 13:27:32
11697,275,571,view,2025-08-05 12:51:51
11698,193,571,like,2025-08-05 13:15:17
11699,243,571,view,2025-08-05 12:54:00
11700,217,571,follow,2025-08-05 14:55:16
11701,96,571,view,2025-08-05 15:01:06
11702,231,571,view,2025-08-05 13:39:36
11703,112,571,view,2025-08-05 12:58:57
11704,194,571,view,2025-08-05 12:33:41
11705,226,571,view,2025-08-05 13:05:12
11706,125,571,view,2025-08-05 12:32:47
11707,293,571,view,2025-08-05 13:29:32
11708,285,571,view,2025-08-05 12:52:20
11709,298,571,like,2025-08-05 13:59:12
11710,265,571,view,2025-08-05 12:37:01
11711,270,571,like,2025-08-05 13:06:41
11712,111,571,like,2025-08-05 13:41:48
11713,297,571,like,2025-08-05 12:37:09
11714,114,571,like,2025-08-05 12:40:02
11715,7,571,view,2025-08-05 12:50:06
11716,289,571,like,2025-08-05 14:05:23
11717,289,571,like,2025-08-05 13:32:53
11718,12,571,view,2025-08-05 13:01:21
11719,136,571,view,2025-08-05 14:49:51
11720,101,571,view,2025-08-05 15:02:15
11721,114,571,view,2025-08-05 13:00:45
11722,162,571,follow,2025-08-05 15:28:06
11723,213,571,view,2025-08-05 12:35:20
11724,138,571,view,2025-08-05 12:56:37
11725,61,571,follow,2025-08-05 12:45:28
11726,268,571,view,2025-08-05 12:51:19
11727,173,572,like,2025-03-21 01:47:02
11728,33,572,follow,2025-03-21 00:29:16
11729,251,572,follow,2025-03-21 01:41:07
11730,22,572,like,2025-03-21 00:07:53
11731,83,572,view,2025-03-21 00:49:03
11732,239,572,follow,2025-03-21 00:09:00
11733,250,572,like,2025-03-21 00:22:21
11734,86,572,view,2025-03-21 00:01:59
11735,212,572,view,2025-03-21 00:05:27
11736,77,572,view,2025-03-21 02:22:23
11737,156,572,view,2025-03-21 00:39:23
11738,262,572,like,2025-03-21 01:19:03
11739,211,572,view,2025-03-21 00:05:54
11740,294,572,view,2025-03-21 00:07:36
11741,123,572,view,2025-03-21 00:46:48
11742,122,572,view,2025-03-21 00:31:37
11743,238,572,like,2025-03-21 01:05:40
11744,156,572,like,2025-03-21 00:52:43
11745,87,572,view,2025-03-21 00:24:16
11746,253,572,view,2025-03-21 02:38:03
11747,201,572,view,2025-03-21 01:18:58
11748,130,572,view,2025-03-21 00:48:17
11749,96,572,like,2025-03-21 02:10:59
11750,137,572,view,2025-03-21 02:21:30
11751,199,572,view,2025-03-21 00:23:18
11752,166,572,like,2025-03-21 00:04:19
11753,58,572,view,2025-03-21 00:22:01
11754,170,572,like,2025-03-21 00:18:24
11755,188,572,view,2025-03-20 23:56:21
11756,15,572,like,2025-03-21 02:20:11
11757,291,572,follow,2025-03-21 00:44:38
11758,218,572,view,2025-03-21 00:24:05
11759,189,572,like,2025-03-21 01:29:00
11760,117,572,view,2025-03-21 01:04:14
11761,155,572,view,2025-03-21 00:21:35
11762,119,572,view,2025-03-21 00:17:54
11763,12,572,like,2025-03-21 01:11:03
11764,106,572,view,2025-03-21 00:11:32
11765,51,572,like,2025-03-21 03:33:52
11766,258,573,like,2025-06-19 08:44:12
11767,3,573,follow,2025-06-19 09:10:15
11768,102,573,view,2025-06-19 08:38:55
11769,246,573,like,2025-06-19 09:08:52
11770,10,573,view,2025-06-19 09:30:39
11771,50,573,view,2025-06-19 10:57:08
11772,102,573,like,2025-06-19 08:32:40
11773,97,573,view,2025-06-19 11:07:41
11774,156,573,view,2025-06-19 08:27:34
11775,286,573,view,2025-06-19 09:40:30
11776,283,573,view,2025-06-19 09:19:06
11777,290,573,like,2025-06-19 08:43:13
11778,105,573,view,2025-06-19 09:51:44
11779,9,573,view,2025-06-19 09:09:36
11780,194,573,view,2025-06-19 08:38:13
11781,38,573,view,2025-06-19 08:25:42
11782,27,573,follow,2025-06-19 10:20:09
11783,244,573,like,2025-06-19 09:54:58
11784,141,573,like,2025-06-19 08:35:12
11785,29,573,like,2025-06-19 08:34:32
11786,69,573,view,2025-06-19 10:10:11
11787,219,573,view,2025-06-19 09:47:10
11788,167,573,like,2025-06-19 08:31:53
11789,177,573,view,2025-06-19 09:31:09
11790,146,573,like,2025-06-19 08:24:26
11791,1,573,view,2025-06-19 08:23:23
11792,72,573,view,2025-06-19 08:26:32
11793,180,573,view,2025-06-19 08:57:05
11794,184,573,like,2025-06-19 08:40:55
11795,22,573,follow,2025-06-19 08:31:31
11796,72,573,view,2025-06-19 08:51:18
11797,156,573,view,2025-06-19 09:59:11
11798,152,573,view,2025-06-19 08:34:39
11799,148,573,view,2025-06-19 09:04:04
11800,135,573,view,2025-06-19 09:49:56
11801,218,573,view,2025-06-19 11:58:52
11802,242,573,view,2025-06-19 08:36:17
11803,37,573,like,2025-06-19 09:46:18
11804,227,573,like,2025-06-19 08:23:36
11805,131,574,view,2025-09-02 02:04:17
11806,59,574,view,2025-09-02 03:14:15
11807,34,574,like,2025-09-02 01:20:33
11808,160,574,view,2025-09-02 01:44:02
11809,147,574,like,2025-09-02 02:09:48
11810,280,574,follow,2025-09-02 03:18:45
11811,229,574,like,2025-09-02 02:16:29
11812,217,574,like,2025-09-02 03:52:06
11813,124,574,follow,2025-09-02 02:38:53
11814,52,574,follow,2025-09-02 01:50:45
11815,177,574,like,2025-09-02 04:29:28
11816,194,574,follow,2025-09-02 03:02:33
11817,64,574,like,2025-09-02 04:27:19
11818,127,574,view,2025-09-02 01:12:46
11819,244,574,follow,2025-09-02 04:38:17
11820,59,574,like,2025-09-02 01:52:09
11821,30,575,like,2025-06-09 02:52:25
11822,75,575,like,2025-06-09 01:06:57
11823,76,575,like,2025-06-09 00:34:02
11824,172,575,follow,2025-06-09 02:04:18
11825,198,575,follow,2025-06-08 23:56:26
11826,45,575,view,2025-06-09 01:19:52
11827,113,575,follow,2025-06-09 00:28:04
11828,231,575,view,2025-06-08 23:50:44
11829,161,575,view,2025-06-08 23:52:54
11830,276,575,follow,2025-06-09 01:33:25
11831,209,575,view,2025-06-08 23:53:25
11832,177,575,view,2025-06-09 01:11:35
11833,195,575,view,2025-06-09 00:39:03
11834,104,575,view,2025-06-09 02:21:34
11835,229,575,like,2025-06-08 23:46:30
11836,279,575,view,2025-06-09 01:00:56
11837,176,575,like,2025-06-09 00:44:52
11838,118,575,follow,2025-06-09 01:07:02
11839,27,575,view,2025-06-09 01:00:56
11840,61,575,like,2025-06-09 02:12:03
11841,236,575,view,2025-06-09 00:06:53
11842,221,575,view,2025-06-08 23:53:23
11843,16,575,view,2025-06-09 00:12:21
11844,73,575,follow,2025-06-09 00:45:35
11845,108,575,view,2025-06-09 02:07:36
11846,220,575,view,2025-06-09 02:29:30
11847,254,575,like,2025-06-08 23:48:09
11848,247,575,like,2025-06-08 23:57:36
11849,199,576,like,2025-08-21 20:26:59
11850,49,576,like,2025-08-21 21:52:21
11851,232,576,like,2025-08-21 20:44:15
11852,280,576,view,2025-08-21 20:43:20
11853,288,576,follow,2025-08-21 20:30:44
11854,49,576,view,2025-08-21 20:25:36
11855,129,576,like,2025-08-21 21:39:36
11856,138,576,follow,2025-08-21 21:25:51
11857,85,576,follow,2025-08-21 21:00:26
11858,283,576,follow,2025-08-21 20:58:53
11859,182,576,view,2025-08-21 21:36:57
11860,175,576,view,2025-08-21 22:12:50
11861,132,576,view,2025-08-21 20:27:31
11862,165,576,like,2025-08-21 21:46:09
11863,146,576,view,2025-08-21 23:43:56
11864,285,576,view,2025-08-21 20:26:26
11865,173,576,follow,2025-08-21 23:13:28
11866,128,576,view,2025-08-21 21:07:08
11867,185,576,view,2025-08-21 20:40:34
11868,164,576,view,2025-08-21 20:36:04
11869,279,576,follow,2025-08-21 20:33:08
11870,209,576,view,2025-08-21 21:19:15
11871,203,576,like,2025-08-21 20:35:34
11872,143,576,view,2025-08-21 20:23:04
11873,242,577,view,2025-09-25 20:01:48
11874,237,577,like,2025-09-25 19:50:44
11875,101,577,like,2025-09-25 22:54:33
11876,274,577,view,2025-09-25 19:30:26
11877,224,577,view,2025-09-25 19:41:33
11878,129,577,view,2025-09-25 19:27:23
11879,273,577,view,2025-09-25 19:50:03
11880,167,577,view,2025-09-25 22:48:06
11881,48,577,view,2025-09-25 20:35:49
11882,237,577,view,2025-09-25 20:12:33
11883,251,577,like,2025-09-25 20:31:53
11884,170,577,like,2025-09-25 19:21:29
11885,156,577,view,2025-09-25 19:53:40
11886,44,577,like,2025-09-25 20:04:08
11887,201,577,like,2025-09-25 20:05:47
11888,119,577,view,2025-09-25 20:04:06
11889,252,577,follow,2025-09-25 20:30:42
11890,79,577,view,2025-09-25 19:50:11
11891,293,577,view,2025-09-25 19:53:57
11892,103,577,like,2025-09-25 19:43:38
11893,278,578,view,2025-05-10 00:42:41
11894,145,578,like,2025-05-10 00:27:06
11895,158,578,view,2025-05-10 00:39:13
11896,180,578,view,2025-05-10 00:55:09
11897,13,578,like,2025-05-10 01:17:59
11898,206,578,like,2025-05-10 01:57:11
11899,299,578,view,2025-05-10 00:55:18
11900,105,578,view,2025-05-10 00:26:07
11901,4,578,like,2025-05-10 01:09:40
11902,234,578,follow,2025-05-10 01:20:02
11903,57,578,like,2025-05-10 01:40:45
11904,292,578,view,2025-05-10 01:55:49
11905,7,578,view,2025-05-10 01:05:42
11906,66,578,follow,2025-05-10 01:15:47
11907,136,578,view,2025-05-10 03:08:03
11908,2,578,like,2025-05-10 00:35:55
11909,113,578,follow,2025-05-10 03:06:46
11910,102,578,view,2025-05-10 01:48:59
11911,28,578,view,2025-05-10 01:50:17
11912,61,578,like,2025-05-10 01:09:48
11913,138,578,like,2025-05-10 00:33:16
11914,166,578,view,2025-05-10 01:18:16
11915,41,578,like,2025-05-10 00:35:36
11916,131,579,view,2025-07-05 05:52:28
11917,288,579,view,2025-07-05 05:51:46
11918,284,579,view,2025-07-05 06:27:20
11919,249,579,view,2025-07-05 05:34:52
11920,30,579,view,2025-07-05 06:17:45
11921,2,579,follow,2025-07-05 06:11:57
11922,219,579,view,2025-07-05 05:41:33
11923,289,579,view,2025-07-05 05:29:17
11924,216,579,like,2025-07-05 07:09:47
11925,202,579,like,2025-07-05 06:20:36
11926,289,579,like,2025-07-05 06:15:33
11927,290,579,view,2025-07-05 07:56:20
11928,256,579,follow,2025-07-05 08:02:13
11929,283,579,view,2025-07-05 07:21:04
11930,260,579,like,2025-07-05 06:16:42
11931,10,579,like,2025-07-05 06:20:53
11932,247,579,view,2025-07-05 07:16:52
11933,88,579,follow,2025-07-05 05:43:06
11934,98,579,view,2025-07-05 07:35:25
11935,43,579,view,2025-07-05 07:24:26
11936,82,579,follow,2025-07-05 06:24:23
11937,154,579,like,2025-07-05 08:00:12
11938,86,579,view,2025-07-05 05:32:27
11939,164,579,view,2025-07-05 07:01:24
11940,173,579,view,2025-07-05 05:51:12
11941,71,579,follow,2025-07-05 06:32:35
11942,63,579,view,2025-07-05 06:24:11
11943,19,579,like,2025-07-05 07:34:06
11944,244,579,like,2025-07-05 06:27:23
11945,81,579,view,2025-07-05 07:51:18
11946,298,579,like,2025-07-05 06:38:02
11947,226,579,follow,2025-07-05 05:59:52
11948,22,579,like,2025-07-05 06:09:38
11949,196,579,like,2025-07-05 06:03:02
11950,237,580,like,2025-07-25 03:45:27
11951,164,580,like,2025-07-25 04:30:42
11952,143,580,like,2025-07-25 03:21:48
11953,39,580,view,2025-07-25 04:34:09
11954,41,580,view,2025-07-25 04:13:07
11955,287,580,view,2025-07-25 05:38:11
11956,26,580,like,2025-07-25 04:33:42
11957,248,580,view,2025-07-25 05:45:37
11958,21,580,view,2025-07-25 04:36:09
11959,3,580,like,2025-07-25 05:50:56
11960,235,580,view,2025-07-25 04:10:19
11961,96,580,like,2025-07-25 03:16:36
11962,249,580,like,2025-07-25 03:24:11
11963,287,580,view,2025-07-25 04:04:54
11964,146,580,view,2025-07-25 04:12:08
11965,161,580,view,2025-07-25 03:17:05
11966,17,580,view,2025-07-25 05:02:15
11967,284,580,view,2025-07-25 05:57:45
11968,218,580,view,2025-07-25 03:57:13
11969,53,580,like,2025-07-25 03:55:54
11970,151,580,like,2025-07-25 04:13:24
11971,41,581,view,2025-03-04 02:47:28
11972,214,581,view,2025-03-04 03:25:00
11973,196,581,view,2025-03-04 02:14:57
11974,247,581,view,2025-03-04 02:19:52
11975,214,581,view,2025-03-04 02:29:30
11976,296,581,view,2025-03-04 02:28:57
11977,125,581,like,2025-03-04 03:38:08
11978,169,581,like,2025-03-04 03:19:42
11979,21,581,view,2025-03-04 03:08:46
11980,6,581,view,2025-03-04 02:16:12
11981,80,581,like,2025-03-04 03:27:31
11982,222,581,follow,2025-03-04 04:37:11
11983,27,581,view,2025-03-04 02:40:46
11984,5,581,view,2025-03-04 04:01:00
11985,47,581,follow,2025-03-04 02:26:01
11986,138,581,like,2025-03-04 02:13:58
11987,287,581,view,2025-03-04 02:56:57
11988,183,581,like,2025-03-04 04:38:47
11989,37,582,like,2025-04-15 21:02:28
11990,80,582,view,2025-04-15 21:41:40
11991,112,582,view,2025-04-15 20:24:26
11992,29,582,like,2025-04-15 20:38:02
11993,289,582,like,2025-04-15 21:43:57
11994,167,582,follow,2025-04-15 21:52:00
11995,249,582,view,2025-04-15 22:52:25
11996,198,582,view,2025-04-15 20:45:14
11997,156,582,follow,2025-04-15 22:54:52
11998,237,583,like,2025-05-13 23:29:21
11999,35,583,view,2025-05-13 22:31:23
12000,257,583,follow,2025-05-13 23:23:52
12001,289,583,view,2025-05-13 23:43:05
12002,45,583,like,2025-05-13 22:36:21
12003,63,583,like,2025-05-13 23:04:25
12004,2,583,view,2025-05-13 22:55:54
12005,193,583,view,2025-05-14 01:31:18
12006,204,583,follow,2025-05-13 23:26:15
12007,179,584,like,2025-04-01 07:16:32
12008,53,584,view,2025-04-01 07:02:03
12009,204,584,view,2025-04-01 08:14:47
12010,243,584,like,2025-04-01 07:29:09
12011,171,584,view,2025-04-01 06:01:44
12012,19,584,view,2025-04-01 06:05:20
12013,194,584,like,2025-04-01 08:19:11
12014,223,584,view,2025-04-01 06:16:03
12015,180,584,view,2025-04-01 06:22:39
12016,13,585,view,2025-06-29 08:55:10
12017,143,585,follow,2025-06-29 10:21:23
12018,171,585,view,2025-06-29 08:51:01
12019,4,585,like,2025-06-29 10:33:57
12020,290,585,follow,2025-06-29 10:30:50
12021,130,585,like,2025-06-29 09:35:56
12022,113,585,like,2025-06-29 10:33:49
12023,292,585,like,2025-06-29 09:22:12
12024,77,585,like,2025-06-29 10:36:21
12025,37,585,like,2025-06-29 09:07:56
12026,184,585,view,2025-06-29 11:44:35
12027,245,585,view,2025-06-29 08:51:37
12028,163,585,view,2025-06-29 09:03:57
12029,247,585,like,2025-06-29 11:48:00
12030,74,585,view,2025-06-29 10:04:52
12031,91,585,view,2025-06-29 10:08:21
12032,193,585,view,2025-06-29 10:01:36
12033,129,585,view,2025-06-29 09:36:03
12034,241,585,view,2025-06-29 08:53:55
12035,107,585,like,2025-06-29 09:18:21
12036,61,585,view,2025-06-29 09:27:42
12037,5,585,view,2025-06-29 09:54:57
12038,194,585,view,2025-06-29 09:13:13
12039,48,585,like,2025-06-29 11:36:19
12040,282,585,view,2025-06-29 12:05:53
12041,278,585,view,2025-06-29 10:30:49
12042,13,585,follow,2025-06-29 09:28:09
12043,293,585,like,2025-06-29 11:23:42
12044,197,585,like,2025-06-29 08:55:48
12045,270,585,view,2025-06-29 08:51:32
12046,247,585,view,2025-06-29 09:20:52
12047,119,585,like,2025-06-29 10:11:09
12048,162,586,like,2025-09-13 09:56:38
12049,147,586,view,2025-09-13 07:48:04
12050,66,586,view,2025-09-13 08:19:03
12051,144,586,view,2025-09-13 07:48:49
12052,258,586,view,2025-09-13 10:16:32
12053,284,586,view,2025-09-13 10:26:28
12054,11,586,view,2025-09-13 08:40:42
12055,219,586,view,2025-09-13 09:06:55
12056,68,586,follow,2025-09-13 09:53:28
12057,169,586,follow,2025-09-13 10:09:18
12058,75,586,view,2025-09-13 08:29:07
12059,110,586,like,2025-09-13 08:36:40
12060,82,586,like,2025-09-13 09:30:12
12061,131,586,view,2025-09-13 08:24:32
12062,283,586,view,2025-09-13 08:00:40
12063,186,586,follow,2025-09-13 08:44:28
12064,217,586,like,2025-09-13 07:58:52
12065,156,586,view,2025-09-13 08:19:13
12066,201,586,view,2025-09-13 10:22:33
12067,186,586,view,2025-09-13 09:12:21
12068,293,586,view,2025-09-13 08:46:07
12069,12,586,follow,2025-09-13 10:57:58
12070,52,586,view,2025-09-13 08:06:16
12071,118,586,follow,2025-09-13 08:34:18
12072,224,586,view,2025-09-13 08:00:11
12073,51,586,like,2025-09-13 10:03:28
12074,298,586,like,2025-09-13 08:49:22
12075,276,586,like,2025-09-13 07:59:48
12076,287,586,like,2025-09-13 08:38:38
12077,124,586,like,2025-09-13 08:10:38
12078,195,586,like,2025-09-13 07:48:15
12079,201,586,view,2025-09-13 09:08:24
12080,256,586,view,2025-09-13 10:34:02
12081,174,586,like,2025-09-13 07:48:56
12082,82,587,view,2025-08-24 08:56:53
12083,192,587,follow,2025-08-24 07:44:39
12084,49,588,view,2025-01-14 04:12:53
12085,176,588,like,2025-01-14 06:01:46
12086,216,588,like,2025-01-14 06:13:08
12087,112,588,like,2025-01-14 05:44:20
12088,157,588,view,2025-01-14 05:07:23
12089,101,588,view,2025-01-14 04:14:25
12090,95,588,view,2025-01-14 05:08:31
12091,250,588,view,2025-01-14 04:51:30
12092,192,588,view,2025-01-14 04:18:29
12093,13,588,follow,2025-01-14 05:13:19
12094,1,588,view,2025-01-14 05:05:18
12095,111,588,like,2025-01-14 04:14:49
12096,145,588,view,2025-01-14 06:05:12
12097,271,588,like,2025-01-14 05:21:28
12098,201,588,view,2025-01-14 04:49:00
12099,49,588,view,2025-01-14 05:59:08
12100,8,588,follow,2025-01-14 05:29:14
12101,265,588,view,2025-01-14 04:43:24
12102,46,588,follow,2025-01-14 05:36:01
12103,280,588,view,2025-01-14 06:13:50
12104,202,588,follow,2025-01-14 05:10:02
12105,45,588,view,2025-01-14 05:03:08
12106,39,588,view,2025-01-14 04:28:29
12107,41,588,view,2025-01-14 04:11:10
12108,204,588,like,2025-01-14 05:58:30
12109,239,588,view,2025-01-14 06:13:42
12110,51,588,view,2025-01-14 05:15:20
12111,270,588,view,2025-01-14 04:03:53
12112,264,589,like,2025-01-08 02:49:12
12113,279,589,view,2025-01-08 02:30:42
12114,102,589,view,2025-01-08 02:56:16
12115,28,589,view,2025-01-08 03:21:03
12116,241,589,like,2025-01-08 02:53:51
12117,195,589,like,2025-01-08 04:10:06
12118,151,589,view,2025-01-08 04:42:09
12119,162,589,view,2025-01-08 02:25:06
12120,270,590,view,2025-07-25 14:04:17
12121,291,590,view,2025-07-25 15:31:39
12122,37,590,follow,2025-07-25 13:37:41
12123,263,590,follow,2025-07-25 14:55:04
12124,192,590,view,2025-07-25 13:25:16
12125,13,590,like,2025-07-25 12:55:26
12126,121,590,like,2025-07-25 12:49:48
12127,83,590,view,2025-07-25 15:53:19
12128,10,590,like,2025-07-25 14:05:39
12129,271,590,view,2025-07-25 13:30:52
12130,119,590,view,2025-07-25 14:40:18
12131,183,590,view,2025-07-25 12:50:50
12132,26,590,like,2025-07-25 13:32:40
12133,177,590,like,2025-07-25 12:51:04
12134,144,590,view,2025-07-25 13:26:52
12135,50,590,view,2025-07-25 15:50:00
12136,269,590,like,2025-07-25 12:54:10
12137,249,590,view,2025-07-25 14:27:08
12138,32,590,view,2025-07-25 15:13:30
12139,216,590,like,2025-07-25 13:36:11
12140,5,590,view,2025-07-25 13:12:42
12141,236,590,like,2025-07-25 12:48:13
12142,16,590,view,2025-07-25 13:03:23
12143,250,590,view,2025-07-25 12:59:44
12144,265,590,like,2025-07-25 16:22:34
12145,224,590,like,2025-07-25 12:53:29
12146,206,590,view,2025-07-25 14:07:01
12147,107,590,like,2025-07-25 12:51:04
12148,89,591,view,2025-07-12 15:25:20
12149,110,591,view,2025-07-12 15:22:58
12150,75,591,view,2025-07-12 16:38:03
12151,46,591,like,2025-07-12 15:16:19
12152,273,591,view,2025-07-12 18:36:52
12153,21,591,like,2025-07-12 15:06:05
12154,269,591,follow,2025-07-12 15:46:51
12155,144,591,view,2025-07-12 15:04:37
12156,174,591,view,2025-07-12 17:27:14
12157,42,591,follow,2025-07-12 16:02:44
12158,30,591,like,2025-07-12 15:27:51
12159,89,591,view,2025-07-12 15:36:31
12160,214,591,follow,2025-07-12 15:16:36
12161,210,591,like,2025-07-12 15:05:10
12162,40,591,view,2025-07-12 15:30:52
12163,97,591,follow,2025-07-12 16:55:02
12164,137,591,view,2025-07-12 15:09:32
12165,110,591,view,2025-07-12 16:00:51
12166,275,591,like,2025-07-12 16:17:51
12167,58,591,view,2025-07-12 16:01:02
12168,171,591,like,2025-07-12 15:32:05
12169,12,591,like,2025-07-12 17:28:14
12170,40,591,like,2025-07-12 16:59:51
12171,50,591,like,2025-07-12 16:17:36
12172,138,591,view,2025-07-12 15:08:53
12173,156,591,view,2025-07-12 15:46:43
12174,32,591,view,2025-07-12 16:33:19
12175,289,591,view,2025-07-12 16:13:02
12176,255,591,view,2025-07-12 16:21:11
12177,107,591,follow,2025-07-12 15:16:34
12178,174,591,view,2025-07-12 14:58:08
12179,38,591,view,2025-07-12 16:14:50
12180,117,591,view,2025-07-12 15:44:57
12181,163,591,view,2025-07-12 15:34:59
12182,246,591,view,2025-07-12 17:08:48
12183,128,591,like,2025-07-12 17:18:53
12184,288,591,like,2025-07-12 15:47:09
12185,123,591,like,2025-07-12 15:24:41
12186,172,592,view,2025-04-25 01:33:34
12187,25,592,view,2025-04-25 01:12:11
12188,243,592,like,2025-04-25 02:39:03
12189,273,592,view,2025-04-25 02:48:50
12190,209,592,view,2025-04-25 02:13:17
12191,248,592,like,2025-04-25 02:07:58
12192,102,592,view,2025-04-25 02:38:33
12193,140,592,follow,2025-04-25 01:59:12
12194,192,592,view,2025-04-25 01:14:23
12195,32,592,follow,2025-04-25 01:50:51
12196,251,592,view,2025-04-25 02:23:35
12197,79,592,view,2025-04-25 01:14:21
12198,135,592,like,2025-04-25 01:08:13
12199,20,592,view,2025-04-25 01:08:03
12200,164,592,view,2025-04-25 04:24:58
12201,228,592,view,2025-04-25 04:02:21
12202,185,592,view,2025-04-25 01:12:19
12203,12,592,like,2025-04-25 01:45:56
12204,104,592,view,2025-04-25 01:29:27
12205,263,592,like,2025-04-25 03:31:07
12206,8,592,view,2025-04-25 04:09:09
12207,40,592,view,2025-04-25 01:12:08
12208,231,592,view,2025-04-25 02:44:04
12209,279,592,like,2025-04-25 01:25:11
12210,221,592,like,2025-04-25 01:36:32
12211,188,592,view,2025-04-25 03:20:39
12212,237,592,like,2025-04-25 01:18:54
12213,249,592,view,2025-04-25 01:34:43
12214,42,592,like,2025-04-25 02:03:34
12215,108,593,like,2025-05-15 16:03:35
12216,300,593,view,2025-05-15 16:27:26
12217,115,593,follow,2025-05-15 16:24:03
12218,25,593,like,2025-05-15 16:12:29
12219,267,593,like,2025-05-15 15:57:43
12220,163,593,view,2025-05-15 16:04:31
12221,213,593,view,2025-05-15 17:13:47
12222,82,593,view,2025-05-15 17:54:33
12223,101,593,view,2025-05-15 17:57:45
12224,16,593,like,2025-05-15 16:00:31
12225,151,593,view,2025-05-15 16:16:38
12226,172,593,like,2025-05-15 17:25:28
12227,248,593,follow,2025-05-15 17:54:53
12228,60,593,view,2025-05-15 17:21:21
12229,107,593,follow,2025-05-15 16:18:53
12230,44,593,view,2025-05-15 18:51:13
12231,97,593,view,2025-05-15 18:15:13
12232,160,593,follow,2025-05-15 16:42:32
12233,171,593,view,2025-05-15 16:00:48
12234,198,593,view,2025-05-15 16:14:06
12235,146,593,follow,2025-05-15 16:11:21
12236,11,593,follow,2025-05-15 16:39:03
12237,4,593,follow,2025-05-15 15:58:13
12238,93,593,view,2025-05-15 16:40:10
12239,26,593,view,2025-05-15 15:48:29
12240,284,593,like,2025-05-15 15:49:38
12241,192,593,view,2025-05-15 16:00:38
12242,66,593,view,2025-05-15 17:27:47
12243,100,593,follow,2025-05-15 16:14:47
12244,279,594,view,2025-04-15 13:15:48
12245,109,594,view,2025-04-15 12:38:32
12246,283,594,like,2025-04-15 12:27:04
12247,84,594,like,2025-04-15 11:55:33
12248,39,594,view,2025-04-15 12:00:54
12249,132,594,follow,2025-04-15 14:15:58
12250,92,594,like,2025-04-15 12:07:51
12251,90,594,view,2025-04-15 11:52:37
12252,85,594,view,2025-04-15 14:46:05
12253,64,594,like,2025-04-15 12:57:13
12254,60,594,like,2025-04-15 12:18:57
12255,147,594,like,2025-04-15 11:54:01
12256,233,594,follow,2025-04-15 11:56:00
12257,157,594,follow,2025-04-15 12:23:23
12258,9,594,view,2025-04-15 12:06:05
12259,83,594,view,2025-04-15 13:53:54
12260,279,594,view,2025-04-15 14:32:54
12261,252,595,view,2025-05-23 10:59:49
12262,109,595,follow,2025-05-23 12:12:37
12263,146,595,follow,2025-05-23 11:19:43
12264,245,595,like,2025-05-23 12:03:24
12265,167,595,view,2025-05-23 11:08:52
12266,12,595,follow,2025-05-23 10:55:13
12267,284,595,view,2025-05-23 11:14:20
12268,268,595,view,2025-05-23 11:39:03
12269,31,595,like,2025-05-23 11:23:49
12270,292,595,like,2025-05-23 10:57:27
12271,288,595,view,2025-05-23 13:29:30
12272,260,595,view,2025-05-23 11:03:16
12273,61,595,view,2025-05-23 11:36:33
12274,17,595,view,2025-05-23 11:55:23
12275,189,595,like,2025-05-23 11:14:21
12276,155,595,view,2025-05-23 11:57:59
12277,62,596,view,2025-04-21 21:02:26
12278,195,596,view,2025-04-21 22:00:11
12279,196,596,view,2025-04-21 22:44:54
12280,105,596,view,2025-04-21 22:35:21
12281,59,596,view,2025-04-21 20:56:06
12282,36,596,view,2025-04-21 22:51:54
12283,18,596,view,2025-04-21 22:49:05
12284,63,596,like,2025-04-21 20:49:36
12285,297,596,view,2025-04-21 22:54:32
12286,247,596,view,2025-04-21 21:49:27
12287,18,596,follow,2025-04-21 20:52:01
12288,93,596,like,2025-04-21 23:44:42
12289,249,596,view,2025-04-21 23:53:24
12290,4,596,view,2025-04-21 21:41:15
12291,249,597,view,2025-09-02 10:46:38
12292,281,597,view,2025-09-02 09:49:55
12293,30,597,view,2025-09-02 10:25:38
12294,32,597,view,2025-09-02 10:06:05
12295,280,597,view,2025-09-02 10:03:38
12296,175,597,view,2025-09-02 10:48:32
12297,116,597,view,2025-09-02 12:03:30
12298,108,597,view,2025-09-02 09:59:13
12299,269,597,view,2025-09-02 10:22:56
12300,84,597,view,2025-09-02 10:10:57
12301,105,597,view,2025-09-02 09:44:39
12302,92,597,follow,2025-09-02 10:37:28
12303,103,597,view,2025-09-02 09:45:44
12304,112,597,view,2025-09-02 12:40:27
12305,235,597,view,2025-09-02 09:44:15
12306,208,597,like,2025-09-02 09:56:05
12307,142,597,view,2025-09-02 10:38:13
12308,118,597,view,2025-09-02 10:00:39
12309,197,597,view,2025-09-02 10:46:55
12310,55,597,view,2025-09-02 09:56:16
12311,39,597,view,2025-09-02 10:25:26
12312,72,597,view,2025-09-02 09:53:43
12313,199,597,view,2025-09-02 09:54:07
12314,144,597,view,2025-09-02 10:42:11
12315,50,597,follow,2025-09-02 10:27:56
12316,171,598,view,2025-06-03 12:05:59
12317,280,598,like,2025-06-03 10:22:37
12318,37,598,view,2025-06-03 10:19:57
12319,36,598,like,2025-06-03 11:16:50
12320,81,598,view,2025-06-03 11:27:11
12321,136,598,like,2025-06-03 12:27:04
12322,300,598,like,2025-06-03 10:57:07
12323,242,598,view,2025-06-03 10:32:17
12324,166,598,follow,2025-06-03 10:22:07
12325,84,598,view,2025-06-03 11:51:51
12326,13,598,view,2025-06-03 10:46:34
12327,143,598,like,2025-06-03 13:29:29
12328,147,598,view,2025-06-03 10:30:13
12329,72,598,like,2025-06-03 10:41:32
12330,228,598,view,2025-06-03 11:26:21
12331,241,598,view,2025-06-03 12:46:44
12332,23,598,like,2025-06-03 11:01:33
12333,278,598,like,2025-06-03 11:01:22
12334,72,598,like,2025-06-03 11:43:39
12335,3,598,like,2025-06-03 11:45:53
12336,13,598,like,2025-06-03 11:42:33
12337,54,598,view,2025-06-03 11:42:00
12338,213,598,follow,2025-06-03 12:30:44
12339,279,598,view,2025-06-03 11:22:32
12340,57,598,like,2025-06-03 11:04:14
12341,167,598,follow,2025-06-03 11:16:42
12342,159,598,view,2025-06-03 11:19:40
12343,11,598,like,2025-06-03 12:55:47
12344,121,598,follow,2025-06-03 10:56:04
12345,136,598,view,2025-06-03 12:18:18
12346,156,598,view,2025-06-03 13:28:56
12347,69,598,view,2025-06-03 10:18:09
12348,256,598,view,2025-06-03 13:35:19
12349,166,598,view,2025-06-03 10:38:47
12350,13,599,follow,2025-01-03 17:41:47
12351,261,599,view,2025-01-03 18:33:39
12352,158,599,view,2025-01-03 19:31:17
12353,169,599,view,2025-01-03 18:58:12
12354,38,599,view,2025-01-03 18:46:08
12355,103,599,view,2025-01-03 19:02:53
12356,280,599,follow,2025-01-03 18:34:48
12357,127,599,view,2025-01-03 19:06:57
12358,152,599,view,2025-01-03 18:05:48
12359,225,599,view,2025-01-03 19:11:57
12360,131,599,view,2025-01-03 17:40:46
12361,162,599,view,2025-01-03 18:06:58
12362,259,599,view,2025-01-03 18:01:26
12363,6,599,view,2025-01-03 18:10:59
12364,285,599,view,2025-01-03 18:07:39
12365,252,599,like,2025-01-03 20:33:13
12366,115,599,view,2025-01-03 18:08:15
12367,228,599,like,2025-01-03 17:44:03
12368,87,599,like,2025-01-03 18:20:29
12369,55,599,view,2025-01-03 19:14:11
12370,194,599,follow,2025-01-03 17:53:30
12371,295,600,like,2025-06-13 23:53:56
12372,85,600,like,2025-06-13 22:15:27
12373,69,600,view,2025-06-13 23:55:45
12374,224,600,follow,2025-06-14 01:04:33
12375,91,600,view,2025-06-13 22:14:04
12376,164,600,view,2025-06-13 22:31:36
12377,60,600,view,2025-06-13 22:38:34
12378,226,600,like,2025-06-13 23:50:08
12379,189,600,view,2025-06-13 22:14:00
12380,296,600,view,2025-06-14 01:20:59
12381,87,600,view,2025-06-13 23:02:35
12382,29,600,view,2025-06-13 22:18:00
12383,135,600,follow,2025-06-13 23:30:44
12384,233,600,like,2025-06-14 00:52:16
12385,16,600,follow,2025-06-13 22:41:09
12386,265,600,follow,2025-06-13 23:19:56
12387,16,600,view,2025-06-13 22:26:32
12388,185,600,follow,2025-06-14 00:00:29
12389,48,601,like,2025-04-19 21:11:24
12390,267,601,follow,2025-04-19 22:33:57
12391,236,601,view,2025-04-19 22:19:29
12392,19,601,like,2025-04-19 21:54:40
12393,84,601,follow,2025-04-19 21:38:09
12394,206,601,view,2025-04-19 21:33:32
12395,231,601,like,2025-04-19 21:30:29
12396,129,601,view,2025-04-19 22:15:52
12397,291,601,view,2025-04-19 23:14:11
12398,176,601,view,2025-04-19 22:14:08
12399,121,601,view,2025-04-19 21:48:59
12400,71,601,view,2025-04-19 22:46:19
12401,183,601,view,2025-04-19 21:22:20
12402,54,602,like,2025-04-18 14:19:32
12403,4,602,view,2025-04-18 13:12:58
12404,183,602,like,2025-04-18 13:45:42
12405,144,602,follow,2025-04-18 13:40:19
12406,73,602,follow,2025-04-18 14:07:49
12407,250,602,view,2025-04-18 14:01:05
12408,16,602,view,2025-04-18 13:10:49
12409,241,602,view,2025-04-18 14:57:08
12410,264,602,like,2025-04-18 13:42:42
12411,265,602,view,2025-04-18 16:16:30
12412,281,602,view,2025-04-18 13:20:24
12413,197,602,view,2025-04-18 13:47:19
12414,72,602,view,2025-04-18 14:01:29
12415,67,602,follow,2025-04-18 13:08:13
12416,87,602,view,2025-04-18 13:50:28
12417,110,602,like,2025-04-18 15:26:05
12418,46,602,view,2025-04-18 13:55:35
12419,274,602,like,2025-04-18 14:40:04
12420,283,602,follow,2025-04-18 13:16:44
12421,171,602,view,2025-04-18 13:13:26
12422,35,602,view,2025-04-18 13:32:55
12423,202,602,like,2025-04-18 13:20:50
12424,75,602,view,2025-04-18 13:18:44
12425,13,602,like,2025-04-18 13:12:44
12426,147,602,view,2025-04-18 13:20:26
12427,250,602,like,2025-04-18 13:28:21
